  0
SECTION
  2
HEADER
  9
$ACADVER
  1
AC1027
  9
$ACADMAINTVER
 70
105
  9
$DWGCODEPAGE
  3
ANSI_1252
  9
$LASTSAVEDBY
  1
Malek
  9
$REQUIREDVERSIONS
160
0
  9
$INSBASE
 10
0.0
 20
0.0
 30
0.0
  9
$EXTMIN
 10
67.29
 20
10.6
 30
0.0
  9
$EXTMAX
 10
144.9621639317923
 20
37.20734058302111
 30
0.0
  9
$LIMMIN
 10
0.0
 20
0.0
  9
$LIMMAX
 10
12.0
 20
9.0
  9
$ORTHOMODE
 70
1
  9
$REGENMODE
 70
1
  9
$FILLMODE
 70
1
  9
$QTEXTMODE
 70
0
  9
$MIRRTEXT
 70
0
  9
$LTSCALE
 40
1.0
  9
$ATTMODE
 70
1
  9
$TEXTSIZE
 40
0.2
  9
$TRACEWID
 40
0.05
  9
$TEXTSTYLE
  7
Standard
  9
$CLAYER
  8
0
  9
$CELTYPE
  6
ByLayer
  9
$CECOLOR
 62
256
  9
$CELTSCALE
 40
1.0
  9
$DISPSILH
 70
0
  9
$DIMSCALE
 40
1.0
  9
$DIMASZ
 40
0.18
  9
$DIMEXO
 40
0.0625
  9
$DIMDLI
 40
0.38
  9
$DIMRND
 40
0.0
  9
$DIMDLE
 40
0.0
  9
$DIMEXE
 40
0.18
  9
$DIMTP
 40
0.0
  9
$DIMTM
 40
0.0
  9
$DIMTXT
 40
0.18
  9
$DIMCEN
 40
0.09
  9
$DIMTSZ
 40
0.0
  9
$DIMTOL
 70
0
  9
$DIMLIM
 70
0
  9
$DIMTIH
 70
1
  9
$DIMTOH
 70
1
  9
$DIMSE1
 70
0
  9
$DIMSE2
 70
0
  9
$DIMTAD
 70
0
  9
$DIMZIN
 70
0
  9
$DIMBLK
  1

  9
$DIMASO
 70
1
  9
$DIMSHO
 70
1
  9
$DIMPOST
  1

  9
$DIMAPOST
  1

  9
$DIMALT
 70
0
  9
$DIMALTD
 70
2
  9
$DIMALTF
 40
25.4
  9
$DIMLFAC
 40
1.0
  9
$DIMTOFL
 70
0
  9
$DIMTVP
 40
0.0
  9
$DIMTIX
 70
0
  9
$DIMSOXD
 70
0
  9
$DIMSAH
 70
0
  9
$DIMBLK1
  1

  9
$DIMBLK2
  1

  9
$DIMSTYLE
  2
Standard
  9
$DIMCLRD
 70
0
  9
$DIMCLRE
 70
0
  9
$DIMCLRT
 70
0
  9
$DIMTFAC
 40
1.0
  9
$DIMGAP
 40
0.09
  9
$DIMJUST
 70
0
  9
$DIMSD1
 70
0
  9
$DIMSD2
 70
0
  9
$DIMTOLJ
 70
1
  9
$DIMTZIN
 70
0
  9
$DIMALTZ
 70
0
  9
$DIMALTTZ
 70
0
  9
$DIMUPT
 70
0
  9
$DIMDEC
 70
4
  9
$DIMTDEC
 70
4
  9
$DIMALTU
 70
2
  9
$DIMALTTD
 70
2
  9
$DIMTXSTY
  7
Standard
  9
$DIMAUNIT
 70
0
  9
$DIMADEC
 70
0
  9
$DIMALTRND
 40
0.0
  9
$DIMAZIN
 70
0
  9
$DIMDSEP
 70
46
  9
$DIMATFIT
 70
3
  9
$DIMFRAC
 70
0
  9
$DIMLDRBLK
  1

  9
$DIMLUNIT
 70
2
  9
$DIMLWD
 70
-2
  9
$DIMLWE
 70
-2
  9
$DIMTMOVE
 70
0
  9
$DIMFXL
 40
1.0
  9
$DIMFXLON
 70
0
  9
$DIMJOGANG
 40
0.7853981633974483
  9
$DIMTFILL
 70
0
  9
$DIMTFILLCLR
 70
0
  9
$DIMARCSYM
 70
0
  9
$DIMLTYPE
  6

  9
$DIMLTEX1
  6

  9
$DIMLTEX2
  6

  9
$DIMTXTDIRECTION
 70
0
  9
$LUNITS
 70
2
  9
$LUPREC
 70
4
  9
$SKETCHINC
 40
0.1
  9
$FILLETRAD
 40
0.0
  9
$AUNITS
 70
0
  9
$AUPREC
 70
0
  9
$MENU
  1
.
  9
$ELEVATION
 40
0.0
  9
$PELEVATION
 40
0.0
  9
$THICKNESS
 40
0.0
  9
$LIMCHECK
 70
0
  9
$CHAMFERA
 40
0.0
  9
$CHAMFERB
 40
0.0
  9
$CHAMFERC
 40
0.0
  9
$CHAMFERD
 40
0.0
  9
$SKPOLY
 70
0
  9
$TDCREATE
 40
2461311.7864814815
  9
$TDUCREATE
 40
2461311.74900463
  9
$TDUPDATE
 40
2461311.7864814815
  9
$TDUUPDATE
 40
2461311.773553241
  9
$TDINDWG
 40
0.0245486111
  9
$TDUSRTIMER
 40
0.0245486111
  9
$USRTIMER
 70
1
  9
$ANGBASE
 50
0.0
  9
$ANGDIR
 70
0
  9
$PDMODE
 70
0
  9
$PDSIZE
 40
0.0
  9
$PLINEWID
 40
0.0
  9
$SPLFRAME
 70
0
  9
$SPLINETYPE
 70
6
  9
$SPLINESEGS
 70
8
  9
$HANDSEED
  5
11BF
  9
$SURFTAB1
 70
6
  9
$SURFTAB2
 70
6
  9
$SURFTYPE
 70
6
  9
$SURFU
 70
6
  9
$SURFV
 70
6
  9
$UCSBASE
  2

  9
$UCSNAME
  2

  9
$UCSORG
 10
0.0
 20
0.0
 30
0.0
  9
$UCSXDIR
 10
1.0
 20
0.0
 30
0.0
  9
$UCSYDIR
 10
0.0
 20
1.0
 30
0.0
  9
$UCSORTHOREF
  2

  9
$UCSORTHOVIEW
 70
0
  9
$UCSORGTOP
 10
0.0
 20
0.0
 30
0.0
  9
$UCSORGBOTTOM
 10
0.0
 20
0.0
 30
0.0
  9
$UCSORGLEFT
 10
0.0
 20
0.0
 30
0.0
  9
$UCSORGRIGHT
 10
0.0
 20
0.0
 30
0.0
  9
$UCSORGFRONT
 10
0.0
 20
0.0
 30
0.0
  9
$UCSORGBACK
 10
0.0
 20
0.0
 30
0.0
  9
$PUCSBASE
  2

  9
$PUCSNAME
  2

  9
$PUCSORG
 10
0.0
 20
0.0
 30
0.0
  9
$PUCSXDIR
 10
1.0
 20
0.0
 30
0.0
  9
$PUCSYDIR
 10
0.0
 20
1.0
 30
0.0
  9
$PUCSORTHOREF
  2

  9
$PUCSORTHOVIEW
 70
0
  9
$PUCSORGTOP
 10
0.0
 20
0.0
 30
0.0
  9
$PUCSORGBOTTOM
 10
0.0
 20
0.0
 30
0.0
  9
$PUCSORGLEFT
 10
0.0
 20
0.0
 30
0.0
  9
$PUCSORGRIGHT
 10
0.0
 20
0.0
 30
0.0
  9
$PUCSORGFRONT
 10
0.0
 20
0.0
 30
0.0
  9
$PUCSORGBACK
 10
0.0
 20
0.0
 30
0.0
  9
$USERI1
 70
0
  9
$USERI2
 70
0
  9
$USERI3
 70
0
  9
$USERI4
 70
0
  9
$USERI5
 70
0
  9
$USERR1
 40
0.0
  9
$USERR2
 40
0.0
  9
$USERR3
 40
0.0
  9
$USERR4
 40
0.0
  9
$USERR5
 40
0.0
  9
$WORLDVIEW
 70
1
  9
$SHADEDGE
 70
3
  9
$SHADEDIF
 70
70
  9
$TILEMODE
 70
1
  9
$MAXACTVP
 70
64
  9
$PINSBASE
 10
0.0
 20
0.0
 30
0.0
  9
$PLIMCHECK
 70
0
  9
$PEXTMIN
 10
0.0
 20
0.0
 30
0.0
  9
$PEXTMAX
 10
0.0
 20
0.0
 30
0.0
  9
$PLIMMIN
 10
0.0
 20
0.0
  9
$PLIMMAX
 10
12.0
 20
9.0
  9
$UNITMODE
 70
0
  9
$VISRETAIN
 70
1
  9
$PLINEGEN
 70
0
  9
$PSLTSCALE
 70
1
  9
$TREEDEPTH
 70
3020
  9
$CMLSTYLE
  2
Standard
  9
$CMLJUST
 70
0
  9
$CMLSCALE
 40
1.0
  9
$PROXYGRAPHICS
 70
1
  9
$MEASUREMENT
 70
0
  9
$CELWEIGHT
370
-1
  9
$ENDCAPS
280
0
  9
$JOINSTYLE
280
0
  9
$LWDISPLAY
290
0
  9
$INSUNITS
 70
1
  9
$HYPERLINKBASE
  1

  9
$STYLESHEET
  1

  9
$XEDIT
290
1
  9
$CEPSNTYPE
380
0
  9
$PSTYLEMODE
290
1
  9
$FINGERPRINTGUID
  2
{3CD847BA-C61B-6D47-9435-0405847E0A51}
  9
$VERSIONGUID
  2
{36866C77-C24D-4F6B-8C7A-7946F2A34C65}
  9
$EXTNAMES
290
1
  9
$PSVPSCALE
 40
0.0
  9
$OLESTARTUP
290
0
  9
$SORTENTS
280
127
  9
$INDEXCTL
280
0
  9
$HIDETEXT
280
1
  9
$XCLIPFRAME
280
2
  9
$HALOGAP
280
0
  9
$OBSCOLOR
 70
257
  9
$OBSLTYPE
280
0
  9
$INTERSECTIONDISPLAY
280
0
  9
$INTERSECTIONCOLOR
 70
257
  9
$DIMASSOC
280
2
  9
$PROJECTNAME
  1

  9
$CAMERADISPLAY
290
0
  9
$LENSLENGTH
 40
50.0
  9
$CAMERAHEIGHT
 40
0.0
  9
$STEPSPERSEC
 40
2.0
  9
$STEPSIZE
 40
6.0
  9
$3DDWFPREC
 40
2.0
  9
$PSOLWIDTH
 40
0.25
  9
$PSOLHEIGHT
 40
4.0
  9
$LOFTANG1
 40
1.570796326794896
  9
$LOFTANG2
 40
1.570796326794896
  9
$LOFTMAG1
 40
0.0
  9
$LOFTMAG2
 40
0.0
  9
$LOFTPARAM
 70
7
  9
$LOFTNORMALS
280
1
  9
$LATITUDE
 40
37.795
  9
$LONGITUDE
 40
-122.394
  9
$NORTHDIRECTION
 40
0.0
  9
$TIMEZONE
 70
-8000
  9
$LIGHTGLYPHDISPLAY
280
1
  9
$TILEMODELIGHTSYNCH
280
1
  9
$CMATERIAL
347
96
  9
$SOLIDHIST
280
0
  9
$SHOWHIST
280
1
  9
$DWFFRAME
280
2
  9
$DGNFRAME
280
0
  9
$REALWORLDSCALE
290
1
  9
$INTERFERECOLOR
 62
1
  9
$INTERFEREOBJVS
345
A3
  9
$INTERFEREVPVS
346
A0
  9
$CSHADOW
280
0
  9
$SHADOWPLANELOCATION
 40
0.0
  0
ENDSEC
  0
SECTION
  2
CLASSES
  0
CLASS
  1
ACDBDICTIONARYWDFLT
  2
AcDbDictionaryWithDefault
  3
ObjectDBX Classes
 90
0
 91
1
280
0
281
0
  0
CLASS
  1
DICTIONARYVAR
  2
AcDbDictionaryVar
  3
ObjectDBX Classes
 90
0
 91
9
280
0
281
0
  0
CLASS
  1
TABLESTYLE
  2
AcDbTableStyle
  3
ObjectDBX Classes
 90
4095
 91
1
280
0
281
0
  0
CLASS
  1
MATERIAL
  2
AcDbMaterial
  3
ObjectDBX Classes
 90
1153
 91
3
280
0
281
0
  0
CLASS
  1
VISUALSTYLE
  2
AcDbVisualStyle
  3
ObjectDBX Classes
 90
4095
 91
24
280
0
281
0
  0
CLASS
  1
SCALE
  2
AcDbScale
  3
ObjectDBX Classes
 90
1153
 91
33
280
0
281
0
  0
CLASS
  1
MLEADERSTYLE
  2
AcDbMLeaderStyle
  3
ACDB_MLEADERSTYLE_CLASS
 90
4095
 91
2
280
0
281
0
  0
CLASS
  1
CELLSTYLEMAP
  2
AcDbCellStyleMap
  3
ObjectDBX Classes
 90
1152
 91
2
280
0
281
0
  0
CLASS
  1
EXACXREFPANELOBJECT
  2
ExAcXREFPanelObject
  3
EXAC_ESW
 90
1025
 91
0
280
0
281
0
  0
CLASS
  1
NPOCOLLECTION
  2
AcDbImpNonPersistentObjectsCollection
  3
ObjectDBX Classes
 90
1153
 91
0
280
0
281
0
  0
CLASS
  1
LAYER_INDEX
  2
AcDbLayerIndex
  3
ObjectDBX Classes
 90
0
 91
0
280
0
281
0
  0
CLASS
  1
SPATIAL_INDEX
  2
AcDbSpatialIndex
  3
ObjectDBX Classes
 90
0
 91
0
280
0
281
0
  0
CLASS
  1
IDBUFFER
  2
AcDbIdBuffer
  3
ObjectDBX Classes
 90
0
 91
0
280
0
281
0
  0
CLASS
  1
ACDBSECTIONVIEWSTYLE
  2
AcDbSectionViewStyle
  3
ObjectDBX Classes
 90
1025
 91
1
280
0
281
0
  0
CLASS
  1
ACDBDETAILVIEWSTYLE
  2
AcDbDetailViewStyle
  3
ObjectDBX Classes
 90
1025
 91
1
280
0
281
0
  0
CLASS
  1
DIMASSOC
  2
AcDbDimAssoc
  3
"AcDbDimAssoc|Product Desc:     AcDim ARX App For Dimension|Company:          Autodesk, Inc.|WEB Address:      www.autodesk.com"
 90
0
 91
67
280
0
281
0
  0
CLASS
  1
ACDBASSOC2DCONSTRAINTGROUP
  2
AcDbAssoc2dConstraintGroup
  3
ObjectDBX Classes
 90
1025
 91
3
280
0
281
0
  0
CLASS
  1
ACDBASSOCGEOMDEPENDENCY
  2
AcDbAssocGeomDependency
  3
ObjectDBX Classes
 90
1025
 91
9
280
0
281
0
  0
CLASS
  1
ACDBASSOCNETWORK
  2
AcDbAssocNetwork
  3
ObjectDBX Classes
 90
1025
 91
3
280
0
281
0
  0
CLASS
  1
SUN
  2
AcDbSun
  3
SCENEOE
 90
1153
 91
0
280
0
281
0
  0
CLASS
  1
MENTALRAYRENDERSETTINGS
  2
AcDbMentalRayRenderSettings
  3
SCENEOE
 90
1024
 91
0
280
0
281
0
  0
CLASS
  1
RASTERVARIABLES
  2
AcDbRasterVariables
  3
ISM
 90
0
 91
0
280
0
281
0
  0
CLASS
  1
ACDBPLACEHOLDER
  2
AcDbPlaceHolder
  3
ObjectDBX Classes
 90
0
 91
0
280
0
281
0
  0
CLASS
  1
LAYOUT
  2
AcDbLayout
  3
ObjectDBX Classes
 90
0
 91
0
280
0
281
0
  0
ENDSEC
  0
SECTION
  2
TABLES
  0
TABLE
  2
VPORT
  5
8
330
0
100
AcDbSymbolTable
 70
1
  0
VPORT
  5
94
330
8
100
AcDbSymbolTableRecord
100
AcDbViewportTableRecord
  2
*Active
 70
0
 10
0.0
 20
0.0
 11
1.0
 21
1.0
 12
107.6325894776879
 22
29.44072859036921
 13
0.0
 23
0.0
 14
0.5
 24
0.5
 15
0.5
 25
0.5
 16
0.0
 26
0.0
 36
1.0
 17
0.0
 27
0.0
 37
0.0
 40
51.60700841896236
 41
2.172532188841201
 42
50.0
 43
0.0
 44
0.0
 50
0.0
 51
0.0
 71
0
 72
1000
 73
1
 74
3
 75
0
 76
1
 77
0
 78
0
281
0
 65
1
110
0.0
120
0.0
130
0.0
111
1.0
121
0.0
131
0.0
112
0.0
122
1.0
132
0.0
 79
0
146
0.0
 60
3
 61
5
348
9F
292
1
282
1
141
0.0
142
0.0
 63
250
421
3355443
1001
ACAD_NAV_VCDISPLAY
1070
3
  0
ENDTAB
  0
TABLE
  2
LTYPE
  5
5
330
0
100
AcDbSymbolTable
 70
3
  0
LTYPE
  5
14
330
5
100
AcDbSymbolTableRecord
100
AcDbLinetypeTableRecord
  2
ByBlock
 70
0
  3

 72
65
 73
0
 40
0.0
  0
LTYPE
  5
15
330
5
100
AcDbSymbolTableRecord
100
AcDbLinetypeTableRecord
  2
ByLayer
 70
0
  3

 72
65
 73
0
 40
0.0
  0
LTYPE
  5
16
330
5
100
AcDbSymbolTableRecord
100
AcDbLinetypeTableRecord
  2
Continuous
 70
0
  3
Solid line
 72
65
 73
0
 40
0.0
  0
ENDTAB
  0
TABLE
  2
LAYER
  5
2
102
{ACAD_XDICTIONARY
360
18E
102
}
330
0
100
AcDbSymbolTable
 70
21
  0
LAYER
  5
10
102
{ACAD_XDICTIONARY
360
E6
102
}
330
2
100
AcDbSymbolTableRecord
100
AcDbLayerTableRecord
  2
0
 70
0
 62
7
  6
Continuous
370
-3
390
F
347
98
348
0
  0
LAYER
  5
3AB
102
{ACAD_XDICTIONARY
360
3AC
102
}
330
2
100
AcDbSymbolTableRecord
100
AcDbLayerTableRecord
  2
dimition
 70
0
 62
252
  6
Continuous
370
0
390
F
347
98
348
0
  0
LAYER
  5
3AD
330
2
100
AcDbSymbolTableRecord
100
AcDbLayerTableRecord
  2
wall
 70
0
 62
251
  6
Continuous
370
60
390
F
347
98
348
0
1001
AcAecLayerStandard
1000

1000

1001
AcCmTransparency
1071
0
  0
LAYER
  5
3AE
330
2
100
AcDbSymbolTableRecord
100
AcDbLayerTableRecord
  2
Defpoints
 70
0
 62
7
  6
Continuous
290
0
370
-3
390
F
347
98
348
0
  0
LAYER
  5
3AF
102
{ACAD_XDICTIONARY
360
3B0
102
}
330
2
100
AcDbSymbolTableRecord
100
AcDbLayerTableRecord
  2
door
 70
0
 62
251
420
6251860
  6
Continuous
370
9
390
F
347
98
348
0
1001
AcAecLayerStandard
1000

1000

  0
LAYER
  5
3B1
102
{ACAD_XDICTIONARY
360
3B2
102
}
330
2
100
AcDbSymbolTableRecord
100
AcDbLayerTableRecord
  2
WINDOW
 70
0
 62
253
  6
Continuous
370
-3
390
F
347
98
348
0
  0
LAYER
  5
3B3
330
2
100
AcDbSymbolTableRecord
100
AcDbLayerTableRecord
  2
hach
 70
0
 62
252
  6
Continuous
370
13
390
F
347
98
348
0
1001
AcAecLayerStandard
1000

1000

  0
LAYER
  5
3B4
330
2
100
AcDbSymbolTableRecord
100
AcDbLayerTableRecord
  2
wall cut
 70
0
 62
7
  6
Continuous
370
-3
390
F
347
98
348
0
1001
AcAecLayerStandard
1000

1000

  0
LAYER
  5
3B5
330
2
100
AcDbSymbolTableRecord
100
AcDbLayerTableRecord
  2
glass
 70
0
 62
134
  6
Continuous
370
20
390
F
347
98
348
0
1001
AcAecLayerStandard
1000

1000

  0
LAYER
  5
3B6
102
{ACAD_XDICTIONARY
360
3B7
102
}
330
2
100
AcDbSymbolTableRecord
100
AcDbLayerTableRecord
  2
Dimention
 70
0
 62
152
  6
Continuous
370
-3
390
F
347
98
348
0
  0
LAYER
  5
3B8
102
{ACAD_XDICTIONARY
360
3B9
102
}
330
2
100
AcDbSymbolTableRecord
100
AcDbLayerTableRecord
  2
DIM-IN
 70
0
 62
1
  6
Continuous
370
-3
390
F
347
98
348
0
  0
LAYER
  5
3BA
330
2
100
AcDbSymbolTableRecord
100
AcDbLayerTableRecord
  2
ST
 70
0
 62
63
  6
Continuous
370
-3
390
F
347
98
348
0
  0
LAYER
  5
103C
330
2
100
AcDbSymbolTableRecord
100
AcDbLayerTableRecord
  2
ARCH-WALL
 70
0
 62
8
  6
Continuous
370
-3
390
F
347
98
  0
LAYER
  5
103D
330
2
100
AcDbSymbolTableRecord
100
AcDbLayerTableRecord
  2
ARCH-WALL-HATCH
 70
0
 62
9
  6
Continuous
370
-3
390
F
347
98
  0
LAYER
  5
103E
330
2
100
AcDbSymbolTableRecord
100
AcDbLayerTableRecord
  2
ARCH-STAIR
 70
0
 62
8
  6
Continuous
370
-3
390
F
347
98
  0
LAYER
  5
103F
330
2
100
AcDbSymbolTableRecord
100
AcDbLayerTableRecord
  2
ARCH-STAIR-PATH
 70
0
 62
5
  6
Continuous
370
-3
390
F
347
98
  0
LAYER
  5
1040
330
2
100
AcDbSymbolTableRecord
100
AcDbLayerTableRecord
  2
ARCH-RAIL
 70
0
 62
8
  6
Continuous
370
-3
390
F
347
98
  0
LAYER
  5
1041
330
2
100
AcDbSymbolTableRecord
100
AcDbLayerTableRecord
  2
ARCH-FURN
 70
0
 62
8
  6
Continuous
370
-3
390
F
347
98
  0
LAYER
  5
1042
330
2
100
AcDbSymbolTableRecord
100
AcDbLayerTableRecord
  2
ARCH-ELEV
 70
0
 62
8
  6
Continuous
370
-3
390
F
347
98
  0
LAYER
  5
1043
330
2
100
AcDbSymbolTableRecord
100
AcDbLayerTableRecord
  2
ARCH-TEXT
 70
0
 62
5
  6
Continuous
370
-3
390
F
347
98
  0
LAYER
  5
1044
330
2
100
AcDbSymbolTableRecord
100
AcDbLayerTableRecord
  2
ARCH-COLUMN
 70
0
 62
7
  6
Continuous
370
-3
390
F
347
98
  0
ENDTAB
  0
TABLE
  2
STYLE
  5
3
330
0
100
AcDbSymbolTable
 70
2
  0
STYLE
  5
11
330
3
100
AcDbSymbolTableRecord
100
AcDbTextStyleTableRecord
  2
Standard
 70
0
 40
0.0
 41
1.0
 50
0.0
 71
0
 42
0.2
  3
arial.ttf
  4

1001
ACAD
1000
Arial
1071
34
  0
STYLE
  5
DC
330
3
100
AcDbSymbolTableRecord
100
AcDbTextStyleTableRecord
  2
Annotative
 70
0
 40
0.0
 41
1.0
 50
0.0
 71
0
 42
0.2
  3
arial.ttf
  4

1001
AcadAnnotative
1000
AnnotativeData
1002
{
1070
1
1070
1
1002
}
1001
ACAD
1000
Arial
1071
34
  0
ENDTAB
  0
TABLE
  2
VIEW
  5
6
330
0
100
AcDbSymbolTable
 70
0
  0
ENDTAB
  0
TABLE
  2
UCS
  5
7
330
0
100
AcDbSymbolTable
 70
0
  0
ENDTAB
  0
TABLE
  2
APPID
  5
9
330
0
100
AcDbSymbolTable
 70
16
  0
APPID
  5
12
330
9
100
AcDbSymbolTableRecord
100
AcDbRegAppTableRecord
  2
ACAD
 70
0
  0
APPID
  5
DD
330
9
100
AcDbSymbolTableRecord
100
AcDbRegAppTableRecord
  2
AcadAnnoPO
 70
0
  0
APPID
  5
DE
330
9
100
AcDbSymbolTableRecord
100
AcDbRegAppTableRecord
  2
AcadAnnotative
 70
0
  0
APPID
  5
DF
330
9
100
AcDbSymbolTableRecord
100
AcDbRegAppTableRecord
  2
ACAD_DSTYLE_DIMJAG
 70
0
  0
APPID
  5
E0
330
9
100
AcDbSymbolTableRecord
100
AcDbRegAppTableRecord
  2
ACAD_DSTYLE_DIMTALN
 70
0
  0
APPID
  5
107
330
9
100
AcDbSymbolTableRecord
100
AcDbRegAppTableRecord
  2
ACAD_MLEADERVER
 70
0
  0
APPID
  5
1A6
330
9
100
AcDbSymbolTableRecord
100
AcDbRegAppTableRecord
  2
ACAD_NAV_VCDISPLAY
 70
0
  0
APPID
  5
3BC
330
9
100
AcDbSymbolTableRecord
100
AcDbRegAppTableRecord
  2
GradientColor1ACI
 70
0
  0
APPID
  5
3BD
330
9
100
AcDbSymbolTableRecord
100
AcDbRegAppTableRecord
  2
GradientColor2ACI
 70
0
  0
APPID
  5
3BE
330
9
100
AcDbSymbolTableRecord
100
AcDbRegAppTableRecord
  2
AcAecLayerStandard
 70
0
  0
APPID
  5
3BF
330
9
100
AcDbSymbolTableRecord
100
AcDbRegAppTableRecord
  2
AcCmTransparency
 70
0
  0
APPID
  5
3C0
330
9
100
AcDbSymbolTableRecord
100
AcDbRegAppTableRecord
  2
ACAD_DSTYLE_DIMBREAK
 70
0
  0
APPID
  5
3C1
330
9
100
AcDbSymbolTableRecord
100
AcDbRegAppTableRecord
  2
AEC_XDATA_BOUND_SPACE
 70
0
  0
APPID
  5
E14
330
9
100
AcDbSymbolTableRecord
100
AcDbRegAppTableRecord
  2
ACAD_EXEMPT_FROM_CAD_STANDARDS
 70
0
  0
APPID
  5
11BB
330
9
100
AcDbSymbolTableRecord
100
AcDbRegAppTableRecord
  2
HATCHBACKGROUNDCOLOR
 70
0
  0
APPID
  5
11BC
330
9
100
AcDbSymbolTableRecord
100
AcDbRegAppTableRecord
  2
EZDXF
 70
0
  0
ENDTAB
  0
TABLE
  2
DIMSTYLE
  5
A
330
0
100
AcDbSymbolTable
 70
3
100
AcDbDimStyleTable
  0
DIMSTYLE
105
27
102
{ACAD_REACTORS
330
692
330
DD3
330
E2B
330
F0E
330
F28
330
F42
330
F5C
330
F76
330
F90
102
}
330
A
100
AcDbSymbolTableRecord
100
AcDbDimStyleTableRecord
  2
Standard
 70
0
 40
1.0
 41
2.5
 42
0.625
 43
3.75
 44
1.25
 45
0.0
 46
0.0
 47
0.0
 48
0.0
 49
2.5
140
2.5
141
2.5
142
0.0
143
0.03937007874
144
1.0
145
0.0
146
1.0
147
0.625
148
0.0
 69
0
 70
0
 71
0
 72
0
 73
0
 74
0
 75
0
 76
0
 77
1
 78
8
 79
3
170
0
171
3
172
1
173
0
174
0
175
0
176
0
177
0
178
0
179
2
271
2
272
2
273
2
274
3
275
0
276
0
277
2
278
44
279
0
280
0
281
0
282
0
283
0
284
8
285
0
286
0
288
0
289
3
290
0
340
11
371
-2
372
-2
  0
DIMSTYLE
105
E1
330
A
100
AcDbSymbolTableRecord
100
AcDbDimStyleTableRecord
  2
Annotative
 70
0
 40
0.0
 41
2.5
 42
0.625
 43
3.75
 44
1.25
 45
0.0
 46
0.0
 47
0.0
 48
0.0
 49
2.5
140
2.5
141
2.5
142
0.0
143
0.03937007874
144
1.0
145
0.0
146
1.0
147
0.625
148
0.0
 69
0
 70
0
 71
0
 72
0
 73
0
 74
0
 75
0
 76
0
 77
1
 78
8
 79
3
170
0
171
3
172
1
173
0
174
0
175
0
176
0
177
0
178
0
179
2
271
2
272
2
273
2
274
3
275
0
276
0
277
2
278
44
279
0
280
0
281
0
282
0
283
0
284
8
285
0
286
0
288
0
289
3
290
0
340
11
371
-2
372
-2
1001
AcadAnnotative
1000
AnnotativeData
1002
{
1070
1
1070
1
1002
}
1001
ACAD_DSTYLE_DIMJAG
1070
388
1040
1.5
1001
ACAD_DSTYLE_DIMTALN
1070
392
1070
0
  0
DIMSTYLE
105
3BB
102
{ACAD_REACTORS
330
63E
330
641
330
644
330
647
330
64A
330
64D
330
650
330
653
330
656
330
659
330
65C
330
65F
330
662
330
665
330
668
330
66B
330
66E
330
671
330
674
330
677
330
67A
330
67D
330
680
330
683
330
686
330
689
330
68C
330
68F
102
}
330
A
100
AcDbSymbolTableRecord
100
AcDbDimStyleTableRecord
  2
in Dim
 70
0
 40
1.0
 41
0.1
 42
0.4970000000000001
 43
0.01
 44
0.02
 45
0.0
 46
0.0
 47
0.0
 48
0.0
 49
2.5
140
0.3
141
2.5
142
0.0
143
0.03937007874
144
1.0
145
0.0
146
1.0
147
0.625
148
0.0
 69
0
 70
0
 71
0
 72
0
 73
0
 74
0
 75
0
 76
0
 77
1
 78
8
 79
3
170
0
171
3
172
1
173
0
174
0
175
0
176
0
177
0
178
0
179
2
271
2
272
2
273
2
274
3
275
0
276
0
277
2
278
44
279
0
280
0
281
0
282
0
283
0
284
8
285
0
286
0
288
0
289
3
290
0
340
11
341
22E
342
22E
371
-2
372
-2
1001
ACAD_DSTYLE_DIMBREAK
1070
391
1040
0.125
1001
ACAD_DSTYLE_DIMJAG
1070
388
1040
1.5
1001
ACAD_DSTYLE_DIMTALN
1070
392
1070
0
  0
ENDTAB
  0
TABLE
  2
BLOCK_RECORD
  5
1
330
0
100
AcDbSymbolTable
 70
76
  0
BLOCK_RECORD
  5
1F
102
{ACAD_XDICTIONARY
360
15D
102
}
330
1
100
AcDbSymbolTableRecord
100
AcDbBlockTableRecord
  2
*Model_Space
340
22
 70
0
280
1
281
0
  0
BLOCK_RECORD
  5
58
330
1
100
AcDbSymbolTableRecord
100
AcDbBlockTableRecord
  2
*Paper_Space
340
59
 70
0
280
1
281
0
  0
BLOCK_RECORD
  5
5D
330
1
100
AcDbSymbolTableRecord
100
AcDbBlockTableRecord
  2
*Paper_Space0
340
5E
 70
0
280
1
281
0
  0
BLOCK_RECORD
  5
223
330
1
100
AcDbSymbolTableRecord
100
AcDbBlockTableRecord
  2
door
340
0
 70
4
280
1
281
0
  0
BLOCK_RECORD
  5
22E
330
1
100
AcDbSymbolTableRecord
100
AcDbBlockTableRecord
  2
_Oblique
340
0
 70
0
280
1
281
0
  0
BLOCK_RECORD
  5
232
330
1
100
AcDbSymbolTableRecord
100
AcDbBlockTableRecord
  2
*D3
340
0
 70
0
280
1
281
0
  0
BLOCK_RECORD
  5
23F
330
1
100
AcDbSymbolTableRecord
100
AcDbBlockTableRecord
  2
*D4
340
0
 70
0
280
1
281
0
  0
BLOCK_RECORD
  5
24C
330
1
100
AcDbSymbolTableRecord
100
AcDbBlockTableRecord
  2
*D5
340
0
 70
0
280
1
281
0
  0
BLOCK_RECORD
  5
259
330
1
100
AcDbSymbolTableRecord
100
AcDbBlockTableRecord
  2
*D6
340
0
 70
0
280
1
281
0
  0
BLOCK_RECORD
  5
266
330
1
100
AcDbSymbolTableRecord
100
AcDbBlockTableRecord
  2
*D7
340
0
 70
0
280
1
281
0
  0
BLOCK_RECORD
  5
273
330
1
100
AcDbSymbolTableRecord
100
AcDbBlockTableRecord
  2
*D8
340
0
 70
0
280
1
281
0
  0
BLOCK_RECORD
  5
280
330
1
100
AcDbSymbolTableRecord
100
AcDbBlockTableRecord
  2
*D9
340
0
 70
0
280
1
281
0
  0
BLOCK_RECORD
  5
28D
330
1
100
AcDbSymbolTableRecord
100
AcDbBlockTableRecord
  2
*D10
340
0
 70
0
280
1
281
0
  0
BLOCK_RECORD
  5
29A
330
1
100
AcDbSymbolTableRecord
100
AcDbBlockTableRecord
  2
*D11
340
0
 70
0
280
1
281
0
  0
BLOCK_RECORD
  5
2A7
330
1
100
AcDbSymbolTableRecord
100
AcDbBlockTableRecord
  2
*D12
340
0
 70
0
280
1
281
0
  0
BLOCK_RECORD
  5
2B4
330
1
100
AcDbSymbolTableRecord
100
AcDbBlockTableRecord
  2
*D13
340
0
 70
0
280
1
281
0
  0
BLOCK_RECORD
  5
2C1
330
1
100
AcDbSymbolTableRecord
100
AcDbBlockTableRecord
  2
*D14
340
0
 70
0
280
1
281
0
  0
BLOCK_RECORD
  5
2CE
330
1
100
AcDbSymbolTableRecord
100
AcDbBlockTableRecord
  2
*D15
340
0
 70
0
280
1
281
0
  0
BLOCK_RECORD
  5
2DB
330
1
100
AcDbSymbolTableRecord
100
AcDbBlockTableRecord
  2
*D16
340
0
 70
0
280
1
281
0
  0
BLOCK_RECORD
  5
2E8
330
1
100
AcDbSymbolTableRecord
100
AcDbBlockTableRecord
  2
*D17
340
0
 70
0
280
1
281
0
  0
BLOCK_RECORD
  5
2F5
330
1
100
AcDbSymbolTableRecord
100
AcDbBlockTableRecord
  2
*D18
340
0
 70
0
280
1
281
0
  0
BLOCK_RECORD
  5
302
330
1
100
AcDbSymbolTableRecord
100
AcDbBlockTableRecord
  2
*D19
340
0
 70
0
280
1
281
0
  0
BLOCK_RECORD
  5
30F
330
1
100
AcDbSymbolTableRecord
100
AcDbBlockTableRecord
  2
*D20
340
0
 70
0
280
1
281
0
  0
BLOCK_RECORD
  5
31C
330
1
100
AcDbSymbolTableRecord
100
AcDbBlockTableRecord
  2
*D21
340
0
 70
0
280
1
281
0
  0
BLOCK_RECORD
  5
329
330
1
100
AcDbSymbolTableRecord
100
AcDbBlockTableRecord
  2
*D22
340
0
 70
0
280
1
281
0
  0
BLOCK_RECORD
  5
336
330
1
100
AcDbSymbolTableRecord
100
AcDbBlockTableRecord
  2
*D23
340
0
 70
0
280
1
281
0
  0
BLOCK_RECORD
  5
343
330
1
100
AcDbSymbolTableRecord
100
AcDbBlockTableRecord
  2
*D24
340
0
 70
0
280
1
281
0
  0
BLOCK_RECORD
  5
350
330
1
100
AcDbSymbolTableRecord
100
AcDbBlockTableRecord
  2
*D25
340
0
 70
0
280
1
281
0
  0
BLOCK_RECORD
  5
35D
330
1
100
AcDbSymbolTableRecord
100
AcDbBlockTableRecord
  2
*D26
340
0
 70
0
280
1
281
0
  0
BLOCK_RECORD
  5
36A
330
1
100
AcDbSymbolTableRecord
100
AcDbBlockTableRecord
  2
*D27
340
0
 70
0
280
1
281
0
  0
BLOCK_RECORD
  5
377
330
1
100
AcDbSymbolTableRecord
100
AcDbBlockTableRecord
  2
*D28
340
0
 70
0
280
1
281
0
  0
BLOCK_RECORD
  5
384
330
1
100
AcDbSymbolTableRecord
100
AcDbBlockTableRecord
  2
*D29
340
0
 70
0
280
1
281
0
  0
BLOCK_RECORD
  5
391
330
1
100
AcDbSymbolTableRecord
100
AcDbBlockTableRecord
  2
*D30
340
0
 70
0
280
1
281
0
  0
BLOCK_RECORD
  5
39E
330
1
100
AcDbSymbolTableRecord
100
AcDbBlockTableRecord
  2
*D31
340
0
 70
0
280
1
281
0
  0
BLOCK_RECORD
  5
97C
330
1
100
AcDbSymbolTableRecord
100
AcDbBlockTableRecord
  2
*D35
340
0
 70
0
280
1
281
0
  0
BLOCK_RECORD
  5
98D
330
1
100
AcDbSymbolTableRecord
100
AcDbBlockTableRecord
  2
*D36
340
0
 70
0
280
1
281
0
  0
BLOCK_RECORD
  5
99A
330
1
100
AcDbSymbolTableRecord
100
AcDbBlockTableRecord
  2
*D37
340
0
 70
0
280
1
281
0
  0
BLOCK_RECORD
  5
9A7
330
1
100
AcDbSymbolTableRecord
100
AcDbBlockTableRecord
  2
*D38
340
0
 70
0
280
1
281
0
  0
BLOCK_RECORD
  5
9B4
330
1
100
AcDbSymbolTableRecord
100
AcDbBlockTableRecord
  2
*D39
340
0
 70
0
280
1
281
0
  0
BLOCK_RECORD
  5
9C1
330
1
100
AcDbSymbolTableRecord
100
AcDbBlockTableRecord
  2
*D40
340
0
 70
0
280
1
281
0
  0
BLOCK_RECORD
  5
9CE
330
1
100
AcDbSymbolTableRecord
100
AcDbBlockTableRecord
  2
*D41
340
0
 70
0
280
1
281
0
  0
BLOCK_RECORD
  5
9DB
330
1
100
AcDbSymbolTableRecord
100
AcDbBlockTableRecord
  2
*D42
340
0
 70
0
280
1
281
0
  0
BLOCK_RECORD
  5
9E8
330
1
100
AcDbSymbolTableRecord
100
AcDbBlockTableRecord
  2
*D43
340
0
 70
0
280
1
281
0
  0
BLOCK_RECORD
  5
9F5
330
1
100
AcDbSymbolTableRecord
100
AcDbBlockTableRecord
  2
*D44
340
0
 70
0
280
1
281
0
  0
BLOCK_RECORD
  5
A02
330
1
100
AcDbSymbolTableRecord
100
AcDbBlockTableRecord
  2
*D45
340
0
 70
0
280
1
281
0
  0
BLOCK_RECORD
  5
A0F
330
1
100
AcDbSymbolTableRecord
100
AcDbBlockTableRecord
  2
*D46
340
0
 70
0
280
1
281
0
  0
BLOCK_RECORD
  5
A1C
330
1
100
AcDbSymbolTableRecord
100
AcDbBlockTableRecord
  2
*D47
340
0
 70
0
280
1
281
0
  0
BLOCK_RECORD
  5
A29
330
1
100
AcDbSymbolTableRecord
100
AcDbBlockTableRecord
  2
*D48
340
0
 70
0
280
1
281
0
  0
BLOCK_RECORD
  5
A36
330
1
100
AcDbSymbolTableRecord
100
AcDbBlockTableRecord
  2
*D49
340
0
 70
0
280
1
281
0
  0
BLOCK_RECORD
  5
A43
330
1
100
AcDbSymbolTableRecord
100
AcDbBlockTableRecord
  2
*D50
340
0
 70
0
280
1
281
0
  0
BLOCK_RECORD
  5
A50
330
1
100
AcDbSymbolTableRecord
100
AcDbBlockTableRecord
  2
*D51
340
0
 70
0
280
1
281
0
  0
BLOCK_RECORD
  5
A5D
330
1
100
AcDbSymbolTableRecord
100
AcDbBlockTableRecord
  2
*D52
340
0
 70
0
280
1
281
0
  0
BLOCK_RECORD
  5
A6A
330
1
100
AcDbSymbolTableRecord
100
AcDbBlockTableRecord
  2
*D53
340
0
 70
0
280
1
281
0
  0
BLOCK_RECORD
  5
A77
330
1
100
AcDbSymbolTableRecord
100
AcDbBlockTableRecord
  2
*D54
340
0
 70
0
280
1
281
0
  0
BLOCK_RECORD
  5
A84
330
1
100
AcDbSymbolTableRecord
100
AcDbBlockTableRecord
  2
*D55
340
0
 70
0
280
1
281
0
  0
BLOCK_RECORD
  5
A91
330
1
100
AcDbSymbolTableRecord
100
AcDbBlockTableRecord
  2
*D56
340
0
 70
0
280
1
281
0
  0
BLOCK_RECORD
  5
A9E
330
1
100
AcDbSymbolTableRecord
100
AcDbBlockTableRecord
  2
*D57
340
0
 70
0
280
1
281
0
  0
BLOCK_RECORD
  5
AAB
330
1
100
AcDbSymbolTableRecord
100
AcDbBlockTableRecord
  2
*D58
340
0
 70
0
280
1
281
0
  0
BLOCK_RECORD
  5
AB8
330
1
100
AcDbSymbolTableRecord
100
AcDbBlockTableRecord
  2
*D59
340
0
 70
0
280
1
281
0
  0
BLOCK_RECORD
  5
AC5
330
1
100
AcDbSymbolTableRecord
100
AcDbBlockTableRecord
  2
*D60
340
0
 70
0
280
1
281
0
  0
BLOCK_RECORD
  5
AD2
330
1
100
AcDbSymbolTableRecord
100
AcDbBlockTableRecord
  2
*D61
340
0
 70
0
280
1
281
0
  0
BLOCK_RECORD
  5
ADF
330
1
100
AcDbSymbolTableRecord
100
AcDbBlockTableRecord
  2
*D62
340
0
 70
0
280
1
281
0
  0
BLOCK_RECORD
  5
AEC
330
1
100
AcDbSymbolTableRecord
100
AcDbBlockTableRecord
  2
*D63
340
0
 70
0
280
1
281
0
  0
BLOCK_RECORD
  5
B22
330
1
100
AcDbSymbolTableRecord
100
AcDbBlockTableRecord
  2
*D64
340
0
 70
0
280
1
281
0
  0
BLOCK_RECORD
  5
B3C
330
1
100
AcDbSymbolTableRecord
100
AcDbBlockTableRecord
  2
*D65
340
0
 70
0
280
1
281
0
  0
BLOCK_RECORD
  5
DE0
330
1
100
AcDbSymbolTableRecord
100
AcDbBlockTableRecord
  2
*D67
340
0
 70
0
280
1
281
0
  0
BLOCK_RECORD
  5
DF9
330
1
100
AcDbSymbolTableRecord
100
AcDbBlockTableRecord
  2
*D68
340
0
 70
0
280
1
281
0
  0
BLOCK_RECORD
  5
E07
330
1
100
AcDbSymbolTableRecord
100
AcDbBlockTableRecord
  2
*D69
340
0
 70
0
280
1
281
0
  0
BLOCK_RECORD
  5
E1E
330
1
100
AcDbSymbolTableRecord
100
AcDbBlockTableRecord
  2
*D71
340
0
 70
0
280
1
281
0
  0
BLOCK_RECORD
  5
E2C
330
1
100
AcDbSymbolTableRecord
100
AcDbBlockTableRecord
  2
*D72
340
0
 70
0
280
1
281
0
  0
BLOCK_RECORD
  5
F0F
330
1
100
AcDbSymbolTableRecord
100
AcDbBlockTableRecord
  2
*D73
340
0
 70
0
280
1
281
0
  0
BLOCK_RECORD
  5
F29
330
1
100
AcDbSymbolTableRecord
100
AcDbBlockTableRecord
  2
*D74
340
0
 70
0
280
1
281
0
  0
BLOCK_RECORD
  5
F43
330
1
100
AcDbSymbolTableRecord
100
AcDbBlockTableRecord
  2
*D75
340
0
 70
0
280
1
281
0
  0
BLOCK_RECORD
  5
F5D
330
1
100
AcDbSymbolTableRecord
100
AcDbBlockTableRecord
  2
*D76
340
0
 70
0
280
1
281
0
  0
BLOCK_RECORD
  5
F77
330
1
100
AcDbSymbolTableRecord
100
AcDbBlockTableRecord
  2
*D77
340
0
 70
0
280
1
281
0
  0
BLOCK_RECORD
  5
F91
330
1
100
AcDbSymbolTableRecord
100
AcDbBlockTableRecord
  2
*D78
340
0
 70
0
280
1
281
0
  0
ENDTAB
  0
ENDSEC
  0
SECTION
  2
BLOCKS
  0
BLOCK
  5
20
330
1F
100
AcDbEntity
  8
0
100
AcDbBlockBegin
  2
*Model_Space
 70
0
 10
0.0
 20
0.0
 30
0.0
  3
*Model_Space
  1

  0
ENDBLK
  5
21
330
1F
100
AcDbEntity
  8
0
100
AcDbBlockEnd
  0
BLOCK
  5
5A
330
58
100
AcDbEntity
 67
1
  8
0
100
AcDbBlockBegin
  2
*Paper_Space
 70
0
 10
0.0
 20
0.0
 30
0.0
  3
*Paper_Space
  1

  0
ENDBLK
  5
5B
330
58
100
AcDbEntity
 67
1
  8
0
100
AcDbBlockEnd
  0
BLOCK
  5
5F
330
5D
100
AcDbEntity
 67
1
  8
0
100
AcDbBlockBegin
  2
*Paper_Space0
 70
0
 10
0.0
 20
0.0
 30
0.0
  3
*Paper_Space0
  1

  0
ENDBLK
  5
60
330
5D
100
AcDbEntity
 67
1
  8
0
100
AcDbBlockEnd
  0
BLOCK
  5
224
330
223
100
AcDbEntity
  8
0
100
AcDbBlockBegin
  2
door
 70
0
 10
0.0
 20
0.0
 30
0.0
  3
door
  1

  0
LWPOLYLINE
  5
225
330
223
100
AcDbEntity
  8
door
370
9
100
AcDbPolyline
 90
4
 70
1
 38
262.1290496638498
 10
690.0196817570247
 20
637.7284054823177
 10
690.0537275220706
 20
637.7284054823177
 10
690.0537275220706
 20
637.5736521451571
 10
690.0196817570247
 20
637.5736521451571
  0
LWPOLYLINE
  5
226
330
223
100
AcDbEntity
  8
door
370
9
100
AcDbPolyline
 90
4
 70
1
 38
262.1290496638498
 10
690.8708306587855
 20
637.5736511365432
 10
690.8367847027152
 20
637.5736511365432
 10
690.8367847027152
 20
637.7284055243433
 10
690.8708306587855
 20
637.7284055243433
  0
LWPOLYLINE
  5
227
330
223
100
AcDbEntity
  8
door
370
9
100
AcDbPolyline
 90
4
 70
1
 38
262.1290496638498
 10
690.8488298689896
 20
637.6312787946495
 10
690.8247550295405
 20
637.6553536340987
 10
690.2710236782723
 20
637.1016222828306
 10
690.295097834208
 20
637.0775481268951
  0
LWPOLYLINE
  5
228
330
223
100
AcDbEntity
  8
door
370
9
100
AcDbPolyline
 90
4
 70
1
 38
262.1290496638498
 10
690.3906627700044
 20
637.2455729092522
 10
690.4028115937566
 20
637.2334240855002
 10
690.3192930628251
 20
637.1499055545688
 10
690.307144239073
 20
637.1620543783208
  0
LWPOLYLINE
  5
229
330
223
100
AcDbEntity
  8
door
370
9
100
AcDbPolyline
 90
4
 70
1
 38
262.1290496638498
 10
690.3555160713672
 20
637.1136824566007
 10
690.3433750753097
 20
637.1258234526584
 10
690.4268936062313
 20
637.2093419835802
 10
690.4390346022888
 20
637.1972009875227
  0
LWPOLYLINE
  5
22A
330
223
100
AcDbEntity
  8
door
370
9
100
AcDbPolyline
 90
6
 70
0
 38
262.1290496638498
 10
690.3526862830971
 20
637.2075965160994
 10
690.3422342682699
 20
637.2180485567302
 10
690.4170290705845
 20
637.2928431743948
 10
690.4061139277395
 20
637.3037583441871
 10
690.317259889161
 20
637.2149043056086
 10
690.3386269371537
 20
637.1935372048656
  0
LWPOLYLINE
  5
22B
330
223
100
AcDbEntity
  8
door
370
9
100
AcDbPolyline
 90
6
 70
0
 38
262.1290496638498
 10
690.3869988575453
 20
637.1451651650556
 10
690.4083660152173
 20
637.1237979546332
 10
690.497220163475
 20
637.2126518835321
 10
690.4863050206301
 20
637.2235670533234
 10
690.4115102183155
 20
637.1487724356589
 10
690.4010582034883
 20
637.1592244762896
  0
ARC
  5
22C
330
223
100
AcDbEntity
  8
door
370
9
100
AcDbCircle
 10
690.837157577328
 20
637.6432867555473
 30
262.1290496638498
 40
0.783430056391032
100
AcDbArc
 50
179.9969177646836
 51
272.4634227553835
  0
ENDBLK
  5
22D
330
223
100
AcDbEntity
  8
0
100
AcDbBlockEnd
  0
BLOCK
  5
22F
330
22E
100
AcDbEntity
  8
0
100
AcDbBlockBegin
  2
_Oblique
 70
0
 10
0.0
 20
0.0
 30
0.0
  3
_Oblique
  1

  0
LINE
  5
230
330
22E
100
AcDbEntity
  8
0
  6
ByBlock
 62
0
370
-2
100
AcDbLine
 10
-0.5
 20
-0.5
 30
0.0
 11
0.5
 21
0.5
 31
0.0
  0
ENDBLK
  5
231
330
22E
100
AcDbEntity
  8
0
100
AcDbBlockEnd
  0
BLOCK
  5
233
330
232
100
AcDbEntity
  8
0
100
AcDbBlockBegin
  2
*D3
 70
1
 10
0.0
 20
0.0
 30
0.0
  3
*D3
  1

  0
LINE
  5
234
330
232
100
AcDbEntity
  8
dimition
 62
0
370
-2
440
16777216
100
AcDbLine
 10
360.485844654373
 20
52.36267368845222
 30
0.0
 11
360.485844654373
 21
52.0504443431218
 31
0.0
  0
LINE
  5
235
330
232
100
AcDbEntity
  8
dimition
 62
0
370
-2
440
16777216
100
AcDbLine
 10
359.885844654373
 20
52.36267368845222
 30
0.0
 11
359.885844654373
 21
52.0504443431218
 31
0.0
  0
LINE
  5
236
330
232
100
AcDbEntity
  8
dimition
 62
0
370
-2
440
16777216
100
AcDbLine
 10
360.3058446543729
 20
52.2304443431218
 30
0.0
 11
360.0658446543731
 21
52.2304443431218
 31
0.0
  0
LINE
  5
237
330
232
100
AcDbEntity
  8
dimition
 62
0
370
-2
440
16777216
100
AcDbLine
 10
359.885844654373
 20
52.2304443431218
 30
0.0
 11
359.705844654373
 21
52.2304443431218
 31
0.0
  0
SOLID
  5
238
330
232
100
AcDbEntity
  8
dimition
 62
0
440
16777216
100
AcDbTrace
 10
360.3058446543729
 20
52.2604443431218
 30
0.0
 11
360.3058446543729
 21
52.2004443431218
 31
0.0
 12
360.485844654373
 22
52.2304443431218
 32
0.0
 13
360.485844654373
 23
52.2304443431218
 33
0.0
  0
SOLID
  5
239
330
232
100
AcDbEntity
  8
dimition
 62
0
440
16777216
100
AcDbTrace
 10
360.0658446543731
 20
52.2604443431218
 30
0.0
 11
360.0658446543731
 21
52.2004443431218
 31
0.0
 12
359.885844654373
 22
52.2304443431218
 32
0.0
 13
359.885844654373
 23
52.2304443431218
 33
0.0
  0
MTEXT
  5
23A
330
232
100
AcDbEntity
  8
dimition
 62
0
440
16777216
100
AcDbMText
 10
359.2425226898437
 20
52.2304443431218
 30
0.0
 40
0.18
 41
0.0
 46
0.0
 71
5
  1
\A1;0.6000
  0
POINT
  5
23B
330
232
100
AcDbEntity
  8
Defpoints
 62
0
440
16777216
100
AcDbPoint
 10
360.485844654373
 20
52.42517368845222
 30
0.0
  0
POINT
  5
23C
330
232
100
AcDbEntity
  8
Defpoints
 62
0
440
16777216
100
AcDbPoint
 10
359.885844654373
 20
52.42517368845222
 30
0.0
  0
POINT
  5
23D
330
232
100
AcDbEntity
  8
Defpoints
 62
0
440
16777216
100
AcDbPoint
 10
359.885844654373
 20
52.2304443431218
 30
0.0
  0
ENDBLK
  5
23E
330
232
100
AcDbEntity
  8
0
100
AcDbBlockEnd
  0
BLOCK
  5
240
330
23F
100
AcDbEntity
  8
0
100
AcDbBlockBegin
  2
*D4
 70
1
 10
0.0
 20
0.0
 30
0.0
  3
*D4
  1

  0
LINE
  5
241
330
23F
100
AcDbEntity
  8
Dimention
 62
0
370
-2
440
16777216
100
AcDbLine
 10
366.7958805746251
 20
68.02767096233988
 30
0.0
 11
366.7958805746251
 21
67.66484470120541
 31
0.0
  0
LINE
  5
242
330
23F
100
AcDbEntity
  8
Dimention
 62
0
370
-2
440
16777216
100
AcDbLine
 10
360.1838299448244
 20
68.02767096233988
 30
0.0
 11
360.1838299448244
 21
67.66484470120541
 31
0.0
  0
LINE
  5
243
330
23F
100
AcDbEntity
  8
Dimention
 62
0
370
-2
440
16777216
100
AcDbLine
 10
366.7958805746251
 20
67.6848447012054
 30
0.0
 11
363.9413491205707
 21
67.6848447012054
 31
0.0
  0
LINE
  5
244
330
23F
100
AcDbEntity
  8
Dimention
 62
0
370
-2
440
16777216
100
AcDbLine
 10
360.1838299448244
 20
67.6848447012054
 30
0.0
 11
363.0383613988789
 21
67.6848447012054
 31
0.0
  0
INSERT
  5
245
330
23F
100
AcDbEntity
  8
Dimention
 62
0
370
-2
440
16777216
100
AcDbBlockReference
  2
_Oblique
 10
366.7958805746251
 20
67.6848447012054
 30
0.0
 41
0.1
 42
0.1
 43
0.1
  0
INSERT
  5
246
330
23F
100
AcDbEntity
  8
Dimention
 62
0
370
-2
440
16777216
100
AcDbBlockReference
  2
_Oblique
 10
360.1838299448244
 20
67.6848447012054
 30
0.0
 41
0.1
 42
0.1
 43
0.1
 50
180.0
  0
MTEXT
  5
247
330
23F
100
AcDbEntity
  8
Dimention
 62
0
440
16777216
100
AcDbMText
 10
363.4898552597248
 20
67.6848447012054
 30
0.0
 40
0.3
 41
0.0
 46
0.0
 71
5
  1
\A1;6.61
  0
POINT
  5
248
330
23F
100
AcDbEntity
  8
Defpoints
 62
0
440
16777216
100
AcDbPoint
 10
366.7958805746251
 20
68.52467096233988
 30
5.13e-14
  0
POINT
  5
249
330
23F
100
AcDbEntity
  8
Defpoints
 62
0
440
16777216
100
AcDbPoint
 10
360.1838299448244
 20
68.52467096233988
 30
1.6443134996e-06
  0
POINT
  5
24A
330
23F
100
AcDbEntity
  8
Defpoints
 62
0
440
16777216
100
AcDbPoint
 10
360.1838299448244
 20
67.6848447012054
 30
0.0
  0
ENDBLK
  5
24B
330
23F
100
AcDbEntity
  8
0
100
AcDbBlockEnd
  0
BLOCK
  5
24D
330
24C
100
AcDbEntity
  8
0
100
AcDbBlockBegin
  2
*D5
 70
1
 10
0.0
 20
0.0
 30
0.0
  3
*D5
  1

  0
LINE
  5
24E
330
24C
100
AcDbEntity
  8
Dimention
 62
0
370
-2
440
16777216
100
AcDbLine
 10
359.9838144711053
 20
68.02647637675422
 30
0.0
 11
359.9838144711053
 21
67.57734081067393
 31
0.0
  0
LINE
  5
24F
330
24C
100
AcDbEntity
  8
Dimention
 62
0
370
-2
440
16777216
100
AcDbLine
 10
355.2960013941954
 20
68.02659182832771
 30
0.0
 11
355.2960013941954
 21
67.57734081067393
 31
0.0
  0
LINE
  5
250
330
24C
100
AcDbEntity
  8
Dimention
 62
0
370
-2
440
16777216
100
AcDbLine
 10
359.9838144711053
 20
67.59734081067393
 30
0.0
 11
358.1258833760337
 21
67.59734081067393
 31
0.0
  0
LINE
  5
251
330
24C
100
AcDbEntity
  8
Dimention
 62
0
370
-2
440
16777216
100
AcDbLine
 10
355.2960013941954
 20
67.59734081067393
 30
0.0
 11
357.1539324892669
 21
67.59734081067393
 31
0.0
  0
INSERT
  5
252
330
24C
100
AcDbEntity
  8
Dimention
 62
0
370
-2
440
16777216
100
AcDbBlockReference
  2
_Oblique
 10
359.9838144711053
 20
67.59734081067393
 30
0.0
 41
0.1
 42
0.1
 43
0.1
  0
INSERT
  5
253
330
24C
100
AcDbEntity
  8
Dimention
 62
0
370
-2
440
16777216
100
AcDbBlockReference
  2
_Oblique
 10
355.2960013941954
 20
67.59734081067393
 30
0.0
 41
0.1
 42
0.1
 43
0.1
 50
180.0
  0
MTEXT
  5
254
330
24C
100
AcDbEntity
  8
Dimention
 62
0
440
16777216
100
AcDbMText
 10
357.6399079326503
 20
67.59734081067393
 30
0.0
 40
0.3
 41
0.0
 46
0.0
 71
5
  1
\A1;4.69
  0
POINT
  5
255
330
24C
100
AcDbEntity
  8
Defpoints
 62
0
440
16777216
100
AcDbPoint
 10
359.9838144711053
 20
68.5234763767542
 30
2.438466375e-07
  0
POINT
  5
256
330
24C
100
AcDbEntity
  8
Defpoints
 62
0
440
16777216
100
AcDbPoint
 10
355.2960013941954
 20
68.52359182832771
 30
-0.0001899208939781
  0
POINT
  5
257
330
24C
100
AcDbEntity
  8
Defpoints
 62
0
440
16777216
100
AcDbPoint
 10
355.2960013941954
 20
67.59734081067393
 30
0.0
  0
ENDBLK
  5
258
330
24C
100
AcDbEntity
  8
0
100
AcDbBlockEnd
  0
BLOCK
  5
25A
330
259
100
AcDbEntity
  8
0
100
AcDbBlockBegin
  2
*D6
 70
1
 10
0.0
 20
0.0
 30
0.0
  3
*D6
  1

  0
LINE
  5
25B
330
259
100
AcDbEntity
  8
Dimention
 62
0
370
-2
440
16777216
100
AcDbLine
 10
355.0960014137085
 20
68.02767096233988
 30
0.0
 11
355.0960014137085
 21
67.55538936944286
 31
0.0
  0
LINE
  5
25C
330
259
100
AcDbEntity
  8
Dimention
 62
0
370
-2
440
16777216
100
AcDbLine
 10
353.2960014137083
 20
68.02767096233988
 30
0.0
 11
353.2960014137083
 21
67.55538936944286
 31
0.0
  0
LINE
  5
25D
330
259
100
AcDbEntity
  8
Dimention
 62
0
370
-2
440
16777216
100
AcDbLine
 10
355.0960014137085
 20
67.57538936944285
 30
0.0
 11
354.6610014137083
 21
67.57538936944285
 31
0.0
  0
LINE
  5
25E
330
259
100
AcDbEntity
  8
Dimention
 62
0
370
-2
440
16777216
100
AcDbLine
 10
353.2960014137083
 20
67.57538936944285
 30
0.0
 11
353.7310014137084
 21
67.57538936944285
 31
0.0
  0
INSERT
  5
25F
330
259
100
AcDbEntity
  8
Dimention
 62
0
370
-2
440
16777216
100
AcDbBlockReference
  2
_Oblique
 10
355.0960014137085
 20
67.57538936944285
 30
0.0
 41
0.1
 42
0.1
 43
0.1
  0
INSERT
  5
260
330
259
100
AcDbEntity
  8
Dimention
 62
0
370
-2
440
16777216
100
AcDbBlockReference
  2
_Oblique
 10
353.2960014137083
 20
67.57538936944285
 30
0.0
 41
0.1
 42
0.1
 43
0.1
 50
180.0
  0
MTEXT
  5
261
330
259
100
AcDbEntity
  8
Dimention
 62
0
440
16777216
100
AcDbMText
 10
354.1960014137083
 20
67.57538936944285
 30
0.0
 40
0.3
 41
0.0
 46
0.0
 71
5
  1
\A1;1.80
  0
POINT
  5
262
330
259
100
AcDbEntity
  8
Defpoints
 62
0
440
16777216
100
AcDbPoint
 10
355.0960014137085
 20
68.52467096233988
 30
7.5e-15
  0
POINT
  5
263
330
259
100
AcDbEntity
  8
Defpoints
 62
0
440
16777216
100
AcDbPoint
 10
353.2960014137083
 20
68.52467096233988
 30
8e-16
  0
POINT
  5
264
330
259
100
AcDbEntity
  8
Defpoints
 62
0
440
16777216
100
AcDbPoint
 10
353.2960014137083
 20
67.57538936944285
 30
0.0
  0
ENDBLK
  5
265
330
259
100
AcDbEntity
  8
0
100
AcDbBlockEnd
  0
BLOCK
  5
267
330
266
100
AcDbEntity
  8
0
100
AcDbBlockBegin
  2
*D7
 70
1
 10
0.0
 20
0.0
 30
0.0
  3
*D7
  1

  0
LINE
  5
268
330
266
100
AcDbEntity
  8
Dimention
 62
0
370
-2
440
16777216
100
AcDbLine
 10
353.0958053945345
 20
67.52922559987742
 30
0.0
 11
353.0958053945345
 21
67.5796556739359
 31
0.0
  0
LINE
  5
269
330
266
100
AcDbEntity
  8
Dimention
 62
0
370
-2
440
16777216
100
AcDbLine
 10
349.1958053945353
 20
67.52841601281291
 30
0.0
 11
349.1958053945353
 21
67.5796556739359
 31
0.0
  0
LINE
  5
26A
330
266
100
AcDbEntity
  8
Dimention
 62
0
370
-2
440
16777216
100
AcDbLine
 10
353.0958053945345
 20
67.5996556739359
 30
0.0
 11
351.6248231298692
 21
67.5996556739359
 31
0.0
  0
LINE
  5
26B
330
266
100
AcDbEntity
  8
Dimention
 62
0
370
-2
440
16777216
100
AcDbLine
 10
349.1958053945353
 20
67.5996556739359
 30
0.0
 11
350.6667876592007
 21
67.5996556739359
 31
0.0
  0
INSERT
  5
26C
330
266
100
AcDbEntity
  8
Dimention
 62
0
370
-2
440
16777216
100
AcDbBlockReference
  2
_Oblique
 10
353.0958053945345
 20
67.5996556739359
 30
0.0
 41
0.1
 42
0.1
 43
0.1
  0
INSERT
  5
26D
330
266
100
AcDbEntity
  8
Dimention
 62
0
370
-2
440
16777216
100
AcDbBlockReference
  2
_Oblique
 10
349.1958053945353
 20
67.5996556739359
 30
0.0
 41
0.1
 42
0.1
 43
0.1
 50
180.0
  0
MTEXT
  5
26E
330
266
100
AcDbEntity
  8
Dimention
 62
0
440
16777216
100
AcDbMText
 10
351.1458053945349
 20
67.5996556739359
 30
0.0
 40
0.3
 41
0.0
 46
0.0
 71
5
  1
\A1;3.90
  0
POINT
  5
26F
330
266
100
AcDbEntity
  8
Defpoints
 62
0
440
16777216
100
AcDbPoint
 10
353.0958053945345
 20
68.02622559987742
 30
0.0
  0
POINT
  5
270
330
266
100
AcDbEntity
  8
Defpoints
 62
0
440
16777216
100
AcDbPoint
 10
349.1958053945353
 20
68.02541601281291
 30
-5e-16
  0
POINT
  5
271
330
266
100
AcDbEntity
  8
Defpoints
 62
0
440
16777216
100
AcDbPoint
 10
349.1958053945353
 20
67.5996556739359
 30
0.0
  0
ENDBLK
  5
272
330
266
100
AcDbEntity
  8
0
100
AcDbBlockEnd
  0
BLOCK
  5
274
330
273
100
AcDbEntity
  8
0
100
AcDbBlockBegin
  2
*D8
 70
1
 10
0.0
 20
0.0
 30
0.0
  3
*D8
  1

  0
LINE
  5
275
330
273
100
AcDbEntity
  8
Dimention
 62
0
370
-2
440
16777216
100
AcDbLine
 10
348.9958457254151
 20
67.52922559987725
 30
0.0
 11
348.9958457254151
 21
67.18248881860139
 31
0.0
  0
LINE
  5
276
330
273
100
AcDbEntity
  8
Dimention
 62
0
370
-2
440
16777216
100
AcDbLine
 10
345.9607094237639
 20
67.52922559987725
 30
0.0
 11
345.9607094237639
 21
67.18248881860139
 31
0.0
  0
LINE
  5
277
330
273
100
AcDbEntity
  8
Dimention
 62
0
370
-2
440
16777216
100
AcDbLine
 10
348.9958457254151
 20
67.20248881860138
 30
0.0
 11
347.9571929906877
 21
67.20248881860138
 31
0.0
  0
LINE
  5
278
330
273
100
AcDbEntity
  8
Dimention
 62
0
370
-2
440
16777216
100
AcDbLine
 10
345.9607094237639
 20
67.20248881860138
 30
0.0
 11
346.9993621584912
 21
67.20248881860138
 31
0.0
  0
INSERT
  5
279
330
273
100
AcDbEntity
  8
Dimention
 62
0
370
-2
440
16777216
100
AcDbBlockReference
  2
_Oblique
 10
348.9958457254151
 20
67.20248881860138
 30
0.0
 41
0.1
 42
0.1
 43
0.1
  0
INSERT
  5
27A
330
273
100
AcDbEntity
  8
Dimention
 62
0
370
-2
440
16777216
100
AcDbBlockReference
  2
_Oblique
 10
345.9607094237639
 20
67.20248881860138
 30
0.0
 41
0.1
 42
0.1
 43
0.1
 50
180.0
  0
MTEXT
  5
27B
330
273
100
AcDbEntity
  8
Dimention
 62
0
440
16777216
100
AcDbMText
 10
347.4782775745895
 20
67.20248881860138
 30
0.0
 40
0.3
 41
0.0
 46
0.0
 71
5
  1
\A1;3.04
  0
POINT
  5
27C
330
273
100
AcDbEntity
  8
Defpoints
 62
0
440
16777216
100
AcDbPoint
 10
348.9958457254151
 20
68.02622559987725
 30
0.0
  0
POINT
  5
27D
330
273
100
AcDbEntity
  8
Defpoints
 62
0
440
16777216
100
AcDbPoint
 10
345.9607094237639
 20
68.02622559987725
 30
0.0
  0
POINT
  5
27E
330
273
100
AcDbEntity
  8
Defpoints
 62
0
440
16777216
100
AcDbPoint
 10
345.9607094237639
 20
67.20248881860138
 30
0.0
  0
ENDBLK
  5
27F
330
273
100
AcDbEntity
  8
0
100
AcDbBlockEnd
  0
BLOCK
  5
281
330
280
100
AcDbEntity
  8
0
100
AcDbBlockBegin
  2
*D9
 70
1
 10
0.0
 20
0.0
 30
0.0
  3
*D9
  1

  0
LINE
  5
282
330
280
100
AcDbEntity
  8
Dimention
 62
0
370
-2
440
16777216
100
AcDbLine
 10
345.7607089874972
 20
67.5292255953661
 30
0.0
 11
345.7607089874972
 21
67.20393645630061
 31
0.0
  0
LINE
  5
283
330
280
100
AcDbEntity
  8
Dimention
 62
0
370
-2
440
16777216
100
AcDbLine
 10
342.5958459979692
 20
67.52922559928864
 30
0.0
 11
342.5958459979692
 21
67.20393645630061
 31
0.0
  0
LINE
  5
284
330
280
100
AcDbEntity
  8
Dimention
 62
0
370
-2
440
16777216
100
AcDbLine
 10
345.7607089874972
 20
67.2239364563006
 30
0.0
 11
344.6577045050115
 21
67.2239364563006
 31
0.0
  0
LINE
  5
285
330
280
100
AcDbEntity
  8
Dimention
 62
0
370
-2
440
16777216
100
AcDbLine
 10
342.5958459979692
 20
67.2239364563006
 30
0.0
 11
343.6988504804548
 21
67.2239364563006
 31
0.0
  0
INSERT
  5
286
330
280
100
AcDbEntity
  8
Dimention
 62
0
370
-2
440
16777216
100
AcDbBlockReference
  2
_Oblique
 10
345.7607089874972
 20
67.2239364563006
 30
0.0
 41
0.1
 42
0.1
 43
0.1
  0
INSERT
  5
287
330
280
100
AcDbEntity
  8
Dimention
 62
0
370
-2
440
16777216
100
AcDbBlockReference
  2
_Oblique
 10
342.5958459979692
 20
67.2239364563006
 30
0.0
 41
0.1
 42
0.1
 43
0.1
 50
180.0
  0
MTEXT
  5
288
330
280
100
AcDbEntity
  8
Dimention
 62
0
440
16777216
100
AcDbMText
 10
344.1782774927332
 20
67.2239364563006
 30
0.0
 40
0.3
 41
0.0
 46
0.0
 71
5
  1
\A1;3.16
  0
POINT
  5
289
330
280
100
AcDbEntity
  8
Defpoints
 62
0
440
16777216
100
AcDbPoint
 10
345.7607089874972
 20
68.0262255953661
 30
1e-16
  0
POINT
  5
28A
330
280
100
AcDbEntity
  8
Defpoints
 62
0
440
16777216
100
AcDbPoint
 10
342.5958459979692
 20
68.02622559928864
 30
-8.26e-14
  0
POINT
  5
28B
330
280
100
AcDbEntity
  8
Defpoints
 62
0
440
16777216
100
AcDbPoint
 10
342.5958459979692
 20
67.2239364563006
 30
0.0
  0
ENDBLK
  5
28C
330
280
100
AcDbEntity
  8
0
100
AcDbBlockEnd
  0
BLOCK
  5
28E
330
28D
100
AcDbEntity
  8
0
100
AcDbBlockBegin
  2
*D10
 70
1
 10
0.0
 20
0.0
 30
0.0
  3
*D10
  1

  0
LINE
  5
28F
330
28D
100
AcDbEntity
  8
Dimention
 62
0
370
-2
440
16777216
100
AcDbLine
 10
342.3958456984732
 20
67.52922559927693
 30
0.0
 11
342.3958456984732
 21
67.29894438358188
 31
0.0
  0
LINE
  5
290
330
28D
100
AcDbEntity
  8
Dimention
 62
0
370
-2
440
16777216
100
AcDbLine
 10
339.3958456984723
 20
67.52922559927647
 30
0.0
 11
339.3958456984723
 21
67.29894438358188
 31
0.0
  0
LINE
  5
291
330
28D
100
AcDbEntity
  8
Dimention
 62
0
370
-2
440
16777216
100
AcDbLine
 10
342.3958456984732
 20
67.31894438358188
 30
0.0
 11
341.374863433807
 21
67.31894438358188
 31
0.0
  0
LINE
  5
292
330
28D
100
AcDbEntity
  8
Dimention
 62
0
370
-2
440
16777216
100
AcDbLine
 10
339.3958456984723
 20
67.31894438358188
 30
0.0
 11
340.4168279631385
 21
67.31894438358188
 31
0.0
  0
INSERT
  5
293
330
28D
100
AcDbEntity
  8
Dimention
 62
0
370
-2
440
16777216
100
AcDbBlockReference
  2
_Oblique
 10
342.3958456984732
 20
67.31894438358188
 30
0.0
 41
0.1
 42
0.1
 43
0.1
  0
INSERT
  5
294
330
28D
100
AcDbEntity
  8
Dimention
 62
0
370
-2
440
16777216
100
AcDbBlockReference
  2
_Oblique
 10
339.3958456984723
 20
67.31894438358188
 30
0.0
 41
0.1
 42
0.1
 43
0.1
 50
180.0
  0
MTEXT
  5
295
330
28D
100
AcDbEntity
  8
Dimention
 62
0
440
16777216
100
AcDbMText
 10
340.8958456984727
 20
67.31894438358188
 30
0.0
 40
0.3
 41
0.0
 46
0.0
 71
5
  1
\A1;3.00
  0
POINT
  5
296
330
28D
100
AcDbEntity
  8
Defpoints
 62
0
440
16777216
100
AcDbPoint
 10
342.3958456984732
 20
68.02622559927693
 30
-1.88e-14
  0
POINT
  5
297
330
28D
100
AcDbEntity
  8
Defpoints
 62
0
440
16777216
100
AcDbPoint
 10
339.3958456984723
 20
68.02622559927647
 30
-4e-15
  0
POINT
  5
298
330
28D
100
AcDbEntity
  8
Defpoints
 62
0
440
16777216
100
AcDbPoint
 10
339.3958456984723
 20
67.31894438358188
 30
0.0
  0
ENDBLK
  5
299
330
28D
100
AcDbEntity
  8
0
100
AcDbBlockEnd
  0
BLOCK
  5
29B
330
29A
100
AcDbEntity
  8
0
100
AcDbBlockBegin
  2
*D11
 70
1
 10
0.0
 20
0.0
 30
0.0
  3
*D11
  1

  0
LINE
  5
29C
330
29A
100
AcDbEntity
  8
Dimention
 62
0
370
-2
440
16777216
100
AcDbLine
 10
366.795803955967
 20
61.52853134795698
 30
0.0
 11
366.795803955967
 21
60.51202410017308
 31
0.0
  0
LINE
  5
29D
330
29A
100
AcDbEntity
  8
Dimention
 62
0
370
-2
440
16777216
100
AcDbLine
 10
353.2957137638622
 20
61.52869040728724
 30
0.0
 11
353.2957137638622
 21
60.51202410017308
 31
0.0
  0
LINE
  5
29E
330
29A
100
AcDbEntity
  8
Dimention
 62
0
370
-2
440
16777216
100
AcDbLine
 10
366.795803955967
 20
60.53202410017309
 30
0.0
 11
360.6273004697372
 21
60.53202410017309
 31
0.0
  0
LINE
  5
29F
330
29A
100
AcDbEntity
  8
Dimention
 62
0
370
-2
440
16777216
100
AcDbLine
 10
353.2957137638622
 20
60.53202410017309
 30
0.0
 11
359.464217250092
 21
60.53202410017309
 31
0.0
  0
INSERT
  5
2A0
330
29A
100
AcDbEntity
  8
Dimention
 62
0
370
-2
440
16777216
100
AcDbBlockReference
  2
_Oblique
 10
366.795803955967
 20
60.53202410017309
 30
0.0
 41
0.1
 42
0.1
 43
0.1
  0
INSERT
  5
2A1
330
29A
100
AcDbEntity
  8
Dimention
 62
0
370
-2
440
16777216
100
AcDbBlockReference
  2
_Oblique
 10
353.2957137638622
 20
60.53202410017309
 30
0.0
 41
0.1
 42
0.1
 43
0.1
 50
180.0
  0
MTEXT
  5
2A2
330
29A
100
AcDbEntity
  8
Dimention
 62
0
440
16777216
100
AcDbMText
 10
360.0457588599146
 20
60.53202410017309
 30
0.0
 40
0.3
 41
0.0
 46
0.0
 71
5
  1
\A1;13.50
  0
POINT
  5
2A3
330
29A
100
AcDbEntity
  8
Defpoints
 62
0
440
16777216
100
AcDbPoint
 10
366.795803955967
 20
62.02553134795699
 30
2.510595e-10
  0
POINT
  5
2A4
330
29A
100
AcDbEntity
  8
Defpoints
 62
0
440
16777216
100
AcDbPoint
 10
353.2957137638622
 20
62.02569040728724
 30
3.5902e-12
  0
POINT
  5
2A5
330
29A
100
AcDbEntity
  8
Defpoints
 62
0
440
16777216
100
AcDbPoint
 10
353.2957137638622
 20
60.53202410017309
 30
0.0
  0
ENDBLK
  5
2A6
330
29A
100
AcDbEntity
  8
0
100
AcDbBlockEnd
  0
BLOCK
  5
2A8
330
2A7
100
AcDbEntity
  8
0
100
AcDbBlockBegin
  2
*D12
 70
1
 10
0.0
 20
0.0
 30
0.0
  3
*D12
  1

  0
LINE
  5
2A9
330
2A7
100
AcDbEntity
  8
Dimention
 62
0
370
-2
440
16777216
100
AcDbLine
 10
353.0949920742743
 20
61.52922546872692
 30
0.0
 11
353.0949920742743
 21
60.09863183734601
 31
0.0
  0
LINE
  5
2AA
330
2A7
100
AcDbEntity
  8
Dimention
 62
0
370
-2
440
16777216
100
AcDbLine
 10
349.1958123604112
 20
61.52922533686508
 30
0.0
 11
349.1958123604112
 21
60.09863183734601
 31
0.0
  0
LINE
  5
2AB
330
2A7
100
AcDbEntity
  8
Dimention
 62
0
370
-2
440
16777216
100
AcDbLine
 10
353.0949920742743
 20
60.11863183734601
 30
0.0
 11
351.624419952677
 21
60.11863183734601
 31
0.0
  0
LINE
  5
2AC
330
2A7
100
AcDbEntity
  8
Dimention
 62
0
370
-2
440
16777216
100
AcDbLine
 10
349.1958123604112
 20
60.11863183734601
 30
0.0
 11
350.6663844820085
 21
60.11863183734601
 31
0.0
  0
INSERT
  5
2AD
330
2A7
100
AcDbEntity
  8
Dimention
 62
0
370
-2
440
16777216
100
AcDbBlockReference
  2
_Oblique
 10
353.0949920742743
 20
60.11863183734601
 30
0.0
 41
0.1
 42
0.1
 43
0.1
  0
INSERT
  5
2AE
330
2A7
100
AcDbEntity
  8
Dimention
 62
0
370
-2
440
16777216
100
AcDbBlockReference
  2
_Oblique
 10
349.1958123604112
 20
60.11863183734601
 30
0.0
 41
0.1
 42
0.1
 43
0.1
 50
180.0
  0
MTEXT
  5
2AF
330
2A7
100
AcDbEntity
  8
Dimention
 62
0
440
16777216
100
AcDbMText
 10
351.1454022173428
 20
60.11863183734601
 30
0.0
 40
0.3
 41
0.0
 46
0.0
 71
5
  1
\A1;3.90
  0
POINT
  5
2B0
330
2A7
100
AcDbEntity
  8
Defpoints
 62
0
440
16777216
100
AcDbPoint
 10
353.0949920742743
 20
62.02622546872692
 30
0.0
  0
POINT
  5
2B1
330
2A7
100
AcDbEntity
  8
Defpoints
 62
0
440
16777216
100
AcDbPoint
 10
349.1958123604112
 20
62.02622533686508
 30
0.0
  0
POINT
  5
2B2
330
2A7
100
AcDbEntity
  8
Defpoints
 62
0
440
16777216
100
AcDbPoint
 10
349.1958123604112
 20
60.11863183734601
 30
0.0
  0
ENDBLK
  5
2B3
330
2A7
100
AcDbEntity
  8
0
100
AcDbBlockEnd
  0
BLOCK
  5
2B5
330
2B4
100
AcDbEntity
  8
0
100
AcDbBlockBegin
  2
*D13
 70
1
 10
0.0
 20
0.0
 30
0.0
  3
*D13
  1

  0
LINE
  5
2B6
330
2B4
100
AcDbEntity
  8
Dimention
 62
0
370
-2
440
16777216
100
AcDbLine
 10
339.3958456984736
 20
59.93143802263178
 30
0.0
 11
339.3958456984736
 21
59.26565793388117
 31
0.0
  0
LINE
  5
2B7
330
2B4
100
AcDbEntity
  8
Dimention
 62
0
370
-2
440
16777216
100
AcDbLine
 10
344.0958886192328
 20
59.93032594466997
 30
0.0
 11
344.0958886192328
 21
59.26565793388117
 31
0.0
  0
LINE
  5
2B8
330
2B4
100
AcDbEntity
  8
Dimention
 62
0
370
-2
440
16777216
100
AcDbLine
 10
339.3958456984736
 20
59.28565793388116
 30
0.0
 11
341.260710269358
 21
59.28565793388116
 31
0.0
  0
LINE
  5
2B9
330
2B4
100
AcDbEntity
  8
Dimention
 62
0
370
-2
440
16777216
100
AcDbLine
 10
344.0958886192328
 20
59.28565793388116
 30
0.0
 11
342.2310240483485
 21
59.28565793388116
 31
0.0
  0
INSERT
  5
2BA
330
2B4
100
AcDbEntity
  8
Dimention
 62
0
370
-2
440
16777216
100
AcDbBlockReference
  2
_Oblique
 10
339.3958456984736
 20
59.28565793388116
 30
0.0
 41
0.1
 42
0.1
 43
0.1
 50
180.0
  0
INSERT
  5
2BB
330
2B4
100
AcDbEntity
  8
Dimention
 62
0
370
-2
440
16777216
100
AcDbBlockReference
  2
_Oblique
 10
344.0958886192328
 20
59.28565793388116
 30
0.0
 41
0.1
 42
0.1
 43
0.1
  0
MTEXT
  5
2BC
330
2B4
100
AcDbEntity
  8
Dimention
 62
0
440
16777216
100
AcDbMText
 10
341.7458671588532
 20
59.28565793388116
 30
0.0
 40
0.3
 41
0.0
 46
0.0
 71
5
  1
\A1;4.70
  0
POINT
  5
2BD
330
2B4
100
AcDbEntity
  8
Defpoints
 62
0
440
16777216
100
AcDbPoint
 10
339.3958456984736
 20
60.42843802263178
 30
-2.03e-14
  0
POINT
  5
2BE
330
2B4
100
AcDbEntity
  8
Defpoints
 62
0
440
16777216
100
AcDbPoint
 10
344.0958886192328
 20
60.42732594466997
 30
-2.05e-14
  0
POINT
  5
2BF
330
2B4
100
AcDbEntity
  8
Defpoints
 62
0
440
16777216
100
AcDbPoint
 10
344.0958886192328
 20
59.28565793388116
 30
0.0
  0
ENDBLK
  5
2C0
330
2B4
100
AcDbEntity
  8
0
100
AcDbBlockEnd
  0
BLOCK
  5
2C2
330
2C1
100
AcDbEntity
  8
0
100
AcDbBlockBegin
  2
*D14
 70
1
 10
0.0
 20
0.0
 30
0.0
  3
*D14
  1

  0
LINE
  5
2C3
330
2C1
100
AcDbEntity
  8
Dimention
 62
0
370
-2
440
16777216
100
AcDbLine
 10
345.9956621512323
 20
59.33904300708373
 30
0.0
 11
345.9956621512323
 21
58.26513506045248
 31
0.0
  0
LINE
  5
2C4
330
2C1
100
AcDbEntity
  8
Dimention
 62
0
370
-2
440
16777216
100
AcDbLine
 10
348.9912593692701
 20
59.33835259019578
 30
0.0
 11
348.9912593692701
 21
58.26513506045248
 31
0.0
  0
LINE
  5
2C5
330
2C1
100
AcDbEntity
  8
Dimention
 62
0
370
-2
440
16777216
100
AcDbLine
 10
345.9956621512323
 20
58.28513506045249
 30
0.0
 11
347.0144430249169
 21
58.28513506045249
 31
0.0
  0
LINE
  5
2C6
330
2C1
100
AcDbEntity
  8
Dimention
 62
0
370
-2
440
16777216
100
AcDbLine
 10
348.9912593692701
 20
58.28513506045249
 30
0.0
 11
347.9724784955855
 21
58.28513506045249
 31
0.0
  0
INSERT
  5
2C7
330
2C1
100
AcDbEntity
  8
Dimention
 62
0
370
-2
440
16777216
100
AcDbBlockReference
  2
_Oblique
 10
345.9956621512323
 20
58.28513506045249
 30
0.0
 41
0.1
 42
0.1
 43
0.1
 50
180.0
  0
INSERT
  5
2C8
330
2C1
100
AcDbEntity
  8
Dimention
 62
0
370
-2
440
16777216
100
AcDbBlockReference
  2
_Oblique
 10
348.9912593692701
 20
58.28513506045249
 30
0.0
 41
0.1
 42
0.1
 43
0.1
  0
MTEXT
  5
2C9
330
2C1
100
AcDbEntity
  8
Dimention
 62
0
440
16777216
100
AcDbMText
 10
347.4934607602512
 20
58.28513506045249
 30
0.0
 40
0.3
 41
0.0
 46
0.0
 71
5
  1
\A1;3.00
  0
POINT
  5
2CA
330
2C1
100
AcDbEntity
  8
Defpoints
 62
0
440
16777216
100
AcDbPoint
 10
345.9956621512323
 20
59.83604300708373
 30
-2.1e-15
  0
POINT
  5
2CB
330
2C1
100
AcDbEntity
  8
Defpoints
 62
0
440
16777216
100
AcDbPoint
 10
348.9912593692701
 20
59.83535259019578
 30
2.5e-15
  0
POINT
  5
2CC
330
2C1
100
AcDbEntity
  8
Defpoints
 62
0
440
16777216
100
AcDbPoint
 10
348.9912593692701
 20
58.28513506045249
 30
0.0
  0
ENDBLK
  5
2CD
330
2C1
100
AcDbEntity
  8
0
100
AcDbBlockEnd
  0
BLOCK
  5
2CF
330
2CE
100
AcDbEntity
  8
0
100
AcDbBlockBegin
  2
*D15
 70
1
 10
0.0
 20
0.0
 30
0.0
  3
*D15
  1

  0
LINE
  5
2D0
330
2CE
100
AcDbEntity
  8
Dimention
 62
0
370
-2
440
16777216
100
AcDbLine
 10
339.3958456984748
 20
54.08035670263082
 30
0.0
 11
339.3958456984748
 21
53.50767772688582
 31
0.0
  0
LINE
  5
2D1
330
2CE
100
AcDbEntity
  8
Dimention
 62
0
370
-2
440
16777216
100
AcDbLine
 10
344.0958890261867
 20
54.08035702958724
 30
0.0
 11
344.0958890261867
 21
53.50767772688582
 31
0.0
  0
LINE
  5
2D2
330
2CE
100
AcDbEntity
  8
Dimention
 62
0
370
-2
440
16777216
100
AcDbLine
 10
339.3958456984748
 20
53.52767772688583
 30
0.0
 11
341.2607104728355
 21
53.52767772688583
 31
0.0
  0
LINE
  5
2D3
330
2CE
100
AcDbEntity
  8
Dimention
 62
0
370
-2
440
16777216
100
AcDbLine
 10
344.0958890261867
 20
53.52767772688583
 30
0.0
 11
342.231024251826
 21
53.52767772688583
 31
0.0
  0
INSERT
  5
2D4
330
2CE
100
AcDbEntity
  8
Dimention
 62
0
370
-2
440
16777216
100
AcDbBlockReference
  2
_Oblique
 10
339.3958456984748
 20
53.52767772688583
 30
0.0
 41
0.1
 42
0.1
 43
0.1
 50
180.0
  0
INSERT
  5
2D5
330
2CE
100
AcDbEntity
  8
Dimention
 62
0
370
-2
440
16777216
100
AcDbBlockReference
  2
_Oblique
 10
344.0958890261867
 20
53.52767772688583
 30
0.0
 41
0.1
 42
0.1
 43
0.1
  0
MTEXT
  5
2D6
330
2CE
100
AcDbEntity
  8
Dimention
 62
0
440
16777216
100
AcDbMText
 10
341.7458673623307
 20
53.52767772688583
 30
0.0
 40
0.3
 41
0.0
 46
0.0
 71
5
  1
\A1;4.70
  0
POINT
  5
2D7
330
2CE
100
AcDbEntity
  8
Defpoints
 62
0
440
16777216
100
AcDbPoint
 10
339.3958456984748
 20
54.57735670263082
 30
0.0
  0
POINT
  5
2D8
330
2CE
100
AcDbEntity
  8
Defpoints
 62
0
440
16777216
100
AcDbPoint
 10
344.0958890261867
 20
54.57735702958723
 30
-1.64e-14
  0
POINT
  5
2D9
330
2CE
100
AcDbEntity
  8
Defpoints
 62
0
440
16777216
100
AcDbPoint
 10
344.0958890261867
 20
53.52767772688583
 30
0.0
  0
ENDBLK
  5
2DA
330
2CE
100
AcDbEntity
  8
0
100
AcDbBlockEnd
  0
BLOCK
  5
2DC
330
2DB
100
AcDbEntity
  8
0
100
AcDbBlockBegin
  2
*D16
 70
1
 10
0.0
 20
0.0
 30
0.0
  3
*D16
  1

  0
LINE
  5
2DD
330
2DB
100
AcDbEntity
  8
Dimention
 62
0
370
-2
440
16777216
100
AcDbLine
 10
344.2958889494165
 20
52.68031706249606
 30
0.0
 11
344.2958889494165
 21
52.21281706898
 31
0.0
  0
LINE
  5
2DE
330
2DB
100
AcDbEntity
  8
Dimention
 62
0
370
-2
440
16777216
100
AcDbLine
 10
348.9907015984221
 20
52.68027164237544
 30
0.0
 11
348.9907015984221
 21
52.21281706898
 31
0.0
  0
LINE
  5
2DF
330
2DB
100
AcDbEntity
  8
Dimention
 62
0
370
-2
440
16777216
100
AcDbLine
 10
344.2958889494165
 20
52.23281706898001
 30
0.0
 11
346.1573198305359
 21
52.23281706898001
 31
0.0
  0
LINE
  5
2E0
330
2DB
100
AcDbEntity
  8
Dimention
 62
0
370
-2
440
16777216
100
AcDbLine
 10
348.9907015984221
 20
52.23281706898001
 30
0.0
 11
347.1292707173027
 21
52.23281706898001
 31
0.0
  0
INSERT
  5
2E1
330
2DB
100
AcDbEntity
  8
Dimention
 62
0
370
-2
440
16777216
100
AcDbBlockReference
  2
_Oblique
 10
344.2958889494165
 20
52.23281706898001
 30
0.0
 41
0.1
 42
0.1
 43
0.1
 50
180.0
  0
INSERT
  5
2E2
330
2DB
100
AcDbEntity
  8
Dimention
 62
0
370
-2
440
16777216
100
AcDbBlockReference
  2
_Oblique
 10
348.9907015984221
 20
52.23281706898001
 30
0.0
 41
0.1
 42
0.1
 43
0.1
  0
MTEXT
  5
2E3
330
2DB
100
AcDbEntity
  8
Dimention
 62
0
440
16777216
100
AcDbMText
 10
346.6432952739193
 20
52.23281706898001
 30
0.0
 40
0.3
 41
0.0
 46
0.0
 71
5
  1
\A1;4.69
  0
POINT
  5
2E4
330
2DB
100
AcDbEntity
  8
Defpoints
 62
0
440
16777216
100
AcDbPoint
 10
344.2958889494165
 20
53.17731706249606
 30
-2.7e-15
  0
POINT
  5
2E5
330
2DB
100
AcDbEntity
  8
Defpoints
 62
0
440
16777216
100
AcDbPoint
 10
348.9907015984221
 20
53.17727164237544
 30
-1.37e-14
  0
POINT
  5
2E6
330
2DB
100
AcDbEntity
  8
Defpoints
 62
0
440
16777216
100
AcDbPoint
 10
348.9907015984221
 20
52.23281706898001
 30
0.0
  0
ENDBLK
  5
2E7
330
2DB
100
AcDbEntity
  8
0
100
AcDbBlockEnd
  0
BLOCK
  5
2E9
330
2E8
100
AcDbEntity
  8
0
100
AcDbBlockBegin
  2
*D17
 70
1
 10
0.0
 20
0.0
 30
0.0
  3
*D17
  1

  0
LINE
  5
2EA
330
2E8
100
AcDbEntity
  8
Dimention
 62
0
370
-2
440
16777216
100
AcDbLine
 10
349.390101981192
 20
56.22544070768132
 30
0.0
 11
349.390101981192
 21
55.56114450737833
 31
0.0
  0
LINE
  5
2EB
330
2E8
100
AcDbEntity
  8
Dimention
 62
0
370
-2
440
16777216
100
AcDbLine
 10
352.8968430042835
 20
56.21857449656866
 30
0.0
 11
352.8968430042835
 21
55.56114450737833
 31
0.0
  0
LINE
  5
2EC
330
2E8
100
AcDbEntity
  8
Dimention
 62
0
370
-2
440
16777216
100
AcDbLine
 10
349.390101981192
 20
55.58114450737834
 30
0.0
 11
350.6928995050161
 21
55.58114450737834
 31
0.0
  0
LINE
  5
2ED
330
2E8
100
AcDbEntity
  8
Dimention
 62
0
370
-2
440
16777216
100
AcDbLine
 10
352.8968430042835
 20
55.58114450737834
 30
0.0
 11
351.5940454804594
 21
55.58114450737834
 31
0.0
  0
INSERT
  5
2EE
330
2E8
100
AcDbEntity
  8
Dimention
 62
0
370
-2
440
16777216
100
AcDbBlockReference
  2
_Oblique
 10
349.390101981192
 20
55.58114450737834
 30
0.0
 41
0.1
 42
0.1
 43
0.1
 50
180.0
  0
INSERT
  5
2EF
330
2E8
100
AcDbEntity
  8
Dimention
 62
0
370
-2
440
16777216
100
AcDbBlockReference
  2
_Oblique
 10
352.8968430042835
 20
55.58114450737834
 30
0.0
 41
0.1
 42
0.1
 43
0.1
  0
MTEXT
  5
2F0
330
2E8
100
AcDbEntity
  8
Dimention
 62
0
440
16777216
100
AcDbMText
 10
351.1434724927378
 20
55.58114450737834
 30
0.0
 40
0.3
 41
0.0
 46
0.0
 71
5
  1
\A1;3.51
  0
POINT
  5
2F1
330
2E8
100
AcDbEntity
  8
Defpoints
 62
0
440
16777216
100
AcDbPoint
 10
349.390101981192
 20
56.72244070768131
 30
1.71e-14
  0
POINT
  5
2F2
330
2E8
100
AcDbEntity
  8
Defpoints
 62
0
440
16777216
100
AcDbPoint
 10
352.8968430042835
 20
56.71557449656866
 30
1.59e-14
  0
POINT
  5
2F3
330
2E8
100
AcDbEntity
  8
Defpoints
 62
0
440
16777216
100
AcDbPoint
 10
352.8968430042835
 20
55.58114450737834
 30
0.0
  0
ENDBLK
  5
2F4
330
2E8
100
AcDbEntity
  8
0
100
AcDbBlockEnd
  0
BLOCK
  5
2F6
330
2F5
100
AcDbEntity
  8
0
100
AcDbBlockBegin
  2
*D18
 70
1
 10
0.0
 20
0.0
 30
0.0
  3
*D18
  1

  0
LINE
  5
2F7
330
2F5
100
AcDbEntity
  8
Dimention
 62
0
370
-2
440
16777216
100
AcDbLine
 10
353.2958053945362
 20
55.11986955724755
 30
0.0
 11
353.2958053945362
 21
55.53435652580733
 31
0.0
  0
LINE
  5
2F8
330
2F5
100
AcDbEntity
  8
Dimention
 62
0
370
-2
440
16777216
100
AcDbLine
 10
360.1809509251546
 20
55.12003717434429
 30
0.0
 11
360.1809509251546
 21
55.53435652580733
 31
0.0
  0
LINE
  5
2F9
330
2F5
100
AcDbEntity
  8
Dimention
 62
0
370
-2
440
16777216
100
AcDbLine
 10
353.2958053945362
 20
55.51435652580733
 30
0.0
 11
356.2576209974988
 21
55.51435652580733
 31
0.0
  0
LINE
  5
2FA
330
2F5
100
AcDbEntity
  8
Dimention
 62
0
370
-2
440
16777216
100
AcDbLine
 10
360.1809509251546
 20
55.51435652580733
 30
0.0
 11
357.219135322192
 21
55.51435652580733
 31
0.0
  0
INSERT
  5
2FB
330
2F5
100
AcDbEntity
  8
Dimention
 62
0
370
-2
440
16777216
100
AcDbBlockReference
  2
_Oblique
 10
353.2958053945362
 20
55.51435652580733
 30
0.0
 41
0.1
 42
0.1
 43
0.1
 50
180.0
  0
INSERT
  5
2FC
330
2F5
100
AcDbEntity
  8
Dimention
 62
0
370
-2
440
16777216
100
AcDbBlockReference
  2
_Oblique
 10
360.1809509251546
 20
55.51435652580733
 30
0.0
 41
0.1
 42
0.1
 43
0.1
  0
MTEXT
  5
2FD
330
2F5
100
AcDbEntity
  8
Dimention
 62
0
440
16777216
100
AcDbMText
 10
356.7383781598454
 20
55.51435652580733
 30
0.0
 40
0.3
 41
0.0
 46
0.0
 71
5
  1
\A1;6.89
  0
POINT
  5
2FE
330
2F5
100
AcDbEntity
  8
Defpoints
 62
0
440
16777216
100
AcDbPoint
 10
353.2958053945362
 20
54.62286955724755
 30
2.5e-15
  0
POINT
  5
2FF
330
2F5
100
AcDbEntity
  8
Defpoints
 62
0
440
16777216
100
AcDbPoint
 10
360.1809509251546
 20
54.62303717434429
 30
2.6e-15
  0
POINT
  5
300
330
2F5
100
AcDbEntity
  8
Defpoints
 62
0
440
16777216
100
AcDbPoint
 10
360.1809509251546
 20
55.51435652580733
 30
0.0
  0
ENDBLK
  5
301
330
2F5
100
AcDbEntity
  8
0
100
AcDbBlockEnd
  0
BLOCK
  5
303
330
302
100
AcDbEntity
  8
0
100
AcDbBlockBegin
  2
*D19
 70
1
 10
0.0
 20
0.0
 30
0.0
  3
*D19
  1

  0
LINE
  5
304
330
302
100
AcDbEntity
  8
Dimention
 62
0
370
-2
440
16777216
100
AcDbLine
 10
360.1809509244398
 20
55.12003671181354
 30
0.0
 11
360.1809509244398
 21
55.48185870966099
 31
0.0
  0
LINE
  5
305
330
302
100
AcDbEntity
  8
Dimention
 62
0
370
-2
440
16777216
100
AcDbLine
 10
366.7958452920506
 20
54.36330608942448
 30
0.0
 11
366.7958452920506
 21
55.48185870966099
 31
0.0
  0
LINE
  5
306
330
302
100
AcDbEntity
  8
Dimention
 62
0
370
-2
440
16777216
100
AcDbLine
 10
360.1809509244398
 20
55.46185870966098
 30
0.0
 11
363.0369042473993
 21
55.46185870966098
 31
0.0
  0
LINE
  5
307
330
302
100
AcDbEntity
  8
Dimention
 62
0
370
-2
440
16777216
100
AcDbLine
 10
366.7958452920506
 20
55.46185870966098
 30
0.0
 11
363.939891969091
 21
55.46185870966098
 31
0.0
  0
INSERT
  5
308
330
302
100
AcDbEntity
  8
Dimention
 62
0
370
-2
440
16777216
100
AcDbBlockReference
  2
_Oblique
 10
360.1809509244398
 20
55.46185870966098
 30
0.0
 41
0.1
 42
0.1
 43
0.1
 50
180.0
  0
INSERT
  5
309
330
302
100
AcDbEntity
  8
Dimention
 62
0
370
-2
440
16777216
100
AcDbBlockReference
  2
_Oblique
 10
366.7958452920506
 20
55.46185870966098
 30
0.0
 41
0.1
 42
0.1
 43
0.1
  0
MTEXT
  5
30A
330
302
100
AcDbEntity
  8
Dimention
 62
0
440
16777216
100
AcDbMText
 10
363.4883981082452
 20
55.46185870966098
 30
0.0
 40
0.3
 41
0.0
 46
0.0
 71
5
  1
\A1;6.61
  0
POINT
  5
30B
330
302
100
AcDbEntity
  8
Defpoints
 62
0
440
16777216
100
AcDbPoint
 10
360.1809509244398
 20
54.62303671181354
 30
2.6e-15
  0
POINT
  5
30C
330
302
100
AcDbEntity
  8
Defpoints
 62
0
440
16777216
100
AcDbPoint
 10
366.7958452920506
 20
53.86630608942448
 30
-7e-16
  0
POINT
  5
30D
330
302
100
AcDbEntity
  8
Defpoints
 62
0
440
16777216
100
AcDbPoint
 10
366.7958452920506
 20
55.46185870966098
 30
0.0
  0
ENDBLK
  5
30E
330
302
100
AcDbEntity
  8
0
100
AcDbBlockEnd
  0
BLOCK
  5
310
330
30F
100
AcDbEntity
  8
0
100
AcDbBlockBegin
  2
*D20
 70
1
 10
0.0
 20
0.0
 30
0.0
  3
*D20
  1

  0
LINE
  5
311
330
30F
100
AcDbEntity
  8
Dimention
 62
0
370
-2
440
16777216
100
AcDbLine
 10
366.2980323716334
 20
62.02622546872695
 30
0.0
 11
366.0708596759179
 21
62.02622546872695
 31
0.0
  0
LINE
  5
312
330
30F
100
AcDbEntity
  8
Dimention
 62
0
370
-2
440
16777216
100
AcDbLine
 10
366.2988456984736
 20
53.0263056826142
 30
0.0
 11
366.0708596759179
 21
53.0263056826142
 31
0.0
  0
LINE
  5
313
330
30F
100
AcDbEntity
  8
Dimention
 62
0
370
-2
440
16777216
100
AcDbLine
 10
366.0908596759179
 20
62.02622546872695
 30
0.0
 11
366.0908596759179
 21
57.76943747198709
 31
0.0
  0
LINE
  5
314
330
30F
100
AcDbEntity
  8
Dimention
 62
0
370
-2
440
16777216
100
AcDbLine
 10
366.0908596759179
 20
53.0263056826142
 30
0.0
 11
366.0908596759179
 21
57.28309367935406
 31
0.0
  0
INSERT
  5
315
330
30F
100
AcDbEntity
  8
Dimention
 62
0
370
-2
440
16777216
100
AcDbBlockReference
  2
_Oblique
 10
366.0908596759179
 20
62.02622546872695
 30
0.0
 41
0.1
 42
0.1
 43
0.1
 50
90.0
  0
INSERT
  5
316
330
30F
100
AcDbEntity
  8
Dimention
 62
0
370
-2
440
16777216
100
AcDbBlockReference
  2
_Oblique
 10
366.0908596759179
 20
53.0263056826142
 30
0.0
 41
0.1
 42
0.1
 43
0.1
 50
270.0
  0
MTEXT
  5
317
330
30F
100
AcDbEntity
  8
Dimention
 62
0
440
16777216
100
AcDbMText
 10
366.0908596759178
 20
57.52626557567046
 30
0.0
 40
0.3
 41
0.0
 46
0.0
 71
5
  1
\A1;9.00
  0
POINT
  5
318
330
30F
100
AcDbEntity
  8
Defpoints
 62
0
440
16777216
100
AcDbPoint
 10
366.7950323716334
 20
62.02622546872695
 30
0.0
  0
POINT
  5
319
330
30F
100
AcDbEntity
  8
Defpoints
 62
0
440
16777216
100
AcDbPoint
 10
366.7958456984736
 20
53.0263056826142
 30
0.0
  0
POINT
  5
31A
330
30F
100
AcDbEntity
  8
Defpoints
 62
0
440
16777216
100
AcDbPoint
 10
366.0908596759179
 20
53.0263056826142
 30
0.0
  0
ENDBLK
  5
31B
330
30F
100
AcDbEntity
  8
0
100
AcDbBlockEnd
  0
BLOCK
  5
31D
330
31C
100
AcDbEntity
  8
0
100
AcDbBlockBegin
  2
*D21
 70
1
 10
0.0
 20
0.0
 30
0.0
  3
*D21
  1

  0
LINE
  5
31E
330
31C
100
AcDbEntity
  8
Dimention
 62
0
370
-2
440
16777216
100
AcDbLine
 10
353.7919920742747
 20
62.02622546872695
 30
0.0
 11
355.1331411765356
 21
62.02622546872695
 31
0.0
  0
LINE
  5
31F
330
31C
100
AcDbEntity
  8
Dimention
 62
0
370
-2
440
16777216
100
AcDbLine
 10
353.7928053945363
 20
54.62286955724758
 30
0.0
 11
355.1331411765356
 21
54.62286955724758
 31
0.0
  0
LINE
  5
320
330
31C
100
AcDbEntity
  8
Dimention
 62
0
370
-2
440
16777216
100
AcDbLine
 10
355.1131411765356
 20
62.02622546872695
 30
0.0
 11
355.1131411765356
 21
58.56771940930378
 31
0.0
  0
LINE
  5
321
330
31C
100
AcDbEntity
  8
Dimention
 62
0
370
-2
440
16777216
100
AcDbLine
 10
355.1131411765356
 20
54.62286955724758
 30
0.0
 11
355.1131411765356
 21
58.08137561667075
 31
0.0
  0
INSERT
  5
322
330
31C
100
AcDbEntity
  8
Dimention
 62
0
370
-2
440
16777216
100
AcDbBlockReference
  2
_Oblique
 10
355.1131411765356
 20
62.02622546872695
 30
0.0
 41
0.1
 42
0.1
 43
0.1
 50
90.0
  0
INSERT
  5
323
330
31C
100
AcDbEntity
  8
Dimention
 62
0
370
-2
440
16777216
100
AcDbBlockReference
  2
_Oblique
 10
355.1131411765356
 20
54.62286955724758
 30
0.0
 41
0.1
 42
0.1
 43
0.1
 50
270.0
  0
MTEXT
  5
324
330
31C
100
AcDbEntity
  8
Dimention
 62
0
440
16777216
100
AcDbMText
 10
355.1131411765355
 20
58.32454751298715
 30
0.0
 40
0.3
 41
0.0
 46
0.0
 71
5
  1
\A1;7.40
  0
POINT
  5
325
330
31C
100
AcDbEntity
  8
Defpoints
 62
0
440
16777216
100
AcDbPoint
 10
353.2949920742747
 20
62.02622546872695
 30
0.0
  0
POINT
  5
326
330
31C
100
AcDbEntity
  8
Defpoints
 62
0
440
16777216
100
AcDbPoint
 10
353.2958053945363
 20
54.62286955724758
 30
2.5e-15
  0
POINT
  5
327
330
31C
100
AcDbEntity
  8
Defpoints
 62
0
440
16777216
100
AcDbPoint
 10
355.1131411765356
 20
54.62286955724758
 30
0.0
  0
ENDBLK
  5
328
330
31C
100
AcDbEntity
  8
0
100
AcDbBlockEnd
  0
BLOCK
  5
32A
330
329
100
AcDbEntity
  8
0
100
AcDbBlockBegin
  2
*D22
 70
1
 10
0.0
 20
0.0
 30
0.0
  3
*D22
  1

  0
LINE
  5
32B
330
329
100
AcDbEntity
  8
Dimention
 62
0
370
-2
440
16777216
100
AcDbLine
 10
366.2999798582551
 20
68.52541602753155
 30
0.0
 11
365.5156210000011
 21
68.52541602753155
 31
0.0
  0
LINE
  5
32C
330
329
100
AcDbEntity
  8
Dimention
 62
0
370
-2
440
16777216
100
AcDbLine
 10
366.2999798582551
 20
62.22622546872699
 30
0.0
 11
365.5156210000011
 21
62.22622546872699
 31
0.0
  0
LINE
  5
32D
330
329
100
AcDbEntity
  8
Dimention
 62
0
370
-2
440
16777216
100
AcDbLine
 10
365.535621000001
 20
68.52541602753155
 30
0.0
 11
365.535621000001
 21
65.61909496368179
 31
0.0
  0
LINE
  5
32E
330
329
100
AcDbEntity
  8
Dimention
 62
0
370
-2
440
16777216
100
AcDbLine
 10
365.535621000001
 20
62.22622546872699
 30
0.0
 11
365.535621000001
 21
65.13254653257675
 31
0.0
  0
INSERT
  5
32F
330
329
100
AcDbEntity
  8
Dimention
 62
0
370
-2
440
16777216
100
AcDbBlockReference
  2
_Oblique
 10
365.535621000001
 20
68.52541602753155
 30
0.0
 41
0.1
 42
0.1
 43
0.1
 50
90.0
  0
INSERT
  5
330
330
329
100
AcDbEntity
  8
Dimention
 62
0
370
-2
440
16777216
100
AcDbBlockReference
  2
_Oblique
 10
365.535621000001
 20
62.22622546872699
 30
0.0
 41
0.1
 42
0.1
 43
0.1
 50
270.0
  0
MTEXT
  5
331
330
329
100
AcDbEntity
  8
Dimention
 62
0
440
16777216
100
AcDbMText
 10
365.535621000001
 20
65.37582074812914
 30
0.0
 40
0.3
 41
0.0
 46
0.0
 71
5
  1
\A1;6.30
  0
POINT
  5
332
330
329
100
AcDbEntity
  8
Defpoints
 62
0
440
16777216
100
AcDbPoint
 10
366.7969798582551
 20
68.52541602753155
 30
0.0
  0
POINT
  5
333
330
329
100
AcDbEntity
  8
Defpoints
 62
0
440
16777216
100
AcDbPoint
 10
366.7969798582551
 20
62.22622546872699
 30
0.0
  0
POINT
  5
334
330
329
100
AcDbEntity
  8
Defpoints
 62
0
440
16777216
100
AcDbPoint
 10
365.535621000001
 20
62.22622546872699
 30
0.0
  0
ENDBLK
  5
335
330
329
100
AcDbEntity
  8
0
100
AcDbBlockEnd
  0
BLOCK
  5
337
330
336
100
AcDbEntity
  8
0
100
AcDbBlockBegin
  2
*D23
 70
1
 10
0.0
 20
0.0
 30
0.0
  3
*D23
  1

  0
LINE
  5
338
330
336
100
AcDbEntity
  8
Dimention
 62
0
370
-2
440
16777216
100
AcDbLine
 10
359.4868141223177
 20
68.52470152992365
 30
0.0
 11
358.7635986174117
 21
68.52470152992365
 31
0.0
  0
LINE
  5
339
330
336
100
AcDbEntity
  8
Dimention
 62
0
370
-2
440
16777216
100
AcDbLine
 10
359.4881053979823
 20
63.98896133267285
 30
0.0
 11
358.7635986174117
 21
63.98896133267285
 31
0.0
  0
LINE
  5
33A
330
336
100
AcDbEntity
  8
Dimention
 62
0
370
-2
440
16777216
100
AcDbLine
 10
358.7835986174117
 20
68.52470152992365
 30
0.0
 11
358.7835986174117
 21
66.49938941219867
 31
0.0
  0
LINE
  5
33B
330
336
100
AcDbEntity
  8
Dimention
 62
0
370
-2
440
16777216
100
AcDbLine
 10
358.7835986174117
 20
63.98896133267285
 30
0.0
 11
358.7835986174117
 21
66.01427345039784
 31
0.0
  0
INSERT
  5
33C
330
336
100
AcDbEntity
  8
Dimention
 62
0
370
-2
440
16777216
100
AcDbBlockReference
  2
_Oblique
 10
358.7835986174117
 20
68.52470152992365
 30
0.0
 41
0.1
 42
0.1
 43
0.1
 50
90.0
  0
INSERT
  5
33D
330
336
100
AcDbEntity
  8
Dimention
 62
0
370
-2
440
16777216
100
AcDbBlockReference
  2
_Oblique
 10
358.7835986174117
 20
63.98896133267285
 30
0.0
 41
0.1
 42
0.1
 43
0.1
 50
270.0
  0
MTEXT
  5
33E
330
336
100
AcDbEntity
  8
Dimention
 62
0
440
16777216
100
AcDbMText
 10
358.7835986174117
 20
66.25683143129812
 30
0.0
 40
0.3
 41
0.0
 46
0.0
 71
5
  1
\A1;4.54
  0
POINT
  5
33F
330
336
100
AcDbEntity
  8
Defpoints
 62
0
440
16777216
100
AcDbPoint
 10
359.9838141223177
 20
68.52470152992365
 30
2.935069297e-07
  0
POINT
  5
340
330
336
100
AcDbEntity
  8
Defpoints
 62
0
440
16777216
100
AcDbPoint
 10
359.9851053979823
 20
63.98896133267285
 30
-0.0001835579405495
  0
POINT
  5
341
330
336
100
AcDbEntity
  8
Defpoints
 62
0
440
16777216
100
AcDbPoint
 10
358.7835986174117
 20
63.98896133267285
 30
0.0
  0
ENDBLK
  5
342
330
336
100
AcDbEntity
  8
0
100
AcDbBlockEnd
  0
BLOCK
  5
344
330
343
100
AcDbEntity
  8
0
100
AcDbBlockBegin
  2
*D24
 70
1
 10
0.0
 20
0.0
 30
0.0
  3
*D24
  1

  0
LINE
  5
345
330
343
100
AcDbEntity
  8
Dimention
 62
0
370
-2
440
16777216
100
AcDbLine
 10
359.4881349678161
 20
63.78896133220329
 30
0.0
 11
359.1683046748109
 21
63.78896133220329
 31
0.0
  0
LINE
  5
346
330
343
100
AcDbEntity
  8
Dimention
 62
0
370
-2
440
16777216
100
AcDbLine
 10
359.4881349678161
 20
62.22622559937824
 30
0.0
 11
359.1683046748109
 21
62.22622559937824
 31
0.0
  0
LINE
  5
347
330
343
100
AcDbEntity
  8
Dimention
 62
0
370
-2
440
16777216
100
AcDbLine
 10
359.1883046748109
 20
63.78896133220329
 30
0.0
 11
359.1883046748109
 21
63.25076536210727
 31
0.0
  0
LINE
  5
348
330
343
100
AcDbEntity
  8
Dimention
 62
0
370
-2
440
16777216
100
AcDbLine
 10
359.1883046748109
 20
62.22622559937824
 30
0.0
 11
359.1883046748109
 21
62.76442156947425
 31
0.0
  0
INSERT
  5
349
330
343
100
AcDbEntity
  8
Dimention
 62
0
370
-2
440
16777216
100
AcDbBlockReference
  2
_Oblique
 10
359.1883046748109
 20
63.78896133220329
 30
0.0
 41
0.1
 42
0.1
 43
0.1
 50
90.0
  0
INSERT
  5
34A
330
343
100
AcDbEntity
  8
Dimention
 62
0
370
-2
440
16777216
100
AcDbBlockReference
  2
_Oblique
 10
359.1883046748109
 20
62.22622559937824
 30
0.0
 41
0.1
 42
0.1
 43
0.1
 50
270.0
  0
MTEXT
  5
34B
330
343
100
AcDbEntity
  8
Dimention
 62
0
440
16777216
100
AcDbMText
 10
359.1883046748108
 20
63.00759346579065
 30
0.0
 40
0.3
 41
0.0
 46
0.0
 71
5
  1
\A1;1.56
  0
POINT
  5
34C
330
343
100
AcDbEntity
  8
Defpoints
 62
0
440
16777216
100
AcDbPoint
 10
359.9851349678161
 20
63.78896133220329
 30
-0.0001795437065975
  0
POINT
  5
34D
330
343
100
AcDbEntity
  8
Defpoints
 62
0
440
16777216
100
AcDbPoint
 10
359.9851349678161
 20
62.22622559937824
 30
-7.09e-14
  0
POINT
  5
34E
330
343
100
AcDbEntity
  8
Defpoints
 62
0
440
16777216
100
AcDbPoint
 10
359.1883046748109
 20
62.22622559937824
 30
0.0
  0
ENDBLK
  5
34F
330
343
100
AcDbEntity
  8
0
100
AcDbBlockEnd
  0
BLOCK
  5
351
330
350
100
AcDbEntity
  8
0
100
AcDbBlockBegin
  2
*D25
 70
1
 10
0.0
 20
0.0
 30
0.0
  3
*D25
  1

  0
LINE
  5
352
330
350
100
AcDbEntity
  8
Dimention
 62
0
370
-2
440
16777216
100
AcDbLine
 10
354.5990014137085
 20
68.52467096233991
 30
0.0
 11
354.614597806736
 21
68.52467096233991
 31
0.0
  0
LINE
  5
353
330
350
100
AcDbEntity
  8
Dimention
 62
0
370
-2
440
16777216
100
AcDbLine
 10
354.5988662182329
 20
65.1207908811548
 30
0.0
 11
354.614597806736
 21
65.1207908811548
 31
0.0
  0
LINE
  5
354
330
350
100
AcDbEntity
  8
Dimention
 62
0
370
-2
440
16777216
100
AcDbLine
 10
354.634597806736
 20
68.52467096233991
 30
0.0
 11
354.634597806736
 21
67.06600513729988
 31
0.0
  0
LINE
  5
355
330
350
100
AcDbEntity
  8
Dimention
 62
0
370
-2
440
16777216
100
AcDbLine
 10
354.634597806736
 20
65.1207908811548
 30
0.0
 11
354.634597806736
 21
66.57945670619485
 31
0.0
  0
INSERT
  5
356
330
350
100
AcDbEntity
  8
Dimention
 62
0
370
-2
440
16777216
100
AcDbBlockReference
  2
_Oblique
 10
354.634597806736
 20
68.52467096233991
 30
0.0
 41
0.1
 42
0.1
 43
0.1
 50
90.0
  0
INSERT
  5
357
330
350
100
AcDbEntity
  8
Dimention
 62
0
370
-2
440
16777216
100
AcDbBlockReference
  2
_Oblique
 10
354.634597806736
 20
65.1207908811548
 30
0.0
 41
0.1
 42
0.1
 43
0.1
 50
270.0
  0
MTEXT
  5
358
330
350
100
AcDbEntity
  8
Dimention
 62
0
440
16777216
100
AcDbMText
 10
354.634597806736
 20
66.82273092174724
 30
0.0
 40
0.3
 41
0.0
 46
0.0
 71
5
  1
\A1;3.40
  0
POINT
  5
359
330
350
100
AcDbEntity
  8
Defpoints
 62
0
440
16777216
100
AcDbPoint
 10
355.0960014137086
 20
68.52467096233991
 30
7.5e-15
  0
POINT
  5
35A
330
350
100
AcDbEntity
  8
Defpoints
 62
0
440
16777216
100
AcDbPoint
 10
355.0958662182329
 20
65.1207908811548
 30
0.0002662166924659
  0
POINT
  5
35B
330
350
100
AcDbEntity
  8
Defpoints
 62
0
440
16777216
100
AcDbPoint
 10
354.634597806736
 20
65.1207908811548
 30
0.0
  0
ENDBLK
  5
35C
330
350
100
AcDbEntity
  8
0
100
AcDbBlockEnd
  0
BLOCK
  5
35E
330
35D
100
AcDbEntity
  8
0
100
AcDbBlockBegin
  2
*D26
 70
1
 10
0.0
 20
0.0
 30
0.0
  3
*D26
  1

  0
LINE
  5
35F
330
35D
100
AcDbEntity
  8
Dimention
 62
0
370
-2
440
16777216
100
AcDbLine
 10
352.5988053945342
 20
68.02622559987745
 30
0.0
 11
351.2169130396711
 21
68.02622559987744
 31
0.0
  0
LINE
  5
360
330
35D
100
AcDbEntity
  8
Dimention
 62
0
370
-2
440
16777216
100
AcDbLine
 10
352.5988053947781
 20
62.22622559937341
 30
0.0
 11
351.2169130396711
 21
62.22622559937341
 31
0.0
  0
LINE
  5
361
330
35D
100
AcDbEntity
  8
Dimention
 62
0
370
-2
440
16777216
100
AcDbLine
 10
351.2369130396711
 20
68.02622559987744
 30
0.0
 11
351.2369130396711
 21
65.36939749594193
 31
0.0
  0
LINE
  5
362
330
35D
100
AcDbEntity
  8
Dimention
 62
0
370
-2
440
16777216
100
AcDbLine
 10
351.2369130396711
 20
62.22622559937341
 30
0.0
 11
351.2369130396711
 21
64.8830537033089
 31
0.0
  0
INSERT
  5
363
330
35D
100
AcDbEntity
  8
Dimention
 62
0
370
-2
440
16777216
100
AcDbBlockReference
  2
_Oblique
 10
351.2369130396711
 20
68.02622559987744
 30
0.0
 41
0.1
 42
0.1
 43
0.1
 50
90.0
  0
INSERT
  5
364
330
35D
100
AcDbEntity
  8
Dimention
 62
0
370
-2
440
16777216
100
AcDbBlockReference
  2
_Oblique
 10
351.2369130396711
 20
62.22622559937341
 30
0.0
 41
0.1
 42
0.1
 43
0.1
 50
270.0
  0
MTEXT
  5
365
330
35D
100
AcDbEntity
  8
Dimention
 62
0
440
16777216
100
AcDbMText
 10
351.236913039671
 20
65.1262255996253
 30
0.0
 40
0.3
 41
0.0
 46
0.0
 71
5
  1
\A1;5.80
  0
POINT
  5
366
330
35D
100
AcDbEntity
  8
Defpoints
 62
0
440
16777216
100
AcDbPoint
 10
353.0958053945342
 20
68.02622559987745
 30
8.7e-15
  0
POINT
  5
367
330
35D
100
AcDbEntity
  8
Defpoints
 62
0
440
16777216
100
AcDbPoint
 10
353.0958053947781
 20
62.22622559937341
 30
-7.17e-14
  0
POINT
  5
368
330
35D
100
AcDbEntity
  8
Defpoints
 62
0
440
16777216
100
AcDbPoint
 10
351.2369130396711
 20
62.22622559937341
 30
0.0
  0
ENDBLK
  5
369
330
35D
100
AcDbEntity
  8
0
100
AcDbBlockEnd
  0
BLOCK
  5
36B
330
36A
100
AcDbEntity
  8
0
100
AcDbBlockBegin
  2
*D27
 70
1
 10
0.0
 20
0.0
 30
0.0
  3
*D27
  1

  0
LINE
  5
36C
330
36A
100
AcDbEntity
  8
Dimention
 62
0
370
-2
440
16777216
100
AcDbLine
 10
348.4988456984732
 20
68.02622559987745
 30
0.0
 11
347.7663499958432
 21
68.02622559987745
 31
0.0
  0
LINE
  5
36D
330
36A
100
AcDbEntity
  8
Dimention
 62
0
370
-2
440
16777216
100
AcDbLine
 10
348.4988366403848
 20
62.22622559756192
 30
0.0
 11
347.7663499958432
 21
62.22622559756192
 31
0.0
  0
LINE
  5
36E
330
36A
100
AcDbEntity
  8
Dimention
 62
0
370
-2
440
16777216
100
AcDbLine
 10
347.7863499958431
 20
68.02622559987745
 30
0.0
 11
347.7863499958431
 21
65.3693974950362
 31
0.0
  0
LINE
  5
36F
330
36A
100
AcDbEntity
  8
Dimention
 62
0
370
-2
440
16777216
100
AcDbLine
 10
347.7863499958431
 20
62.22622559756192
 30
0.0
 11
347.7863499958431
 21
64.88305370240317
 31
0.0
  0
INSERT
  5
370
330
36A
100
AcDbEntity
  8
Dimention
 62
0
370
-2
440
16777216
100
AcDbBlockReference
  2
_Oblique
 10
347.7863499958431
 20
68.02622559987745
 30
0.0
 41
0.1
 42
0.1
 43
0.1
 50
90.0
  0
INSERT
  5
371
330
36A
100
AcDbEntity
  8
Dimention
 62
0
370
-2
440
16777216
100
AcDbBlockReference
  2
_Oblique
 10
347.7863499958431
 20
62.22622559756192
 30
0.0
 41
0.1
 42
0.1
 43
0.1
 50
270.0
  0
MTEXT
  5
372
330
36A
100
AcDbEntity
  8
Dimention
 62
0
440
16777216
100
AcDbMText
 10
347.7863499958431
 20
65.12622559871959
 30
0.0
 40
0.3
 41
0.0
 46
0.0
 71
5
  1
\A1;5.80
  0
POINT
  5
373
330
36A
100
AcDbEntity
  8
Defpoints
 62
0
440
16777216
100
AcDbPoint
 10
348.9958456984732
 20
68.02622559987745
 30
0.0
  0
POINT
  5
374
330
36A
100
AcDbEntity
  8
Defpoints
 62
0
440
16777216
100
AcDbPoint
 10
348.9958366403848
 20
62.22622559756192
 30
-8.16e-14
  0
POINT
  5
375
330
36A
100
AcDbEntity
  8
Defpoints
 62
0
440
16777216
100
AcDbPoint
 10
347.7863499958431
 20
62.22622559756192
 30
0.0
  0
ENDBLK
  5
376
330
36A
100
AcDbEntity
  8
0
100
AcDbBlockEnd
  0
BLOCK
  5
378
330
377
100
AcDbEntity
  8
0
100
AcDbBlockBegin
  2
*D28
 70
1
 10
0.0
 20
0.0
 30
0.0
  3
*D28
  1

  0
LINE
  5
379
330
377
100
AcDbEntity
  8
Dimention
 62
0
370
-2
440
16777216
100
AcDbLine
 10
345.2637089874973
 20
68.02622559536611
 30
0.0
 11
344.2758881609253
 21
68.02622559536611
 31
0.0
  0
LINE
  5
37A
330
377
100
AcDbEntity
  8
Dimention
 62
0
370
-2
440
16777216
100
AcDbLine
 10
345.2638952963849
 20
62.22601243889105
 30
0.0
 11
344.2758881609253
 21
62.22601243889105
 31
0.0
  0
LINE
  5
37B
330
377
100
AcDbEntity
  8
Dimention
 62
0
370
-2
440
16777216
100
AcDbLine
 10
344.2958881609253
 20
68.02622559536611
 30
0.0
 11
344.2958881609253
 21
65.3692909134451
 31
0.0
  0
LINE
  5
37C
330
377
100
AcDbEntity
  8
Dimention
 62
0
370
-2
440
16777216
100
AcDbLine
 10
344.2958881609253
 20
62.22601243889105
 30
0.0
 11
344.2958881609253
 21
64.88294712081208
 31
0.0
  0
INSERT
  5
37D
330
377
100
AcDbEntity
  8
Dimention
 62
0
370
-2
440
16777216
100
AcDbBlockReference
  2
_Oblique
 10
344.2958881609253
 20
68.02622559536611
 30
0.0
 41
0.1
 42
0.1
 43
0.1
 50
90.0
  0
INSERT
  5
37E
330
377
100
AcDbEntity
  8
Dimention
 62
0
370
-2
440
16777216
100
AcDbBlockReference
  2
_Oblique
 10
344.2958881609253
 20
62.22601243889105
 30
0.0
 41
0.1
 42
0.1
 43
0.1
 50
270.0
  0
MTEXT
  5
37F
330
377
100
AcDbEntity
  8
Dimention
 62
0
440
16777216
100
AcDbMText
 10
344.2958881609253
 20
65.12611901712847
 30
0.0
 40
0.3
 41
0.0
 46
0.0
 71
5
  1
\A1;5.80
  0
POINT
  5
380
330
377
100
AcDbEntity
  8
Defpoints
 62
0
440
16777216
100
AcDbPoint
 10
345.7607089874973
 20
68.02622559536611
 30
1e-16
  0
POINT
  5
381
330
377
100
AcDbEntity
  8
Defpoints
 62
0
440
16777216
100
AcDbPoint
 10
345.7608952963849
 20
62.22601243889105
 30
-8.1829e-12
  0
POINT
  5
382
330
377
100
AcDbEntity
  8
Defpoints
 62
0
440
16777216
100
AcDbPoint
 10
344.2958881609253
 20
62.22601243889105
 30
0.0
  0
ENDBLK
  5
383
330
377
100
AcDbEntity
  8
0
100
AcDbBlockEnd
  0
BLOCK
  5
385
330
384
100
AcDbEntity
  8
0
100
AcDbBlockBegin
  2
*D29
 70
1
 10
0.0
 20
0.0
 30
0.0
  3
*D29
  1

  0
LINE
  5
386
330
384
100
AcDbEntity
  8
Dimention
 62
0
370
-2
440
16777216
100
AcDbLine
 10
339.8928456984497
 20
60.42843802263181
 30
0.0
 11
340.9892205529116
 21
60.42843802263181
 31
0.0
  0
LINE
  5
387
330
384
100
AcDbEntity
  8
Dimention
 62
0
370
-2
440
16777216
100
AcDbLine
 10
339.8928456984749
 20
54.82395641449883
 30
0.0
 11
340.9892205529116
 21
54.82395641449883
 31
0.0
  0
LINE
  5
388
330
384
100
AcDbEntity
  8
Dimention
 62
0
370
-2
440
16777216
100
AcDbLine
 10
340.9692205529117
 20
60.42843802263181
 30
0.0
 11
340.9692205529117
 21
57.86936911488183
 31
0.0
  0
LINE
  5
389
330
384
100
AcDbEntity
  8
Dimention
 62
0
370
-2
440
16777216
100
AcDbLine
 10
340.9692205529117
 20
54.82395641449883
 30
0.0
 11
340.9692205529117
 21
57.38302532224881
 31
0.0
  0
INSERT
  5
38A
330
384
100
AcDbEntity
  8
Dimention
 62
0
370
-2
440
16777216
100
AcDbBlockReference
  2
_Oblique
 10
340.9692205529117
 20
60.42843802263181
 30
0.0
 41
0.1
 42
0.1
 43
0.1
 50
90.0
  0
INSERT
  5
38B
330
384
100
AcDbEntity
  8
Dimention
 62
0
370
-2
440
16777216
100
AcDbBlockReference
  2
_Oblique
 10
340.9692205529117
 20
54.82395641449883
 30
0.0
 41
0.1
 42
0.1
 43
0.1
 50
270.0
  0
MTEXT
  5
38C
330
384
100
AcDbEntity
  8
Dimention
 62
0
440
16777216
100
AcDbMText
 10
340.9692205529116
 20
57.62619721856521
 30
0.0
 40
0.3
 41
0.0
 46
0.0
 71
5
  1
\A1;5.60
  0
POINT
  5
38D
330
384
100
AcDbEntity
  8
Defpoints
 62
0
440
16777216
100
AcDbPoint
 10
339.3958456984496
 20
60.42843802263181
 30
-2.6e-15
  0
POINT
  5
38E
330
384
100
AcDbEntity
  8
Defpoints
 62
0
440
16777216
100
AcDbPoint
 10
339.3958456984749
 20
54.82395641449883
 30
0.0
  0
POINT
  5
38F
330
384
100
AcDbEntity
  8
Defpoints
 62
0
440
16777216
100
AcDbPoint
 10
340.9692205529117
 20
54.82395641449883
 30
0.0
  0
ENDBLK
  5
390
330
384
100
AcDbEntity
  8
0
100
AcDbBlockEnd
  0
BLOCK
  5
392
330
391
100
AcDbEntity
  8
0
100
AcDbBlockBegin
  2
*D30
 70
1
 10
0.0
 20
0.0
 30
0.0
  3
*D30
  1

  0
LINE
  5
393
330
391
100
AcDbEntity
  8
Dimention
 62
0
370
-2
440
16777216
100
AcDbLine
 10
339.8928456984742
 20
54.577885798631
 30
0.0
 11
340.9464601776305
 21
54.577885798631
 31
0.0
  0
LINE
  5
394
330
391
100
AcDbEntity
  8
Dimention
 62
0
370
-2
440
16777216
100
AcDbLine
 10
339.8928456984742
 20
48.92782140610339
 30
0.0
 11
340.9464601776305
 21
48.92782140610339
 31
0.0
  0
LINE
  5
395
330
391
100
AcDbEntity
  8
Dimention
 62
0
370
-2
440
16777216
100
AcDbLine
 10
340.9264601776305
 20
54.577885798631
 30
0.0
 11
340.9264601776305
 21
51.9960254986837
 31
0.0
  0
LINE
  5
396
330
391
100
AcDbEntity
  8
Dimention
 62
0
370
-2
440
16777216
100
AcDbLine
 10
340.9264601776305
 20
48.92782140610339
 30
0.0
 11
340.9264601776305
 21
51.50968170605068
 31
0.0
  0
INSERT
  5
397
330
391
100
AcDbEntity
  8
Dimention
 62
0
370
-2
440
16777216
100
AcDbBlockReference
  2
_Oblique
 10
340.9264601776305
 20
54.577885798631
 30
0.0
 41
0.1
 42
0.1
 43
0.1
 50
90.0
  0
INSERT
  5
398
330
391
100
AcDbEntity
  8
Dimention
 62
0
370
-2
440
16777216
100
AcDbBlockReference
  2
_Oblique
 10
340.9264601776305
 20
48.92782140610339
 30
0.0
 41
0.1
 42
0.1
 43
0.1
 50
270.0
  0
MTEXT
  5
399
330
391
100
AcDbEntity
  8
Dimention
 62
0
440
16777216
100
AcDbMText
 10
340.9264601776304
 20
51.75285360236708
 30
0.0
 40
0.3
 41
0.0
 46
0.0
 71
5
  1
\A1;5.65
  0
POINT
  5
39A
330
391
100
AcDbEntity
  8
Defpoints
 62
0
440
16777216
100
AcDbPoint
 10
339.3958456984742
 20
54.577885798631
 30
-4.2e-15
  0
POINT
  5
39B
330
391
100
AcDbEntity
  8
Defpoints
 62
0
440
16777216
100
AcDbPoint
 10
339.3958456984742
 20
48.92782140610339
 30
0.0
  0
POINT
  5
39C
330
391
100
AcDbEntity
  8
Defpoints
 62
0
440
16777216
100
AcDbPoint
 10
340.9264601776305
 20
48.92782140610339
 30
0.0
  0
ENDBLK
  5
39D
330
391
100
AcDbEntity
  8
0
100
AcDbBlockEnd
  0
BLOCK
  5
39F
330
39E
100
AcDbEntity
  8
0
100
AcDbBlockBegin
  2
*D31
 70
1
 10
0.0
 20
0.0
 30
0.0
  3
*D31
  1

  0
LINE
  5
3A0
330
39E
100
AcDbEntity
  8
Dimention
 62
0
370
-2
440
16777216
100
AcDbLine
 10
348.4937151534305
 20
54.57837366246181
 30
0.0
 11
348.1774428384493
 21
54.57837366246181
 31
0.0
  0
LINE
  5
3A1
330
39E
100
AcDbEntity
  8
Dimention
 62
0
370
-2
440
16777216
100
AcDbLine
 10
348.4937151534305
 20
48.93194254601977
 30
0.0
 11
348.1774428384493
 21
48.93194254601977
 31
0.0
  0
LINE
  5
3A2
330
39E
100
AcDbEntity
  8
Dimention
 62
0
370
-2
440
16777216
100
AcDbLine
 10
348.1974428384493
 20
54.57837366246181
 30
0.0
 11
348.1974428384493
 21
51.9983300005573
 31
0.0
  0
LINE
  5
3A3
330
39E
100
AcDbEntity
  8
Dimention
 62
0
370
-2
440
16777216
100
AcDbLine
 10
348.1974428384493
 20
48.93194254601977
 30
0.0
 11
348.1974428384493
 21
51.51198620792428
 31
0.0
  0
INSERT
  5
3A4
330
39E
100
AcDbEntity
  8
Dimention
 62
0
370
-2
440
16777216
100
AcDbBlockReference
  2
_Oblique
 10
348.1974428384493
 20
54.57837366246181
 30
0.0
 41
0.1
 42
0.1
 43
0.1
 50
90.0
  0
INSERT
  5
3A5
330
39E
100
AcDbEntity
  8
Dimention
 62
0
370
-2
440
16777216
100
AcDbBlockReference
  2
_Oblique
 10
348.1974428384493
 20
48.93194254601977
 30
0.0
 41
0.1
 42
0.1
 43
0.1
 50
270.0
  0
MTEXT
  5
3A6
330
39E
100
AcDbEntity
  8
Dimention
 62
0
440
16777216
100
AcDbMText
 10
348.1974428384493
 20
51.75515810424068
 30
0.0
 40
0.3
 41
0.0
 46
0.0
 71
5
  1
\A1;5.65
  0
POINT
  5
3A7
330
39E
100
AcDbEntity
  8
Defpoints
 62
0
440
16777216
100
AcDbPoint
 10
348.9907151534305
 20
54.57837366246181
 30
0.0
  0
POINT
  5
3A8
330
39E
100
AcDbEntity
  8
Defpoints
 62
0
440
16777216
100
AcDbPoint
 10
348.9907151534305
 20
48.93194254601977
 30
0.0
  0
POINT
  5
3A9
330
39E
100
AcDbEntity
  8
Defpoints
 62
0
440
16777216
100
AcDbPoint
 10
348.1974428384493
 20
48.93194254601977
 30
0.0
  0
ENDBLK
  5
3AA
330
39E
100
AcDbEntity
  8
0
100
AcDbBlockEnd
  0
BLOCK
  5
97D
330
97C
100
AcDbEntity
  8
0
100
AcDbBlockBegin
  2
*D35
 70
1
 10
0.0
 20
0.0
 30
0.0
  3
*D35
  1

  0
LINE
  5
AF9
330
97C
100
AcDbEntity
  8
dimition
 62
0
370
-2
440
16777216
100
AcDbLine
 10
42.95779492907685
 20
19.50325036373218
 30
0.0
 11
42.95779492907685
 21
19.19102101840176
 31
0.0
  0
LINE
  5
AFA
330
97C
100
AcDbEntity
  8
dimition
 62
0
370
-2
440
16777216
100
AcDbLine
 10
42.35779492907695
 20
19.50325036373218
 30
0.0
 11
42.35779492907695
 21
19.19102101840176
 31
0.0
  0
LINE
  5
AFB
330
97C
100
AcDbEntity
  8
dimition
 62
0
370
-2
440
16777216
100
AcDbLine
 10
42.77779492907685
 20
19.37102101840176
 30
0.0
 11
42.53779492907694
 21
19.37102101840176
 31
0.0
  0
LINE
  5
AFC
330
97C
100
AcDbEntity
  8
dimition
 62
0
370
-2
440
16777216
100
AcDbLine
 10
42.35779492907695
 20
19.37102101840176
 30
0.0
 11
42.17779492907694
 21
19.37102101840176
 31
0.0
  0
SOLID
  5
AFD
330
97C
100
AcDbEntity
  8
dimition
 62
0
440
16777216
100
AcDbTrace
 10
42.77779492907685
 20
19.40102101840176
 30
0.0
 11
42.77779492907685
 21
19.34102101840176
 31
0.0
 12
42.95779492907685
 22
19.37102101840176
 32
0.0
 13
42.95779492907685
 23
19.37102101840176
 33
0.0
  0
SOLID
  5
AFE
330
97C
100
AcDbEntity
  8
dimition
 62
0
440
16777216
100
AcDbTrace
 10
42.53779492907694
 20
19.40102101840176
 30
0.0
 11
42.53779492907694
 21
19.34102101840176
 31
0.0
 12
42.35779492907695
 22
19.37102101840176
 32
0.0
 13
42.35779492907695
 23
19.37102101840176
 33
0.0
  0
MTEXT
  5
AFF
330
97C
100
AcDbEntity
  8
dimition
 62
0
440
16777216
100
AcDbMText
 10
41.7144729645476
 20
19.37102101840176
 30
0.0
 40
0.18
 41
0.0
 46
0.0
 71
5
  1
\A1;0.6000
  0
POINT
  5
B00
330
97C
100
AcDbEntity
  8
Defpoints
 62
0
440
16777216
100
AcDbPoint
 10
42.95779492907685
 20
19.56575036373218
 30
0.0
  0
POINT
  5
B01
330
97C
100
AcDbEntity
  8
Defpoints
 62
0
440
16777216
100
AcDbPoint
 10
42.35779492907695
 20
19.56575036373218
 30
0.0
  0
POINT
  5
B02
330
97C
100
AcDbEntity
  8
Defpoints
 62
0
440
16777216
100
AcDbPoint
 10
42.35779492907695
 20
19.37102101840176
 30
0.0
  0
ENDBLK
  5
97E
330
97C
100
AcDbEntity
  8
0
100
AcDbBlockEnd
  0
BLOCK
  5
98E
330
98D
100
AcDbEntity
  8
0
100
AcDbBlockBegin
  2
*D36
 70
1
 10
0.0
 20
0.0
 30
0.0
  3
*D36
  1

  0
LINE
  5
990
330
98D
100
AcDbEntity
  8
Dimention
 62
0
370
-2
440
16777216
100
AcDbLine
 10
49.26783084932903
 20
35.16824763761984
 30
0.0
 11
49.26783084932903
 21
34.80542137648536
 31
0.0
  0
LINE
  5
991
330
98D
100
AcDbEntity
  8
Dimention
 62
0
370
-2
440
16777216
100
AcDbLine
 10
42.65578021952832
 20
35.16824763761984
 30
0.0
 11
42.65578021952832
 21
34.80542137648536
 31
0.0
  0
LINE
  5
992
330
98D
100
AcDbEntity
  8
Dimention
 62
0
370
-2
440
16777216
100
AcDbLine
 10
49.26783084932903
 20
34.82542137648537
 30
0.0
 11
46.41329939527451
 21
34.82542137648537
 31
0.0
  0
LINE
  5
993
330
98D
100
AcDbEntity
  8
Dimention
 62
0
370
-2
440
16777216
100
AcDbLine
 10
42.65578021952832
 20
34.82542137648537
 30
0.0
 11
45.51031167358284
 21
34.82542137648537
 31
0.0
  0
INSERT
  5
994
330
98D
100
AcDbEntity
  8
Dimention
 62
0
370
-2
440
16777216
100
AcDbBlockReference
  2
_Oblique
 10
49.26783084932903
 20
34.82542137648537
 30
0.0
 41
0.1
 42
0.1
 43
0.1
  0
INSERT
  5
995
330
98D
100
AcDbEntity
  8
Dimention
 62
0
370
-2
440
16777216
100
AcDbBlockReference
  2
_Oblique
 10
42.65578021952832
 20
34.82542137648537
 30
0.0
 41
0.1
 42
0.1
 43
0.1
 50
180.0
  0
MTEXT
  5
996
330
98D
100
AcDbEntity
  8
Dimention
 62
0
440
16777216
100
AcDbMText
 10
45.96180553442867
 20
34.82542137648537
 30
0.0
 40
0.3
 41
0.0
 46
0.0
 71
5
  1
\A1;6.61
  0
POINT
  5
997
330
98D
100
AcDbEntity
  8
Defpoints
 62
0
440
16777216
100
AcDbPoint
 10
49.26783084932903
 20
35.66524763761985
 30
5.13e-14
  0
POINT
  5
998
330
98D
100
AcDbEntity
  8
Defpoints
 62
0
440
16777216
100
AcDbPoint
 10
42.65578021952832
 20
35.66524763761985
 30
1.6443134996e-06
  0
POINT
  5
999
330
98D
100
AcDbEntity
  8
Defpoints
 62
0
440
16777216
100
AcDbPoint
 10
42.65578021952832
 20
34.82542137648537
 30
0.0
  0
ENDBLK
  5
98F
330
98D
100
AcDbEntity
  8
0
100
AcDbBlockEnd
  0
BLOCK
  5
99B
330
99A
100
AcDbEntity
  8
0
100
AcDbBlockBegin
  2
*D37
 70
1
 10
0.0
 20
0.0
 30
0.0
  3
*D37
  1

  0
LINE
  5
B03
330
99A
100
AcDbEntity
  8
Dimention
 62
0
370
-2
440
16777216
100
AcDbLine
 10
42.45576474580915
 20
35.16705305203418
 30
0.0
 11
42.45576474580915
 21
34.71791748595388
 31
0.0
  0
LINE
  5
B04
330
99A
100
AcDbEntity
  8
Dimention
 62
0
370
-2
440
16777216
100
AcDbLine
 10
37.76795166889932
 20
35.16716850360767
 30
0.0
 11
37.76795166889932
 21
34.71791748595388
 31
0.0
  0
LINE
  5
B05
330
99A
100
AcDbEntity
  8
Dimention
 62
0
370
-2
440
16777216
100
AcDbLine
 10
42.45576474580915
 20
34.73791748595389
 30
0.0
 11
40.59783365073759
 21
34.73791748595389
 31
0.0
  0
LINE
  5
B06
330
99A
100
AcDbEntity
  8
Dimention
 62
0
370
-2
440
16777216
100
AcDbLine
 10
37.76795166889932
 20
34.73791748595389
 30
0.0
 11
39.62588276397088
 21
34.73791748595389
 31
0.0
  0
INSERT
  5
B07
330
99A
100
AcDbEntity
  8
Dimention
 62
0
370
-2
440
16777216
100
AcDbBlockReference
  2
_Oblique
 10
42.45576474580915
 20
34.73791748595389
 30
0.0
 41
0.1
 42
0.1
 43
0.1
  0
INSERT
  5
B08
330
99A
100
AcDbEntity
  8
Dimention
 62
0
370
-2
440
16777216
100
AcDbBlockReference
  2
_Oblique
 10
37.76795166889932
 20
34.73791748595389
 30
0.0
 41
0.1
 42
0.1
 43
0.1
 50
180.0
  0
MTEXT
  5
B09
330
99A
100
AcDbEntity
  8
Dimention
 62
0
440
16777216
100
AcDbMText
 10
40.11185820735423
 20
34.73791748595389
 30
0.0
 40
0.3
 41
0.0
 46
0.0
 71
5
  1
\A1;4.69
  0
POINT
  5
B0A
330
99A
100
AcDbEntity
  8
Defpoints
 62
0
440
16777216
100
AcDbPoint
 10
42.45576474580915
 20
35.66405305203418
 30
2.438466375e-07
  0
POINT
  5
B0B
330
99A
100
AcDbEntity
  8
Defpoints
 62
0
440
16777216
100
AcDbPoint
 10
37.76795166889932
 20
35.66416850360767
 30
-0.0001899208939781
  0
POINT
  5
B0C
330
99A
100
AcDbEntity
  8
Defpoints
 62
0
440
16777216
100
AcDbPoint
 10
37.76795166889932
 20
34.73791748595389
 30
0.0
  0
ENDBLK
  5
99C
330
99A
100
AcDbEntity
  8
0
100
AcDbBlockEnd
  0
BLOCK
  5
9A8
330
9A7
100
AcDbEntity
  8
0
100
AcDbBlockBegin
  2
*D38
 70
1
 10
0.0
 20
0.0
 30
0.0
  3
*D38
  1

  0
LINE
  5
9AA
330
9A7
100
AcDbEntity
  8
Dimention
 62
0
370
-2
440
16777216
100
AcDbLine
 10
37.56795168841235
 20
35.16824763761984
 30
0.0
 11
37.56795168841235
 21
34.69596604472282
 31
0.0
  0
LINE
  5
9AB
330
9A7
100
AcDbEntity
  8
Dimention
 62
0
370
-2
440
16777216
100
AcDbLine
 10
35.76795168841217
 20
35.16824763761984
 30
0.0
 11
35.76795168841217
 21
34.69596604472282
 31
0.0
  0
LINE
  5
9AC
330
9A7
100
AcDbEntity
  8
Dimention
 62
0
370
-2
440
16777216
100
AcDbLine
 10
37.56795168841235
 20
34.71596604472282
 30
0.0
 11
37.13295168841226
 21
34.71596604472282
 31
0.0
  0
LINE
  5
9AD
330
9A7
100
AcDbEntity
  8
Dimention
 62
0
370
-2
440
16777216
100
AcDbLine
 10
35.76795168841217
 20
34.71596604472282
 30
0.0
 11
36.20295168841226
 21
34.71596604472282
 31
0.0
  0
INSERT
  5
9AE
330
9A7
100
AcDbEntity
  8
Dimention
 62
0
370
-2
440
16777216
100
AcDbBlockReference
  2
_Oblique
 10
37.56795168841235
 20
34.71596604472282
 30
0.0
 41
0.1
 42
0.1
 43
0.1
  0
INSERT
  5
9AF
330
9A7
100
AcDbEntity
  8
Dimention
 62
0
370
-2
440
16777216
100
AcDbBlockReference
  2
_Oblique
 10
35.76795168841217
 20
34.71596604472282
 30
0.0
 41
0.1
 42
0.1
 43
0.1
 50
180.0
  0
MTEXT
  5
9B0
330
9A7
100
AcDbEntity
  8
Dimention
 62
0
440
16777216
100
AcDbMText
 10
36.66795168841226
 20
34.71596604472282
 30
0.0
 40
0.3
 41
0.0
 46
0.0
 71
5
  1
\A1;1.80
  0
POINT
  5
9B1
330
9A7
100
AcDbEntity
  8
Defpoints
 62
0
440
16777216
100
AcDbPoint
 10
37.56795168841235
 20
35.66524763761985
 30
7.5e-15
  0
POINT
  5
9B2
330
9A7
100
AcDbEntity
  8
Defpoints
 62
0
440
16777216
100
AcDbPoint
 10
35.76795168841217
 20
35.66524763761985
 30
8e-16
  0
POINT
  5
9B3
330
9A7
100
AcDbEntity
  8
Defpoints
 62
0
440
16777216
100
AcDbPoint
 10
35.76795168841217
 20
34.71596604472282
 30
0.0
  0
ENDBLK
  5
9A9
330
9A7
100
AcDbEntity
  8
0
100
AcDbBlockEnd
  0
BLOCK
  5
9B5
330
9B4
100
AcDbEntity
  8
0
100
AcDbBlockBegin
  2
*D39
 70
1
 10
0.0
 20
0.0
 30
0.0
  3
*D39
  1

  0
LINE
  5
9B7
330
9B4
100
AcDbEntity
  8
Dimention
 62
0
370
-2
440
16777216
100
AcDbLine
 10
35.56775566923843
 20
34.66980227515738
 30
0.0
 11
35.56775566923843
 21
34.72023234921586
 31
0.0
  0
LINE
  5
9B8
330
9B4
100
AcDbEntity
  8
Dimention
 62
0
370
-2
440
16777216
100
AcDbLine
 10
31.66775566923924
 20
34.66899268809287
 30
0.0
 11
31.66775566923924
 21
34.72023234921586
 31
0.0
  0
LINE
  5
9B9
330
9B4
100
AcDbEntity
  8
Dimention
 62
0
370
-2
440
16777216
100
AcDbLine
 10
35.56775566923843
 20
34.74023234921586
 30
0.0
 11
34.09677340457308
 21
34.74023234921586
 31
0.0
  0
LINE
  5
9BA
330
9B4
100
AcDbEntity
  8
Dimention
 62
0
370
-2
440
16777216
100
AcDbLine
 10
31.66775566923924
 20
34.74023234921586
 30
0.0
 11
33.13873793390459
 21
34.74023234921586
 31
0.0
  0
INSERT
  5
9BB
330
9B4
100
AcDbEntity
  8
Dimention
 62
0
370
-2
440
16777216
100
AcDbBlockReference
  2
_Oblique
 10
35.56775566923843
 20
34.74023234921586
 30
0.0
 41
0.1
 42
0.1
 43
0.1
  0
INSERT
  5
9BC
330
9B4
100
AcDbEntity
  8
Dimention
 62
0
370
-2
440
16777216
100
AcDbBlockReference
  2
_Oblique
 10
31.66775566923924
 20
34.74023234921586
 30
0.0
 41
0.1
 42
0.1
 43
0.1
 50
180.0
  0
MTEXT
  5
9BD
330
9B4
100
AcDbEntity
  8
Dimention
 62
0
440
16777216
100
AcDbMText
 10
33.61775566923884
 20
34.74023234921586
 30
0.0
 40
0.3
 41
0.0
 46
0.0
 71
5
  1
\A1;3.90
  0
POINT
  5
9BE
330
9B4
100
AcDbEntity
  8
Defpoints
 62
0
440
16777216
100
AcDbPoint
 10
35.56775566923843
 20
35.16680227515738
 30
0.0
  0
POINT
  5
9BF
330
9B4
100
AcDbEntity
  8
Defpoints
 62
0
440
16777216
100
AcDbPoint
 10
31.66775566923924
 20
35.16599268809287
 30
-5e-16
  0
POINT
  5
9C0
330
9B4
100
AcDbEntity
  8
Defpoints
 62
0
440
16777216
100
AcDbPoint
 10
31.66775566923924
 20
34.74023234921586
 30
0.0
  0
ENDBLK
  5
9B6
330
9B4
100
AcDbEntity
  8
0
100
AcDbBlockEnd
  0
BLOCK
  5
9C2
330
9C1
100
AcDbEntity
  8
0
100
AcDbBlockBegin
  2
*D40
 70
1
 10
0.0
 20
0.0
 30
0.0
  3
*D40
  1

  0
LINE
  5
9C4
330
9C1
100
AcDbEntity
  8
Dimention
 62
0
370
-2
440
16777216
100
AcDbLine
 10
31.46779600011895
 20
34.66980227515721
 30
0.0
 11
31.46779600011895
 21
34.32306549388134
 31
0.0
  0
LINE
  5
9C5
330
9C1
100
AcDbEntity
  8
Dimention
 62
0
370
-2
440
16777216
100
AcDbLine
 10
28.43265969846779
 20
34.66980227515721
 30
0.0
 11
28.43265969846779
 21
34.32306549388134
 31
0.0
  0
LINE
  5
9C6
330
9C1
100
AcDbEntity
  8
Dimention
 62
0
370
-2
440
16777216
100
AcDbLine
 10
31.46779600011895
 20
34.34306549388134
 30
0.0
 11
30.4291432653916
 21
34.34306549388134
 31
0.0
  0
LINE
  5
9C7
330
9C1
100
AcDbEntity
  8
Dimention
 62
0
370
-2
440
16777216
100
AcDbLine
 10
28.43265969846779
 20
34.34306549388134
 30
0.0
 11
29.47131243319514
 21
34.34306549388134
 31
0.0
  0
INSERT
  5
9C8
330
9C1
100
AcDbEntity
  8
Dimention
 62
0
370
-2
440
16777216
100
AcDbBlockReference
  2
_Oblique
 10
31.46779600011895
 20
34.34306549388134
 30
0.0
 41
0.1
 42
0.1
 43
0.1
  0
INSERT
  5
9C9
330
9C1
100
AcDbEntity
  8
Dimention
 62
0
370
-2
440
16777216
100
AcDbBlockReference
  2
_Oblique
 10
28.43265969846779
 20
34.34306549388134
 30
0.0
 41
0.1
 42
0.1
 43
0.1
 50
180.0
  0
MTEXT
  5
9CA
330
9C1
100
AcDbEntity
  8
Dimention
 62
0
440
16777216
100
AcDbMText
 10
29.95022784929337
 20
34.34306549388134
 30
0.0
 40
0.3
 41
0.0
 46
0.0
 71
5
  1
\A1;3.04
  0
POINT
  5
9CB
330
9C1
100
AcDbEntity
  8
Defpoints
 62
0
440
16777216
100
AcDbPoint
 10
31.46779600011895
 20
35.16680227515721
 30
0.0
  0
POINT
  5
9CC
330
9C1
100
AcDbEntity
  8
Defpoints
 62
0
440
16777216
100
AcDbPoint
 10
28.43265969846779
 20
35.16680227515721
 30
0.0
  0
POINT
  5
9CD
330
9C1
100
AcDbEntity
  8
Defpoints
 62
0
440
16777216
100
AcDbPoint
 10
28.43265969846779
 20
34.34306549388134
 30
0.0
  0
ENDBLK
  5
9C3
330
9C1
100
AcDbEntity
  8
0
100
AcDbBlockEnd
  0
BLOCK
  5
9CF
330
9CE
100
AcDbEntity
  8
0
100
AcDbBlockBegin
  2
*D41
 70
1
 10
0.0
 20
0.0
 30
0.0
  3
*D41
  1

  0
LINE
  5
9D1
330
9CE
100
AcDbEntity
  8
Dimention
 62
0
370
-2
440
16777216
100
AcDbLine
 10
28.23265926220109
 20
34.66980227064606
 30
0.0
 11
28.23265926220109
 21
34.34451313158056
 31
0.0
  0
LINE
  5
9D2
330
9CE
100
AcDbEntity
  8
Dimention
 62
0
370
-2
440
16777216
100
AcDbLine
 10
25.06779627267305
 20
34.6698022745686
 30
0.0
 11
25.06779627267305
 21
34.34451313158056
 31
0.0
  0
LINE
  5
9D3
330
9CE
100
AcDbEntity
  8
Dimention
 62
0
370
-2
440
16777216
100
AcDbLine
 10
28.23265926220109
 20
34.36451313158057
 30
0.0
 11
27.12965477971538
 21
34.36451313158057
 31
0.0
  0
LINE
  5
9D4
330
9CE
100
AcDbEntity
  8
Dimention
 62
0
370
-2
440
16777216
100
AcDbLine
 10
25.06779627267305
 20
34.36451313158057
 30
0.0
 11
26.17080075515877
 21
34.36451313158057
 31
0.0
  0
INSERT
  5
9D5
330
9CE
100
AcDbEntity
  8
Dimention
 62
0
370
-2
440
16777216
100
AcDbBlockReference
  2
_Oblique
 10
28.23265926220109
 20
34.36451313158057
 30
0.0
 41
0.1
 42
0.1
 43
0.1
  0
INSERT
  5
9D6
330
9CE
100
AcDbEntity
  8
Dimention
 62
0
370
-2
440
16777216
100
AcDbBlockReference
  2
_Oblique
 10
25.06779627267305
 20
34.36451313158057
 30
0.0
 41
0.1
 42
0.1
 43
0.1
 50
180.0
  0
MTEXT
  5
9D7
330
9CE
100
AcDbEntity
  8
Dimention
 62
0
440
16777216
100
AcDbMText
 10
26.65022776743708
 20
34.36451313158057
 30
0.0
 40
0.3
 41
0.0
 46
0.0
 71
5
  1
\A1;3.16
  0
POINT
  5
9D8
330
9CE
100
AcDbEntity
  8
Defpoints
 62
0
440
16777216
100
AcDbPoint
 10
28.23265926220109
 20
35.16680227064606
 30
1e-16
  0
POINT
  5
9D9
330
9CE
100
AcDbEntity
  8
Defpoints
 62
0
440
16777216
100
AcDbPoint
 10
25.06779627267305
 20
35.1668022745686
 30
-8.26e-14
  0
POINT
  5
9DA
330
9CE
100
AcDbEntity
  8
Defpoints
 62
0
440
16777216
100
AcDbPoint
 10
25.06779627267305
 20
34.36451313158057
 30
0.0
  0
ENDBLK
  5
9D0
330
9CE
100
AcDbEntity
  8
0
100
AcDbBlockEnd
  0
BLOCK
  5
9DC
330
9DB
100
AcDbEntity
  8
0
100
AcDbBlockBegin
  2
*D42
 70
1
 10
0.0
 20
0.0
 30
0.0
  3
*D42
  1

  0
LINE
  5
9DE
330
9DB
100
AcDbEntity
  8
Dimention
 62
0
370
-2
440
16777216
100
AcDbLine
 10
24.86779597317708
 20
34.66980227455689
 30
0.0
 11
24.86779597317708
 21
34.43952105886184
 31
0.0
  0
LINE
  5
9DF
330
9DB
100
AcDbEntity
  8
Dimention
 62
0
370
-2
440
16777216
100
AcDbLine
 10
21.86779597317617
 20
34.66980227455643
 30
0.0
 11
21.86779597317617
 21
34.43952105886184
 31
0.0
  0
LINE
  5
9E0
330
9DB
100
AcDbEntity
  8
Dimention
 62
0
370
-2
440
16777216
100
AcDbLine
 10
24.86779597317708
 20
34.45952105886184
 30
0.0
 11
23.84681370851087
 21
34.45952105886184
 31
0.0
  0
LINE
  5
9E1
330
9DB
100
AcDbEntity
  8
Dimention
 62
0
370
-2
440
16777216
100
AcDbLine
 10
21.86779597317617
 20
34.45952105886184
 30
0.0
 11
22.88877823784238
 21
34.45952105886184
 31
0.0
  0
INSERT
  5
9E2
330
9DB
100
AcDbEntity
  8
Dimention
 62
0
370
-2
440
16777216
100
AcDbBlockReference
  2
_Oblique
 10
24.86779597317708
 20
34.45952105886184
 30
0.0
 41
0.1
 42
0.1
 43
0.1
  0
INSERT
  5
9E3
330
9DB
100
AcDbEntity
  8
Dimention
 62
0
370
-2
440
16777216
100
AcDbBlockReference
  2
_Oblique
 10
21.86779597317617
 20
34.45952105886184
 30
0.0
 41
0.1
 42
0.1
 43
0.1
 50
180.0
  0
MTEXT
  5
9E4
330
9DB
100
AcDbEntity
  8
Dimention
 62
0
440
16777216
100
AcDbMText
 10
23.36779597317663
 20
34.45952105886184
 30
0.0
 40
0.3
 41
0.0
 46
0.0
 71
5
  1
\A1;3.00
  0
POINT
  5
9E5
330
9DB
100
AcDbEntity
  8
Defpoints
 62
0
440
16777216
100
AcDbPoint
 10
24.86779597317708
 20
35.16680227455689
 30
-1.88e-14
  0
POINT
  5
9E6
330
9DB
100
AcDbEntity
  8
Defpoints
 62
0
440
16777216
100
AcDbPoint
 10
21.86779597317617
 20
35.16680227455643
 30
-4e-15
  0
POINT
  5
9E7
330
9DB
100
AcDbEntity
  8
Defpoints
 62
0
440
16777216
100
AcDbPoint
 10
21.86779597317617
 20
34.45952105886184
 30
0.0
  0
ENDBLK
  5
9DD
330
9DB
100
AcDbEntity
  8
0
100
AcDbBlockEnd
  0
BLOCK
  5
9E9
330
9E8
100
AcDbEntity
  8
0
100
AcDbBlockBegin
  2
*D43
 70
1
 10
0.0
 20
0.0
 30
0.0
  3
*D43
  1

  0
LINE
  5
9EB
330
9E8
100
AcDbEntity
  8
Dimention
 62
0
370
-2
440
16777216
100
AcDbLine
 10
49.26775423067091
 20
28.66910802323694
 30
0.0
 11
49.26775423067091
 21
27.65260077545305
 31
0.0
  0
LINE
  5
9EC
330
9E8
100
AcDbEntity
  8
Dimention
 62
0
370
-2
440
16777216
100
AcDbLine
 10
35.76766403856608
 20
28.6692670825672
 30
0.0
 11
35.76766403856608
 21
27.65260077545305
 31
0.0
  0
LINE
  5
9ED
330
9E8
100
AcDbEntity
  8
Dimention
 62
0
370
-2
440
16777216
100
AcDbLine
 10
49.26775423067091
 20
27.67260077545305
 30
0.0
 11
43.09925074444114
 21
27.67260077545305
 31
0.0
  0
LINE
  5
9EE
330
9E8
100
AcDbEntity
  8
Dimention
 62
0
370
-2
440
16777216
100
AcDbLine
 10
35.76766403856608
 20
27.67260077545305
 30
0.0
 11
41.93616752479585
 21
27.67260077545305
 31
0.0
  0
INSERT
  5
9EF
330
9E8
100
AcDbEntity
  8
Dimention
 62
0
370
-2
440
16777216
100
AcDbBlockReference
  2
_Oblique
 10
49.26775423067091
 20
27.67260077545305
 30
0.0
 41
0.1
 42
0.1
 43
0.1
  0
INSERT
  5
9F0
330
9E8
100
AcDbEntity
  8
Dimention
 62
0
370
-2
440
16777216
100
AcDbBlockReference
  2
_Oblique
 10
35.76766403856608
 20
27.67260077545305
 30
0.0
 41
0.1
 42
0.1
 43
0.1
 50
180.0
  0
MTEXT
  5
9F1
330
9E8
100
AcDbEntity
  8
Dimention
 62
0
440
16777216
100
AcDbMText
 10
42.51770913461849
 20
27.67260077545305
 30
0.0
 40
0.3
 41
0.0
 46
0.0
 71
5
  1
\A1;13.50
  0
POINT
  5
9F2
330
9E8
100
AcDbEntity
  8
Defpoints
 62
0
440
16777216
100
AcDbPoint
 10
49.26775423067091
 20
29.16610802323694
 30
2.510595e-10
  0
POINT
  5
9F3
330
9E8
100
AcDbEntity
  8
Defpoints
 62
0
440
16777216
100
AcDbPoint
 10
35.76766403856608
 20
29.1662670825672
 30
3.5902e-12
  0
POINT
  5
9F4
330
9E8
100
AcDbEntity
  8
Defpoints
 62
0
440
16777216
100
AcDbPoint
 10
35.76766403856608
 20
27.67260077545305
 30
0.0
  0
ENDBLK
  5
9EA
330
9E8
100
AcDbEntity
  8
0
100
AcDbBlockEnd
  0
BLOCK
  5
9F6
330
9F5
100
AcDbEntity
  8
0
100
AcDbBlockBegin
  2
*D44
 70
1
 10
0.0
 20
0.0
 30
0.0
  3
*D44
  1

  0
LINE
  5
9F8
330
9F5
100
AcDbEntity
  8
Dimention
 62
0
370
-2
440
16777216
100
AcDbLine
 10
35.56694234897817
 20
28.66980214400688
 30
0.0
 11
35.56694234897817
 21
27.23920851262598
 31
0.0
  0
LINE
  5
9F9
330
9F5
100
AcDbEntity
  8
Dimention
 62
0
370
-2
440
16777216
100
AcDbLine
 10
31.6677626351151
 20
28.66980201214504
 30
0.0
 11
31.6677626351151
 21
27.23920851262598
 31
0.0
  0
LINE
  5
9FA
330
9F5
100
AcDbEntity
  8
Dimention
 62
0
370
-2
440
16777216
100
AcDbLine
 10
35.56694234897817
 20
27.25920851262598
 30
0.0
 11
34.09637022738088
 21
27.25920851262598
 31
0.0
  0
LINE
  5
9FB
330
9F5
100
AcDbEntity
  8
Dimention
 62
0
370
-2
440
16777216
100
AcDbLine
 10
31.6677626351151
 20
27.25920851262598
 30
0.0
 11
33.13833475671239
 21
27.25920851262598
 31
0.0
  0
INSERT
  5
9FC
330
9F5
100
AcDbEntity
  8
Dimention
 62
0
370
-2
440
16777216
100
AcDbBlockReference
  2
_Oblique
 10
35.56694234897817
 20
27.25920851262598
 30
0.0
 41
0.1
 42
0.1
 43
0.1
  0
INSERT
  5
9FD
330
9F5
100
AcDbEntity
  8
Dimention
 62
0
370
-2
440
16777216
100
AcDbBlockReference
  2
_Oblique
 10
31.6677626351151
 20
27.25920851262598
 30
0.0
 41
0.1
 42
0.1
 43
0.1
 50
180.0
  0
MTEXT
  5
9FE
330
9F5
100
AcDbEntity
  8
Dimention
 62
0
440
16777216
100
AcDbMText
 10
33.61735249204663
 20
27.25920851262598
 30
0.0
 40
0.3
 41
0.0
 46
0.0
 71
5
  1
\A1;3.90
  0
POINT
  5
9FF
330
9F5
100
AcDbEntity
  8
Defpoints
 62
0
440
16777216
100
AcDbPoint
 10
35.56694234897817
 20
29.16680214400688
 30
0.0
  0
POINT
  5
A00
330
9F5
100
AcDbEntity
  8
Defpoints
 62
0
440
16777216
100
AcDbPoint
 10
31.6677626351151
 20
29.16680201214504
 30
0.0
  0
POINT
  5
A01
330
9F5
100
AcDbEntity
  8
Defpoints
 62
0
440
16777216
100
AcDbPoint
 10
31.6677626351151
 20
27.25920851262598
 30
0.0
  0
ENDBLK
  5
9F7
330
9F5
100
AcDbEntity
  8
0
100
AcDbBlockEnd
  0
BLOCK
  5
A03
330
A02
100
AcDbEntity
  8
0
100
AcDbBlockBegin
  2
*D45
 70
1
 10
0.0
 20
0.0
 30
0.0
  3
*D45
  1

  0
LINE
  5
A05
330
A02
100
AcDbEntity
  8
Dimention
 62
0
370
-2
440
16777216
100
AcDbLine
 10
21.86779597317753
 20
27.07201469791174
 30
0.0
 11
21.86779597317753
 21
26.40623460916113
 31
0.0
  0
LINE
  5
A06
330
A02
100
AcDbEntity
  8
Dimention
 62
0
370
-2
440
16777216
100
AcDbLine
 10
26.56783889393672
 20
27.07090261994994
 30
0.0
 11
26.56783889393672
 21
26.40623460916113
 31
0.0
  0
LINE
  5
A07
330
A02
100
AcDbEntity
  8
Dimention
 62
0
370
-2
440
16777216
100
AcDbLine
 10
21.86779597317753
 20
26.42623460916113
 30
0.0
 11
23.7326605440619
 21
26.42623460916113
 31
0.0
  0
LINE
  5
A08
330
A02
100
AcDbEntity
  8
Dimention
 62
0
370
-2
440
16777216
100
AcDbLine
 10
26.56783889393672
 20
26.42623460916113
 30
0.0
 11
24.70297432305236
 21
26.42623460916113
 31
0.0
  0
INSERT
  5
A09
330
A02
100
AcDbEntity
  8
Dimention
 62
0
370
-2
440
16777216
100
AcDbBlockReference
  2
_Oblique
 10
21.86779597317753
 20
26.42623460916113
 30
0.0
 41
0.1
 42
0.1
 43
0.1
 50
180.0
  0
INSERT
  5
A0A
330
A02
100
AcDbEntity
  8
Dimention
 62
0
370
-2
440
16777216
100
AcDbBlockReference
  2
_Oblique
 10
26.56783889393672
 20
26.42623460916113
 30
0.0
 41
0.1
 42
0.1
 43
0.1
  0
MTEXT
  5
A0B
330
A02
100
AcDbEntity
  8
Dimention
 62
0
440
16777216
100
AcDbMText
 10
24.21781743355713
 20
26.42623460916113
 30
0.0
 40
0.3
 41
0.0
 46
0.0
 71
5
  1
\A1;4.70
  0
POINT
  5
A0C
330
A02
100
AcDbEntity
  8
Defpoints
 62
0
440
16777216
100
AcDbPoint
 10
21.86779597317753
 20
27.56901469791174
 30
-2.03e-14
  0
POINT
  5
A0D
330
A02
100
AcDbEntity
  8
Defpoints
 62
0
440
16777216
100
AcDbPoint
 10
26.56783889393672
 20
27.56790261994993
 30
-2.05e-14
  0
POINT
  5
A0E
330
A02
100
AcDbEntity
  8
Defpoints
 62
0
440
16777216
100
AcDbPoint
 10
26.56783889393672
 20
26.42623460916113
 30
0.0
  0
ENDBLK
  5
A04
330
A02
100
AcDbEntity
  8
0
100
AcDbBlockEnd
  0
BLOCK
  5
A10
330
A0F
100
AcDbEntity
  8
0
100
AcDbBlockBegin
  2
*D46
 70
1
 10
0.0
 20
0.0
 30
0.0
  3
*D46
  1

  0
LINE
  5
A12
330
A0F
100
AcDbEntity
  8
Dimention
 62
0
370
-2
440
16777216
100
AcDbLine
 10
28.4676124259362
 20
26.47961968236369
 30
0.0
 11
28.4676124259362
 21
25.40571173573245
 31
0.0
  0
LINE
  5
A13
330
A0F
100
AcDbEntity
  8
Dimention
 62
0
370
-2
440
16777216
100
AcDbLine
 10
31.463209643974
 20
26.47892926547574
 30
0.0
 11
31.463209643974
 21
25.40571173573245
 31
0.0
  0
LINE
  5
A14
330
A0F
100
AcDbEntity
  8
Dimention
 62
0
370
-2
440
16777216
100
AcDbLine
 10
28.4676124259362
 20
25.42571173573245
 30
0.0
 11
29.48639329962086
 21
25.42571173573245
 31
0.0
  0
LINE
  5
A15
330
A0F
100
AcDbEntity
  8
Dimention
 62
0
370
-2
440
16777216
100
AcDbLine
 10
31.463209643974
 20
25.42571173573245
 30
0.0
 11
30.44442877028934
 21
25.42571173573245
 31
0.0
  0
INSERT
  5
A16
330
A0F
100
AcDbEntity
  8
Dimention
 62
0
370
-2
440
16777216
100
AcDbBlockReference
  2
_Oblique
 10
28.4676124259362
 20
25.42571173573245
 30
0.0
 41
0.1
 42
0.1
 43
0.1
 50
180.0
  0
INSERT
  5
A17
330
A0F
100
AcDbEntity
  8
Dimention
 62
0
370
-2
440
16777216
100
AcDbBlockReference
  2
_Oblique
 10
31.463209643974
 20
25.42571173573245
 30
0.0
 41
0.1
 42
0.1
 43
0.1
  0
MTEXT
  5
A18
330
A0F
100
AcDbEntity
  8
Dimention
 62
0
440
16777216
100
AcDbMText
 10
29.96541103495509
 20
25.42571173573245
 30
0.0
 40
0.3
 41
0.0
 46
0.0
 71
5
  1
\A1;3.00
  0
POINT
  5
A19
330
A0F
100
AcDbEntity
  8
Defpoints
 62
0
440
16777216
100
AcDbPoint
 10
28.4676124259362
 20
26.97661968236369
 30
-2.1e-15
  0
POINT
  5
A1A
330
A0F
100
AcDbEntity
  8
Defpoints
 62
0
440
16777216
100
AcDbPoint
 10
31.463209643974
 20
26.97592926547574
 30
2.5e-15
  0
POINT
  5
A1B
330
A0F
100
AcDbEntity
  8
Defpoints
 62
0
440
16777216
100
AcDbPoint
 10
31.463209643974
 20
25.42571173573245
 30
0.0
  0
ENDBLK
  5
A11
330
A0F
100
AcDbEntity
  8
0
100
AcDbBlockEnd
  0
BLOCK
  5
A1D
330
A1C
100
AcDbEntity
  8
0
100
AcDbBlockBegin
  2
*D47
 70
1
 10
0.0
 20
0.0
 30
0.0
  3
*D47
  1

  0
LINE
  5
A1F
330
A1C
100
AcDbEntity
  8
Dimention
 62
0
370
-2
440
16777216
100
AcDbLine
 10
21.86779597317867
 20
21.22093337791078
 30
0.0
 11
21.86779597317867
 21
20.64825440216579
 31
0.0
  0
LINE
  5
A20
330
A1C
100
AcDbEntity
  8
Dimention
 62
0
370
-2
440
16777216
100
AcDbLine
 10
26.56783930089058
 20
21.22093370486719
 30
0.0
 11
26.56783930089058
 21
20.64825440216579
 31
0.0
  0
LINE
  5
A21
330
A1C
100
AcDbEntity
  8
Dimention
 62
0
370
-2
440
16777216
100
AcDbLine
 10
21.86779597317867
 20
20.66825440216579
 30
0.0
 11
23.7326607475394
 21
20.66825440216579
 31
0.0
  0
LINE
  5
A22
330
A1C
100
AcDbEntity
  8
Dimention
 62
0
370
-2
440
16777216
100
AcDbLine
 10
26.56783930089058
 20
20.66825440216579
 30
0.0
 11
24.70297452652986
 21
20.66825440216579
 31
0.0
  0
INSERT
  5
A23
330
A1C
100
AcDbEntity
  8
Dimention
 62
0
370
-2
440
16777216
100
AcDbBlockReference
  2
_Oblique
 10
21.86779597317867
 20
20.66825440216579
 30
0.0
 41
0.1
 42
0.1
 43
0.1
 50
180.0
  0
INSERT
  5
A24
330
A1C
100
AcDbEntity
  8
Dimention
 62
0
370
-2
440
16777216
100
AcDbBlockReference
  2
_Oblique
 10
26.56783930089058
 20
20.66825440216579
 30
0.0
 41
0.1
 42
0.1
 43
0.1
  0
MTEXT
  5
A25
330
A1C
100
AcDbEntity
  8
Dimention
 62
0
440
16777216
100
AcDbMText
 10
24.21781763703463
 20
20.66825440216579
 30
0.0
 40
0.3
 41
0.0
 46
0.0
 71
5
  1
\A1;4.70
  0
POINT
  5
A26
330
A1C
100
AcDbEntity
  8
Defpoints
 62
0
440
16777216
100
AcDbPoint
 10
21.86779597317867
 20
21.71793337791078
 30
0.0
  0
POINT
  5
A27
330
A1C
100
AcDbEntity
  8
Defpoints
 62
0
440
16777216
100
AcDbPoint
 10
26.56783930089058
 20
21.71793370486719
 30
-1.64e-14
  0
POINT
  5
A28
330
A1C
100
AcDbEntity
  8
Defpoints
 62
0
440
16777216
100
AcDbPoint
 10
26.56783930089058
 20
20.66825440216579
 30
0.0
  0
ENDBLK
  5
A1E
330
A1C
100
AcDbEntity
  8
0
100
AcDbBlockEnd
  0
BLOCK
  5
A2A
330
A29
100
AcDbEntity
  8
0
100
AcDbBlockBegin
  2
*D48
 70
1
 10
0.0
 20
0.0
 30
0.0
  3
*D48
  1

  0
LINE
  5
A2C
330
A29
100
AcDbEntity
  8
Dimention
 62
0
370
-2
440
16777216
100
AcDbLine
 10
26.76783922412041
 20
19.82089373777602
 30
0.0
 11
26.76783922412041
 21
19.35339374425997
 31
0.0
  0
LINE
  5
A2D
330
A29
100
AcDbEntity
  8
Dimention
 62
0
370
-2
440
16777216
100
AcDbLine
 10
31.46265187312601
 20
19.8208483176554
 30
0.0
 11
31.46265187312601
 21
19.35339374425997
 31
0.0
  0
LINE
  5
A2E
330
A29
100
AcDbEntity
  8
Dimention
 62
0
370
-2
440
16777216
100
AcDbLine
 10
26.76783922412041
 20
19.37339374425997
 30
0.0
 11
28.62927010523985
 21
19.37339374425997
 31
0.0
  0
LINE
  5
A2F
330
A29
100
AcDbEntity
  8
Dimention
 62
0
370
-2
440
16777216
100
AcDbLine
 10
31.46265187312601
 20
19.37339374425997
 30
0.0
 11
29.60122099200657
 21
19.37339374425997
 31
0.0
  0
INSERT
  5
A30
330
A29
100
AcDbEntity
  8
Dimention
 62
0
370
-2
440
16777216
100
AcDbBlockReference
  2
_Oblique
 10
26.76783922412041
 20
19.37339374425997
 30
0.0
 41
0.1
 42
0.1
 43
0.1
 50
180.0
  0
INSERT
  5
A31
330
A29
100
AcDbEntity
  8
Dimention
 62
0
370
-2
440
16777216
100
AcDbBlockReference
  2
_Oblique
 10
31.46265187312601
 20
19.37339374425997
 30
0.0
 41
0.1
 42
0.1
 43
0.1
  0
MTEXT
  5
A32
330
A29
100
AcDbEntity
  8
Dimention
 62
0
440
16777216
100
AcDbMText
 10
29.11524554862321
 20
19.37339374425997
 30
0.0
 40
0.3
 41
0.0
 46
0.0
 71
5
  1
\A1;4.69
  0
POINT
  5
A33
330
A29
100
AcDbEntity
  8
Defpoints
 62
0
440
16777216
100
AcDbPoint
 10
26.76783922412041
 20
20.31789373777602
 30
-2.7e-15
  0
POINT
  5
A34
330
A29
100
AcDbEntity
  8
Defpoints
 62
0
440
16777216
100
AcDbPoint
 10
31.46265187312601
 20
20.3178483176554
 30
-1.37e-14
  0
POINT
  5
A35
330
A29
100
AcDbEntity
  8
Defpoints
 62
0
440
16777216
100
AcDbPoint
 10
31.46265187312601
 20
19.37339374425997
 30
0.0
  0
ENDBLK
  5
A2B
330
A29
100
AcDbEntity
  8
0
100
AcDbBlockEnd
  0
BLOCK
  5
A37
330
A36
100
AcDbEntity
  8
0
100
AcDbBlockBegin
  2
*D49
 70
1
 10
0.0
 20
0.0
 30
0.0
  3
*D49
  1

  0
LINE
  5
B0D
330
A36
100
AcDbEntity
  8
Dimention
 62
0
370
-2
440
16777216
100
AcDbLine
 10
31.86205225589592
 20
23.36601738296128
 30
0.0
 11
31.86205225589592
 21
22.7017211826583
 31
0.0
  0
LINE
  5
B0E
330
A36
100
AcDbEntity
  8
Dimention
 62
0
370
-2
440
16777216
100
AcDbLine
 10
35.36879327898745
 20
23.35915117184862
 30
0.0
 11
35.36879327898745
 21
22.7017211826583
 31
0.0
  0
LINE
  5
B0F
330
A36
100
AcDbEntity
  8
Dimention
 62
0
370
-2
440
16777216
100
AcDbLine
 10
31.86205225589592
 20
22.7217211826583
 30
0.0
 11
33.16484977971999
 21
22.7217211826583
 31
0.0
  0
LINE
  5
B10
330
A36
100
AcDbEntity
  8
Dimention
 62
0
370
-2
440
16777216
100
AcDbLine
 10
35.36879327898745
 20
22.7217211826583
 30
0.0
 11
34.06599575516338
 21
22.7217211826583
 31
0.0
  0
INSERT
  5
B11
330
A36
100
AcDbEntity
  8
Dimention
 62
0
370
-2
440
16777216
100
AcDbBlockReference
  2
_Oblique
 10
31.86205225589592
 20
22.7217211826583
 30
0.0
 41
0.1
 42
0.1
 43
0.1
 50
180.0
  0
INSERT
  5
B12
330
A36
100
AcDbEntity
  8
Dimention
 62
0
370
-2
440
16777216
100
AcDbBlockReference
  2
_Oblique
 10
35.36879327898745
 20
22.7217211826583
 30
0.0
 41
0.1
 42
0.1
 43
0.1
  0
MTEXT
  5
B13
330
A36
100
AcDbEntity
  8
Dimention
 62
0
440
16777216
100
AcDbMText
 10
33.61542276744169
 20
22.7217211826583
 30
0.0
 40
0.3
 41
0.0
 46
0.0
 71
5
  1
\A1;3.51
  0
POINT
  5
B14
330
A36
100
AcDbEntity
  8
Defpoints
 62
0
440
16777216
100
AcDbPoint
 10
31.86205225589592
 20
23.86301738296127
 30
1.71e-14
  0
POINT
  5
B15
330
A36
100
AcDbEntity
  8
Defpoints
 62
0
440
16777216
100
AcDbPoint
 10
35.36879327898745
 20
23.85615117184862
 30
1.59e-14
  0
POINT
  5
B16
330
A36
100
AcDbEntity
  8
Defpoints
 62
0
440
16777216
100
AcDbPoint
 10
35.36879327898745
 20
22.7217211826583
 30
0.0
  0
ENDBLK
  5
A38
330
A36
100
AcDbEntity
  8
0
100
AcDbBlockEnd
  0
BLOCK
  5
A44
330
A43
100
AcDbEntity
  8
0
100
AcDbBlockBegin
  2
*D50
 70
1
 10
0.0
 20
0.0
 30
0.0
  3
*D50
  1

  0
LINE
  5
A46
330
A43
100
AcDbEntity
  8
Dimention
 62
0
370
-2
440
16777216
100
AcDbLine
 10
35.76775566924006
 20
22.26044623252751
 30
0.0
 11
35.76775566924006
 21
22.67493320108729
 31
0.0
  0
LINE
  5
A47
330
A43
100
AcDbEntity
  8
Dimention
 62
0
370
-2
440
16777216
100
AcDbLine
 10
42.65290119985856
 20
22.26061384962425
 30
0.0
 11
42.65290119985856
 21
22.67493320108729
 31
0.0
  0
LINE
  5
A48
330
A43
100
AcDbEntity
  8
Dimention
 62
0
370
-2
440
16777216
100
AcDbLine
 10
35.76775566924006
 20
22.65493320108729
 30
0.0
 11
38.72957127220279
 21
22.65493320108729
 31
0.0
  0
LINE
  5
A49
330
A43
100
AcDbEntity
  8
Dimention
 62
0
370
-2
440
16777216
100
AcDbLine
 10
42.65290119985856
 20
22.65493320108729
 30
0.0
 11
39.69108559689583
 21
22.65493320108729
 31
0.0
  0
INSERT
  5
A4A
330
A43
100
AcDbEntity
  8
Dimention
 62
0
370
-2
440
16777216
100
AcDbBlockReference
  2
_Oblique
 10
35.76775566924006
 20
22.65493320108729
 30
0.0
 41
0.1
 42
0.1
 43
0.1
 50
180.0
  0
INSERT
  5
A4B
330
A43
100
AcDbEntity
  8
Dimention
 62
0
370
-2
440
16777216
100
AcDbBlockReference
  2
_Oblique
 10
42.65290119985856
 20
22.65493320108729
 30
0.0
 41
0.1
 42
0.1
 43
0.1
  0
MTEXT
  5
A4C
330
A43
100
AcDbEntity
  8
Dimention
 62
0
440
16777216
100
AcDbMText
 10
39.21032843454931
 20
22.65493320108729
 30
0.0
 40
0.3
 41
0.0
 46
0.0
 71
5
  1
\A1;6.89
  0
POINT
  5
A4D
330
A43
100
AcDbEntity
  8
Defpoints
 62
0
440
16777216
100
AcDbPoint
 10
35.76775566924006
 20
21.76344623252751
 30
2.5e-15
  0
POINT
  5
A4E
330
A43
100
AcDbEntity
  8
Defpoints
 62
0
440
16777216
100
AcDbPoint
 10
42.65290119985856
 20
21.76361384962425
 30
2.6e-15
  0
POINT
  5
A4F
330
A43
100
AcDbEntity
  8
Defpoints
 62
0
440
16777216
100
AcDbPoint
 10
42.65290119985856
 20
22.65493320108729
 30
0.0
  0
ENDBLK
  5
A45
330
A43
100
AcDbEntity
  8
0
100
AcDbBlockEnd
  0
BLOCK
  5
A51
330
A50
100
AcDbEntity
  8
0
100
AcDbBlockBegin
  2
*D51
 70
1
 10
0.0
 20
0.0
 30
0.0
  3
*D51
  1

  0
LINE
  5
B17
330
A50
100
AcDbEntity
  8
Dimention
 62
0
370
-2
440
16777216
100
AcDbLine
 10
42.65290119914371
 20
22.2606133870935
 30
0.0
 11
42.65290119914371
 21
22.62243538494095
 31
0.0
  0
LINE
  5
B18
330
A50
100
AcDbEntity
  8
Dimention
 62
0
370
-2
440
16777216
100
AcDbLine
 10
49.26779556675446
 20
21.50388276470444
 30
0.0
 11
49.26779556675446
 21
22.62243538494095
 31
0.0
  0
LINE
  5
B19
330
A50
100
AcDbEntity
  8
Dimention
 62
0
370
-2
440
16777216
100
AcDbLine
 10
42.65290119914371
 20
22.60243538494095
 30
0.0
 11
45.50885452210325
 21
22.60243538494095
 31
0.0
  0
LINE
  5
B1A
330
A50
100
AcDbEntity
  8
Dimention
 62
0
370
-2
440
16777216
100
AcDbLine
 10
49.26779556675446
 20
22.60243538494095
 30
0.0
 11
46.41184224379492
 21
22.60243538494095
 31
0.0
  0
INSERT
  5
B1B
330
A50
100
AcDbEntity
  8
Dimention
 62
0
370
-2
440
16777216
100
AcDbBlockReference
  2
_Oblique
 10
42.65290119914371
 20
22.60243538494095
 30
0.0
 41
0.1
 42
0.1
 43
0.1
 50
180.0
  0
INSERT
  5
B1C
330
A50
100
AcDbEntity
  8
Dimention
 62
0
370
-2
440
16777216
100
AcDbBlockReference
  2
_Oblique
 10
49.26779556675446
 20
22.60243538494095
 30
0.0
 41
0.1
 42
0.1
 43
0.1
  0
MTEXT
  5
B1D
330
A50
100
AcDbEntity
  8
Dimention
 62
0
440
16777216
100
AcDbMText
 10
45.96034838294908
 20
22.60243538494095
 30
0.0
 40
0.3
 41
0.0
 46
0.0
 71
5
  1
\A1;6.61
  0
POINT
  5
B1E
330
A50
100
AcDbEntity
  8
Defpoints
 62
0
440
16777216
100
AcDbPoint
 10
42.65290119914371
 20
21.7636133870935
 30
2.6e-15
  0
POINT
  5
B1F
330
A50
100
AcDbEntity
  8
Defpoints
 62
0
440
16777216
100
AcDbPoint
 10
49.26779556675446
 20
21.00688276470444
 30
-7e-16
  0
POINT
  5
B20
330
A50
100
AcDbEntity
  8
Defpoints
 62
0
440
16777216
100
AcDbPoint
 10
49.26779556675446
 20
22.60243538494095
 30
0.0
  0
ENDBLK
  5
A52
330
A50
100
AcDbEntity
  8
0
100
AcDbBlockEnd
  0
BLOCK
  5
A5E
330
A5D
100
AcDbEntity
  8
0
100
AcDbBlockBegin
  2
*D52
 70
1
 10
0.0
 20
0.0
 30
0.0
  3
*D52
  1

  0
LINE
  5
A60
330
A5D
100
AcDbEntity
  8
Dimention
 62
0
370
-2
440
16777216
100
AcDbLine
 10
48.76998264633721
 20
29.1668021440069
 30
0.0
 11
48.54280995062176
 21
29.1668021440069
 31
0.0
  0
LINE
  5
A61
330
A5D
100
AcDbEntity
  8
Dimention
 62
0
370
-2
440
16777216
100
AcDbLine
 10
48.77079597317742
 20
20.16688235789414
 30
0.0
 11
48.54280995062176
 21
20.16688235789414
 31
0.0
  0
LINE
  5
A62
330
A5D
100
AcDbEntity
  8
Dimention
 62
0
370
-2
440
16777216
100
AcDbLine
 10
48.56280995062177
 20
29.1668021440069
 30
0.0
 11
48.56280995062177
 21
24.91001414726703
 31
0.0
  0
LINE
  5
A63
330
A5D
100
AcDbEntity
  8
Dimention
 62
0
370
-2
440
16777216
100
AcDbLine
 10
48.56280995062177
 20
20.16688235789414
 30
0.0
 11
48.56280995062177
 21
24.42367035463401
 31
0.0
  0
INSERT
  5
A64
330
A5D
100
AcDbEntity
  8
Dimention
 62
0
370
-2
440
16777216
100
AcDbBlockReference
  2
_Oblique
 10
48.56280995062177
 20
29.1668021440069
 30
0.0
 41
0.1
 42
0.1
 43
0.1
 50
90.0
  0
INSERT
  5
A65
330
A5D
100
AcDbEntity
  8
Dimention
 62
0
370
-2
440
16777216
100
AcDbBlockReference
  2
_Oblique
 10
48.56280995062177
 20
20.16688235789414
 30
0.0
 41
0.1
 42
0.1
 43
0.1
 50
270.0
  0
MTEXT
  5
A66
330
A5D
100
AcDbEntity
  8
Dimention
 62
0
440
16777216
100
AcDbMText
 10
48.56280995062176
 20
24.6668422509505
 30
0.0
 40
0.3
 41
0.0
 46
0.0
 71
5
  1
\A1;9.00
  0
POINT
  5
A67
330
A5D
100
AcDbEntity
  8
Defpoints
 62
0
440
16777216
100
AcDbPoint
 10
49.26698264633721
 20
29.1668021440069
 30
0.0
  0
POINT
  5
A68
330
A5D
100
AcDbEntity
  8
Defpoints
 62
0
440
16777216
100
AcDbPoint
 10
49.26779597317743
 20
20.16688235789414
 30
0.0
  0
POINT
  5
A69
330
A5D
100
AcDbEntity
  8
Defpoints
 62
0
440
16777216
100
AcDbPoint
 10
48.56280995062177
 20
20.16688235789414
 30
0.0
  0
ENDBLK
  5
A5F
330
A5D
100
AcDbEntity
  8
0
100
AcDbBlockEnd
  0
BLOCK
  5
A6B
330
A6A
100
AcDbEntity
  8
0
100
AcDbBlockBegin
  2
*D53
 70
1
 10
0.0
 20
0.0
 30
0.0
  3
*D53
  1

  0
LINE
  5
A6D
330
A6A
100
AcDbEntity
  8
Dimention
 62
0
370
-2
440
16777216
100
AcDbLine
 10
36.26394234897846
 20
29.1668021440069
 30
0.0
 11
37.6050914512395
 21
29.1668021440069
 31
0.0
  0
LINE
  5
A6E
330
A6A
100
AcDbEntity
  8
Dimention
 62
0
370
-2
440
16777216
100
AcDbLine
 10
36.26475566924007
 20
21.76344623252752
 30
0.0
 11
37.6050914512395
 21
21.76344623252752
 31
0.0
  0
LINE
  5
A6F
330
A6A
100
AcDbEntity
  8
Dimention
 62
0
370
-2
440
16777216
100
AcDbLine
 10
37.58509145123949
 20
29.1668021440069
 30
0.0
 11
37.58509145123949
 21
25.70829608458372
 31
0.0
  0
LINE
  5
A70
330
A6A
100
AcDbEntity
  8
Dimention
 62
0
370
-2
440
16777216
100
AcDbLine
 10
37.58509145123949
 20
21.76344623252752
 30
0.0
 11
37.58509145123949
 21
25.2219522919507
 31
0.0
  0
INSERT
  5
A71
330
A6A
100
AcDbEntity
  8
Dimention
 62
0
370
-2
440
16777216
100
AcDbBlockReference
  2
_Oblique
 10
37.58509145123949
 20
29.1668021440069
 30
0.0
 41
0.1
 42
0.1
 43
0.1
 50
90.0
  0
INSERT
  5
A72
330
A6A
100
AcDbEntity
  8
Dimention
 62
0
370
-2
440
16777216
100
AcDbBlockReference
  2
_Oblique
 10
37.58509145123949
 20
21.76344623252752
 30
0.0
 41
0.1
 42
0.1
 43
0.1
 50
270.0
  0
MTEXT
  5
A73
330
A6A
100
AcDbEntity
  8
Dimention
 62
0
440
16777216
100
AcDbMText
 10
37.58509145123949
 20
25.46512418826719
 30
0.0
 40
0.3
 41
0.0
 46
0.0
 71
5
  1
\A1;7.40
  0
POINT
  5
A74
330
A6A
100
AcDbEntity
  8
Defpoints
 62
0
440
16777216
100
AcDbPoint
 10
35.76694234897846
 20
29.1668021440069
 30
0.0
  0
POINT
  5
A75
330
A6A
100
AcDbEntity
  8
Defpoints
 62
0
440
16777216
100
AcDbPoint
 10
35.76775566924008
 20
21.76344623252752
 30
2.5e-15
  0
POINT
  5
A76
330
A6A
100
AcDbEntity
  8
Defpoints
 62
0
440
16777216
100
AcDbPoint
 10
37.58509145123949
 20
21.76344623252752
 30
0.0
  0
ENDBLK
  5
A6C
330
A6A
100
AcDbEntity
  8
0
100
AcDbBlockEnd
  0
BLOCK
  5
A78
330
A77
100
AcDbEntity
  8
0
100
AcDbBlockBegin
  2
*D54
 70
1
 10
0.0
 20
0.0
 30
0.0
  3
*D54
  1

  0
LINE
  5
A7A
330
A77
100
AcDbEntity
  8
Dimention
 62
0
370
-2
440
16777216
100
AcDbLine
 10
48.77193013295891
 20
35.66599270281149
 30
0.0
 11
47.98757127470493
 21
35.66599270281149
 31
0.0
  0
LINE
  5
A7B
330
A77
100
AcDbEntity
  8
Dimention
 62
0
370
-2
440
16777216
100
AcDbLine
 10
48.77193013295891
 20
29.36680214400694
 30
0.0
 11
47.98757127470493
 21
29.36680214400694
 31
0.0
  0
LINE
  5
A7C
330
A77
100
AcDbEntity
  8
Dimention
 62
0
370
-2
440
16777216
100
AcDbLine
 10
48.00757127470494
 20
35.66599270281149
 30
0.0
 11
48.00757127470494
 21
32.75967163896174
 31
0.0
  0
LINE
  5
A7D
330
A77
100
AcDbEntity
  8
Dimention
 62
0
370
-2
440
16777216
100
AcDbLine
 10
48.00757127470494
 20
29.36680214400694
 30
0.0
 11
48.00757127470494
 21
32.27312320785669
 31
0.0
  0
INSERT
  5
A7E
330
A77
100
AcDbEntity
  8
Dimention
 62
0
370
-2
440
16777216
100
AcDbBlockReference
  2
_Oblique
 10
48.00757127470494
 20
35.66599270281149
 30
0.0
 41
0.1
 42
0.1
 43
0.1
 50
90.0
  0
INSERT
  5
A7F
330
A77
100
AcDbEntity
  8
Dimention
 62
0
370
-2
440
16777216
100
AcDbBlockReference
  2
_Oblique
 10
48.00757127470494
 20
29.36680214400694
 30
0.0
 41
0.1
 42
0.1
 43
0.1
 50
270.0
  0
MTEXT
  5
A80
330
A77
100
AcDbEntity
  8
Dimention
 62
0
440
16777216
100
AcDbMText
 10
48.00757127470493
 20
32.5163974234092
 30
0.0
 40
0.3
 41
0.0
 46
0.0
 71
5
  1
\A1;6.30
  0
POINT
  5
A81
330
A77
100
AcDbEntity
  8
Defpoints
 62
0
440
16777216
100
AcDbPoint
 10
49.26893013295892
 20
35.66599270281149
 30
0.0
  0
POINT
  5
A82
330
A77
100
AcDbEntity
  8
Defpoints
 62
0
440
16777216
100
AcDbPoint
 10
49.26893013295892
 20
29.36680214400694
 30
0.0
  0
POINT
  5
A83
330
A77
100
AcDbEntity
  8
Defpoints
 62
0
440
16777216
100
AcDbPoint
 10
48.00757127470494
 20
29.36680214400694
 30
0.0
  0
ENDBLK
  5
A79
330
A77
100
AcDbEntity
  8
0
100
AcDbBlockEnd
  0
BLOCK
  5
A85
330
A84
100
AcDbEntity
  8
0
100
AcDbBlockBegin
  2
*D55
 70
1
 10
0.0
 20
0.0
 30
0.0
  3
*D55
  1

  0
LINE
  5
A87
330
A84
100
AcDbEntity
  8
Dimention
 62
0
370
-2
440
16777216
100
AcDbLine
 10
41.95876439702145
 20
35.66527820520359
 30
0.0
 11
41.23554889211562
 21
35.66527820520359
 31
0.0
  0
LINE
  5
A88
330
A84
100
AcDbEntity
  8
Dimention
 62
0
370
-2
440
16777216
100
AcDbLine
 10
41.96005567268615
 20
31.1295380079528
 30
0.0
 11
41.23554889211562
 21
31.1295380079528
 31
0.0
  0
LINE
  5
A89
330
A84
100
AcDbEntity
  8
Dimention
 62
0
370
-2
440
16777216
100
AcDbLine
 10
41.25554889211563
 20
35.66527820520359
 30
0.0
 11
41.25554889211563
 21
33.63996608747861
 31
0.0
  0
LINE
  5
A8A
330
A84
100
AcDbEntity
  8
Dimention
 62
0
370
-2
440
16777216
100
AcDbLine
 10
41.25554889211563
 20
31.1295380079528
 30
0.0
 11
41.25554889211563
 21
33.15485012567779
 31
0.0
  0
INSERT
  5
A8B
330
A84
100
AcDbEntity
  8
Dimention
 62
0
370
-2
440
16777216
100
AcDbBlockReference
  2
_Oblique
 10
41.25554889211563
 20
35.66527820520359
 30
0.0
 41
0.1
 42
0.1
 43
0.1
 50
90.0
  0
INSERT
  5
A8C
330
A84
100
AcDbEntity
  8
Dimention
 62
0
370
-2
440
16777216
100
AcDbBlockReference
  2
_Oblique
 10
41.25554889211563
 20
31.1295380079528
 30
0.0
 41
0.1
 42
0.1
 43
0.1
 50
270.0
  0
MTEXT
  5
A8D
330
A84
100
AcDbEntity
  8
Dimention
 62
0
440
16777216
100
AcDbMText
 10
41.25554889211563
 20
33.39740810657819
 30
0.0
 40
0.3
 41
0.0
 46
0.0
 71
5
  1
\A1;4.54
  0
POINT
  5
A8E
330
A84
100
AcDbEntity
  8
Defpoints
 62
0
440
16777216
100
AcDbPoint
 10
42.45576439702145
 20
35.66527820520359
 30
2.935069297e-07
  0
POINT
  5
A8F
330
A84
100
AcDbEntity
  8
Defpoints
 62
0
440
16777216
100
AcDbPoint
 10
42.45705567268615
 20
31.1295380079528
 30
-0.0001835579405495
  0
POINT
  5
A90
330
A84
100
AcDbEntity
  8
Defpoints
 62
0
440
16777216
100
AcDbPoint
 10
41.25554889211563
 20
31.1295380079528
 30
0.0
  0
ENDBLK
  5
A86
330
A84
100
AcDbEntity
  8
0
100
AcDbBlockEnd
  0
BLOCK
  5
A92
330
A91
100
AcDbEntity
  8
0
100
AcDbBlockBegin
  2
*D56
 70
1
 10
0.0
 20
0.0
 30
0.0
  3
*D56
  1

  0
LINE
  5
A94
330
A91
100
AcDbEntity
  8
Dimention
 62
0
370
-2
440
16777216
100
AcDbLine
 10
41.96008524251986
 20
30.92953800748323
 30
0.0
 11
41.64025494951477
 21
30.92953800748323
 31
0.0
  0
LINE
  5
A95
330
A91
100
AcDbEntity
  8
Dimention
 62
0
370
-2
440
16777216
100
AcDbLine
 10
41.96008524251986
 20
29.36680227465819
 30
0.0
 11
41.64025494951477
 21
29.36680227465819
 31
0.0
  0
LINE
  5
A96
330
A91
100
AcDbEntity
  8
Dimention
 62
0
370
-2
440
16777216
100
AcDbLine
 10
41.66025494951478
 20
30.92953800748323
 30
0.0
 11
41.66025494951478
 21
30.39134203738722
 31
0.0
  0
LINE
  5
A97
330
A91
100
AcDbEntity
  8
Dimention
 62
0
370
-2
440
16777216
100
AcDbLine
 10
41.66025494951478
 20
29.36680227465819
 30
0.0
 11
41.66025494951478
 21
29.9049982447542
 31
0.0
  0
INSERT
  5
A98
330
A91
100
AcDbEntity
  8
Dimention
 62
0
370
-2
440
16777216
100
AcDbBlockReference
  2
_Oblique
 10
41.66025494951478
 20
30.92953800748323
 30
0.0
 41
0.1
 42
0.1
 43
0.1
 50
90.0
  0
INSERT
  5
A99
330
A91
100
AcDbEntity
  8
Dimention
 62
0
370
-2
440
16777216
100
AcDbBlockReference
  2
_Oblique
 10
41.66025494951478
 20
29.36680227465819
 30
0.0
 41
0.1
 42
0.1
 43
0.1
 50
270.0
  0
MTEXT
  5
A9A
330
A91
100
AcDbEntity
  8
Dimention
 62
0
440
16777216
100
AcDbMText
 10
41.66025494951478
 20
30.14817014107069
 30
0.0
 40
0.3
 41
0.0
 46
0.0
 71
5
  1
\A1;1.56
  0
POINT
  5
A9B
330
A91
100
AcDbEntity
  8
Defpoints
 62
0
440
16777216
100
AcDbPoint
 10
42.45708524251987
 20
30.92953800748323
 30
-0.0001795437065975
  0
POINT
  5
A9C
330
A91
100
AcDbEntity
  8
Defpoints
 62
0
440
16777216
100
AcDbPoint
 10
42.45708524251987
 20
29.36680227465819
 30
-7.09e-14
  0
POINT
  5
A9D
330
A91
100
AcDbEntity
  8
Defpoints
 62
0
440
16777216
100
AcDbPoint
 10
41.66025494951478
 20
29.36680227465819
 30
0.0
  0
ENDBLK
  5
A93
330
A91
100
AcDbEntity
  8
0
100
AcDbBlockEnd
  0
BLOCK
  5
A9F
330
A9E
100
AcDbEntity
  8
0
100
AcDbBlockBegin
  2
*D57
 70
1
 10
0.0
 20
0.0
 30
0.0
  3
*D57
  1

  0
LINE
  5
AA1
330
A9E
100
AcDbEntity
  8
Dimention
 62
0
370
-2
440
16777216
100
AcDbLine
 10
37.07095168841237
 20
35.66524763761986
 30
0.0
 11
37.08654808143991
 21
35.66524763761986
 31
0.0
  0
LINE
  5
AA2
330
A9E
100
AcDbEntity
  8
Dimention
 62
0
370
-2
440
16777216
100
AcDbLine
 10
37.07081649293672
 20
32.26136755643477
 30
0.0
 11
37.08654808143991
 21
32.26136755643477
 31
0.0
  0
LINE
  5
AA3
330
A9E
100
AcDbEntity
  8
Dimention
 62
0
370
-2
440
16777216
100
AcDbLine
 10
37.10654808143991
 20
35.66524763761986
 30
0.0
 11
37.10654808143991
 21
34.20658181257984
 31
0.0
  0
LINE
  5
AA4
330
A9E
100
AcDbEntity
  8
Dimention
 62
0
370
-2
440
16777216
100
AcDbLine
 10
37.10654808143991
 20
32.26136755643477
 30
0.0
 11
37.10654808143991
 21
33.72003338147479
 31
0.0
  0
INSERT
  5
AA5
330
A9E
100
AcDbEntity
  8
Dimention
 62
0
370
-2
440
16777216
100
AcDbBlockReference
  2
_Oblique
 10
37.10654808143991
 20
35.66524763761986
 30
0.0
 41
0.1
 42
0.1
 43
0.1
 50
90.0
  0
INSERT
  5
AA6
330
A9E
100
AcDbEntity
  8
Dimention
 62
0
370
-2
440
16777216
100
AcDbBlockReference
  2
_Oblique
 10
37.10654808143991
 20
32.26136755643477
 30
0.0
 41
0.1
 42
0.1
 43
0.1
 50
270.0
  0
MTEXT
  5
AA7
330
A9E
100
AcDbEntity
  8
Dimention
 62
0
440
16777216
100
AcDbMText
 10
37.10654808143991
 20
33.9633075970273
 30
0.0
 40
0.3
 41
0.0
 46
0.0
 71
5
  1
\A1;3.40
  0
POINT
  5
AA8
330
A9E
100
AcDbEntity
  8
Defpoints
 62
0
440
16777216
100
AcDbPoint
 10
37.56795168841236
 20
35.66524763761986
 30
7.5e-15
  0
POINT
  5
AA9
330
A9E
100
AcDbEntity
  8
Defpoints
 62
0
440
16777216
100
AcDbPoint
 10
37.56781649293671
 20
32.26136755643477
 30
0.0002662166924659
  0
POINT
  5
AAA
330
A9E
100
AcDbEntity
  8
Defpoints
 62
0
440
16777216
100
AcDbPoint
 10
37.10654808143991
 20
32.26136755643477
 30
0.0
  0
ENDBLK
  5
AA0
330
A9E
100
AcDbEntity
  8
0
100
AcDbBlockEnd
  0
BLOCK
  5
AAC
330
AAB
100
AcDbEntity
  8
0
100
AcDbBlockBegin
  2
*D58
 70
1
 10
0.0
 20
0.0
 30
0.0
  3
*D58
  1

  0
LINE
  5
AAE
330
AAB
100
AcDbEntity
  8
Dimention
 62
0
370
-2
440
16777216
100
AcDbLine
 10
35.07075566923798
 20
35.1668022751574
 30
0.0
 11
33.68886331437501
 21
35.1668022751574
 31
0.0
  0
LINE
  5
AAF
330
AAB
100
AcDbEntity
  8
Dimention
 62
0
370
-2
440
16777216
100
AcDbLine
 10
35.07075566948195
 20
29.36680227465335
 30
0.0
 11
33.68886331437501
 21
29.36680227465335
 31
0.0
  0
LINE
  5
AB0
330
AAB
100
AcDbEntity
  8
Dimention
 62
0
370
-2
440
16777216
100
AcDbLine
 10
33.70886331437501
 20
35.1668022751574
 30
0.0
 11
33.70886331437501
 21
32.50997417122189
 31
0.0
  0
LINE
  5
AB1
330
AAB
100
AcDbEntity
  8
Dimention
 62
0
370
-2
440
16777216
100
AcDbLine
 10
33.70886331437501
 20
29.36680227465335
 30
0.0
 11
33.70886331437501
 21
32.02363037858886
 31
0.0
  0
INSERT
  5
AB2
330
AAB
100
AcDbEntity
  8
Dimention
 62
0
370
-2
440
16777216
100
AcDbBlockReference
  2
_Oblique
 10
33.70886331437501
 20
35.1668022751574
 30
0.0
 41
0.1
 42
0.1
 43
0.1
 50
90.0
  0
INSERT
  5
AB3
330
AAB
100
AcDbEntity
  8
Dimention
 62
0
370
-2
440
16777216
100
AcDbBlockReference
  2
_Oblique
 10
33.70886331437501
 20
29.36680227465335
 30
0.0
 41
0.1
 42
0.1
 43
0.1
 50
270.0
  0
MTEXT
  5
AB4
330
AAB
100
AcDbEntity
  8
Dimention
 62
0
440
16777216
100
AcDbMText
 10
33.70886331437501
 20
32.26680227490536
 30
0.0
 40
0.3
 41
0.0
 46
0.0
 71
5
  1
\A1;5.80
  0
POINT
  5
AB5
330
AAB
100
AcDbEntity
  8
Defpoints
 62
0
440
16777216
100
AcDbPoint
 10
35.56775566923799
 20
35.1668022751574
 30
8.7e-15
  0
POINT
  5
AB6
330
AAB
100
AcDbEntity
  8
Defpoints
 62
0
440
16777216
100
AcDbPoint
 10
35.56775566948195
 20
29.36680227465335
 30
-7.17e-14
  0
POINT
  5
AB7
330
AAB
100
AcDbEntity
  8
Defpoints
 62
0
440
16777216
100
AcDbPoint
 10
33.70886331437501
 20
29.36680227465335
 30
0.0
  0
ENDBLK
  5
AAD
330
AAB
100
AcDbEntity
  8
0
100
AcDbBlockEnd
  0
BLOCK
  5
AB9
330
AB8
100
AcDbEntity
  8
0
100
AcDbBlockBegin
  2
*D59
 70
1
 10
0.0
 20
0.0
 30
0.0
  3
*D59
  1

  0
LINE
  5
ABB
330
AB8
100
AcDbEntity
  8
Dimention
 62
0
370
-2
440
16777216
100
AcDbLine
 10
30.970795973177
 20
35.1668022751574
 30
0.0
 11
30.23830027054704
 21
35.1668022751574
 31
0.0
  0
LINE
  5
ABC
330
AB8
100
AcDbEntity
  8
Dimention
 62
0
370
-2
440
16777216
100
AcDbLine
 10
30.97078691508862
 20
29.36680227284187
 30
0.0
 11
30.23830027054704
 21
29.36680227284187
 31
0.0
  0
LINE
  5
ABD
330
AB8
100
AcDbEntity
  8
Dimention
 62
0
370
-2
440
16777216
100
AcDbLine
 10
30.25830027054704
 20
35.1668022751574
 30
0.0
 11
30.25830027054704
 21
32.50997417031614
 31
0.0
  0
LINE
  5
ABE
330
AB8
100
AcDbEntity
  8
Dimention
 62
0
370
-2
440
16777216
100
AcDbLine
 10
30.25830027054704
 20
29.36680227284187
 30
0.0
 11
30.25830027054704
 21
32.02363037768312
 31
0.0
  0
INSERT
  5
ABF
330
AB8
100
AcDbEntity
  8
Dimention
 62
0
370
-2
440
16777216
100
AcDbBlockReference
  2
_Oblique
 10
30.25830027054704
 20
35.1668022751574
 30
0.0
 41
0.1
 42
0.1
 43
0.1
 50
90.0
  0
INSERT
  5
AC0
330
AB8
100
AcDbEntity
  8
Dimention
 62
0
370
-2
440
16777216
100
AcDbBlockReference
  2
_Oblique
 10
30.25830027054704
 20
29.36680227284187
 30
0.0
 41
0.1
 42
0.1
 43
0.1
 50
270.0
  0
MTEXT
  5
AC1
330
AB8
100
AcDbEntity
  8
Dimention
 62
0
440
16777216
100
AcDbMText
 10
30.25830027054704
 20
32.26680227399962
 30
0.0
 40
0.3
 41
0.0
 46
0.0
 71
5
  1
\A1;5.80
  0
POINT
  5
AC2
330
AB8
100
AcDbEntity
  8
Defpoints
 62
0
440
16777216
100
AcDbPoint
 10
31.46779597317701
 20
35.1668022751574
 30
0.0
  0
POINT
  5
AC3
330
AB8
100
AcDbEntity
  8
Defpoints
 62
0
440
16777216
100
AcDbPoint
 10
31.46778691508862
 20
29.36680227284187
 30
-8.16e-14
  0
POINT
  5
AC4
330
AB8
100
AcDbEntity
  8
Defpoints
 62
0
440
16777216
100
AcDbPoint
 10
30.25830027054704
 20
29.36680227284187
 30
0.0
  0
ENDBLK
  5
ABA
330
AB8
100
AcDbEntity
  8
0
100
AcDbBlockEnd
  0
BLOCK
  5
AC6
330
AC5
100
AcDbEntity
  8
0
100
AcDbBlockBegin
  2
*D60
 70
1
 10
0.0
 20
0.0
 30
0.0
  3
*D60
  1

  0
LINE
  5
AC8
330
AC5
100
AcDbEntity
  8
Dimention
 62
0
370
-2
440
16777216
100
AcDbLine
 10
27.73565926220111
 20
35.16680227064608
 30
0.0
 11
26.74783843562922
 21
35.16680227064608
 31
0.0
  0
LINE
  5
AC9
330
AC5
100
AcDbEntity
  8
Dimention
 62
0
370
-2
440
16777216
100
AcDbLine
 10
27.73584557108869
 20
29.36658911417099
 30
0.0
 11
26.74783843562922
 21
29.36658911417099
 31
0.0
  0
LINE
  5
ACA
330
AC5
100
AcDbEntity
  8
Dimention
 62
0
370
-2
440
16777216
100
AcDbLine
 10
26.76783843562922
 20
35.16680227064608
 30
0.0
 11
26.76783843562922
 21
32.50986758872504
 31
0.0
  0
LINE
  5
ACB
330
AC5
100
AcDbEntity
  8
Dimention
 62
0
370
-2
440
16777216
100
AcDbLine
 10
26.76783843562922
 20
29.36658911417099
 30
0.0
 11
26.76783843562922
 21
32.02352379609202
 31
0.0
  0
INSERT
  5
ACC
330
AC5
100
AcDbEntity
  8
Dimention
 62
0
370
-2
440
16777216
100
AcDbBlockReference
  2
_Oblique
 10
26.76783843562922
 20
35.16680227064608
 30
0.0
 41
0.1
 42
0.1
 43
0.1
 50
90.0
  0
INSERT
  5
ACD
330
AC5
100
AcDbEntity
  8
Dimention
 62
0
370
-2
440
16777216
100
AcDbBlockReference
  2
_Oblique
 10
26.76783843562922
 20
29.36658911417099
 30
0.0
 41
0.1
 42
0.1
 43
0.1
 50
270.0
  0
MTEXT
  5
ACE
330
AC5
100
AcDbEntity
  8
Dimention
 62
0
440
16777216
100
AcDbMText
 10
26.76783843562922
 20
32.26669569240852
 30
0.0
 40
0.3
 41
0.0
 46
0.0
 71
5
  1
\A1;5.80
  0
POINT
  5
ACF
330
AC5
100
AcDbEntity
  8
Defpoints
 62
0
440
16777216
100
AcDbPoint
 10
28.23265926220111
 20
35.16680227064608
 30
1e-16
  0
POINT
  5
AD0
330
AC5
100
AcDbEntity
  8
Defpoints
 62
0
440
16777216
100
AcDbPoint
 10
28.23284557108869
 20
29.36658911417099
 30
-8.1829e-12
  0
POINT
  5
AD1
330
AC5
100
AcDbEntity
  8
Defpoints
 62
0
440
16777216
100
AcDbPoint
 10
26.76783843562922
 20
29.36658911417099
 30
0.0
  0
ENDBLK
  5
AC7
330
AC5
100
AcDbEntity
  8
0
100
AcDbBlockEnd
  0
BLOCK
  5
AD3
330
AD2
100
AcDbEntity
  8
0
100
AcDbBlockBegin
  2
*D61
 70
1
 10
0.0
 20
0.0
 30
0.0
  3
*D61
  1

  0
LINE
  5
AD5
330
AD2
100
AcDbEntity
  8
Dimention
 62
0
370
-2
440
16777216
100
AcDbLine
 10
22.36479597315344
 20
27.56901469791176
 30
0.0
 11
23.46117082761558
 21
27.56901469791176
 31
0.0
  0
LINE
  5
AD6
330
AD2
100
AcDbEntity
  8
Dimention
 62
0
370
-2
440
16777216
100
AcDbLine
 10
22.36479597317868
 20
21.96453308977877
 30
0.0
 11
23.46117082761558
 21
21.96453308977877
 31
0.0
  0
LINE
  5
AD7
330
AD2
100
AcDbEntity
  8
Dimention
 62
0
370
-2
440
16777216
100
AcDbLine
 10
23.44117082761558
 20
27.56901469791176
 30
0.0
 11
23.44117082761558
 21
25.00994579016178
 31
0.0
  0
LINE
  5
AD8
330
AD2
100
AcDbEntity
  8
Dimention
 62
0
370
-2
440
16777216
100
AcDbLine
 10
23.44117082761559
 20
21.96453308977877
 30
0.0
 11
23.44117082761558
 21
24.52360199752876
 31
0.0
  0
INSERT
  5
AD9
330
AD2
100
AcDbEntity
  8
Dimention
 62
0
370
-2
440
16777216
100
AcDbBlockReference
  2
_Oblique
 10
23.44117082761558
 20
27.56901469791176
 30
0.0
 41
0.1
 42
0.1
 43
0.1
 50
90.0
  0
INSERT
  5
ADA
330
AD2
100
AcDbEntity
  8
Dimention
 62
0
370
-2
440
16777216
100
AcDbBlockReference
  2
_Oblique
 10
23.44117082761559
 20
21.96453308977877
 30
0.0
 41
0.1
 42
0.1
 43
0.1
 50
270.0
  0
MTEXT
  5
ADB
330
AD2
100
AcDbEntity
  8
Dimention
 62
0
440
16777216
100
AcDbMText
 10
23.44117082761559
 20
24.76677389384525
 30
0.0
 40
0.3
 41
0.0
 46
0.0
 71
5
  1
\A1;5.60
  0
POINT
  5
ADC
330
AD2
100
AcDbEntity
  8
Defpoints
 62
0
440
16777216
100
AcDbPoint
 10
21.86779597315344
 20
27.56901469791176
 30
-2.6e-15
  0
POINT
  5
ADD
330
AD2
100
AcDbEntity
  8
Defpoints
 62
0
440
16777216
100
AcDbPoint
 10
21.86779597317868
 20
21.96453308977877
 30
0.0
  0
POINT
  5
ADE
330
AD2
100
AcDbEntity
  8
Defpoints
 62
0
440
16777216
100
AcDbPoint
 10
23.44117082761559
 20
21.96453308977877
 30
0.0
  0
ENDBLK
  5
AD4
330
AD2
100
AcDbEntity
  8
0
100
AcDbBlockEnd
  0
BLOCK
  5
AE0
330
ADF
100
AcDbEntity
  8
0
100
AcDbBlockBegin
  2
*D62
 70
1
 10
0.0
 20
0.0
 30
0.0
  3
*D62
  1

  0
LINE
  5
AE2
330
ADF
100
AcDbEntity
  8
Dimention
 62
0
370
-2
440
16777216
100
AcDbLine
 10
22.364795973178
 20
21.71846247391094
 30
0.0
 11
23.41841045233438
 21
21.71846247391094
 31
0.0
  0
LINE
  5
AE3
330
ADF
100
AcDbEntity
  8
Dimention
 62
0
370
-2
440
16777216
100
AcDbLine
 10
22.364795973178
 20
16.06839808138333
 30
0.0
 11
23.41841045233438
 21
16.06839808138333
 31
0.0
  0
LINE
  5
AE4
330
ADF
100
AcDbEntity
  8
Dimention
 62
0
370
-2
440
16777216
100
AcDbLine
 10
23.39841045233438
 20
21.71846247391094
 30
0.0
 11
23.39841045233438
 21
19.13660217396364
 31
0.0
  0
LINE
  5
AE5
330
ADF
100
AcDbEntity
  8
Dimention
 62
0
370
-2
440
16777216
100
AcDbLine
 10
23.39841045233438
 20
16.06839808138333
 30
0.0
 11
23.39841045233438
 21
18.65025838133062
 31
0.0
  0
INSERT
  5
AE6
330
ADF
100
AcDbEntity
  8
Dimention
 62
0
370
-2
440
16777216
100
AcDbBlockReference
  2
_Oblique
 10
23.39841045233438
 20
21.71846247391094
 30
0.0
 41
0.1
 42
0.1
 43
0.1
 50
90.0
  0
INSERT
  5
AE7
330
ADF
100
AcDbEntity
  8
Dimention
 62
0
370
-2
440
16777216
100
AcDbBlockReference
  2
_Oblique
 10
23.39841045233438
 20
16.06839808138333
 30
0.0
 41
0.1
 42
0.1
 43
0.1
 50
270.0
  0
MTEXT
  5
AE8
330
ADF
100
AcDbEntity
  8
Dimention
 62
0
440
16777216
100
AcDbMText
 10
23.39841045233438
 20
18.89343027764713
 30
0.0
 40
0.3
 41
0.0
 46
0.0
 71
5
  1
\A1;5.65
  0
POINT
  5
AE9
330
ADF
100
AcDbEntity
  8
Defpoints
 62
0
440
16777216
100
AcDbPoint
 10
21.867795973178
 20
21.71846247391094
 30
-4.2e-15
  0
POINT
  5
AEA
330
ADF
100
AcDbEntity
  8
Defpoints
 62
0
440
16777216
100
AcDbPoint
 10
21.867795973178
 20
16.06839808138333
 30
0.0
  0
POINT
  5
AEB
330
ADF
100
AcDbEntity
  8
Defpoints
 62
0
440
16777216
100
AcDbPoint
 10
23.39841045233438
 20
16.06839808138333
 30
0.0
  0
ENDBLK
  5
AE1
330
ADF
100
AcDbEntity
  8
0
100
AcDbBlockEnd
  0
BLOCK
  5
AED
330
AEC
100
AcDbEntity
  8
0
100
AcDbBlockBegin
  2
*D63
 70
1
 10
0.0
 20
0.0
 30
0.0
  3
*D63
  1

  0
LINE
  5
AEF
330
AEC
100
AcDbEntity
  8
Dimention
 62
0
370
-2
440
16777216
100
AcDbLine
 10
30.96566542813433
 20
21.71895033774175
 30
0.0
 11
30.64939311315324
 21
21.71895033774175
 31
0.0
  0
LINE
  5
AF0
330
AEC
100
AcDbEntity
  8
Dimention
 62
0
370
-2
440
16777216
100
AcDbLine
 10
30.96566542813433
 20
16.07251922129971
 30
0.0
 11
30.64939311315324
 21
16.07251922129971
 31
0.0
  0
LINE
  5
AF1
330
AEC
100
AcDbEntity
  8
Dimention
 62
0
370
-2
440
16777216
100
AcDbLine
 10
30.66939311315323
 20
21.71895033774175
 30
0.0
 11
30.66939311315323
 21
19.13890667583723
 31
0.0
  0
LINE
  5
AF2
330
AEC
100
AcDbEntity
  8
Dimention
 62
0
370
-2
440
16777216
100
AcDbLine
 10
30.66939311315323
 20
16.07251922129971
 30
0.0
 11
30.66939311315323
 21
18.65256288320422
 31
0.0
  0
INSERT
  5
AF3
330
AEC
100
AcDbEntity
  8
Dimention
 62
0
370
-2
440
16777216
100
AcDbBlockReference
  2
_Oblique
 10
30.66939311315323
 20
21.71895033774175
 30
0.0
 41
0.1
 42
0.1
 43
0.1
 50
90.0
  0
INSERT
  5
AF4
330
AEC
100
AcDbEntity
  8
Dimention
 62
0
370
-2
440
16777216
100
AcDbBlockReference
  2
_Oblique
 10
30.66939311315323
 20
16.07251922129971
 30
0.0
 41
0.1
 42
0.1
 43
0.1
 50
270.0
  0
MTEXT
  5
AF5
330
AEC
100
AcDbEntity
  8
Dimention
 62
0
440
16777216
100
AcDbMText
 10
30.66939311315323
 20
18.89573477952071
 30
0.0
 40
0.3
 41
0.0
 46
0.0
 71
5
  1
\A1;5.65
  0
POINT
  5
AF6
330
AEC
100
AcDbEntity
  8
Defpoints
 62
0
440
16777216
100
AcDbPoint
 10
31.46266542813433
 20
21.71895033774175
 30
0.0
  0
POINT
  5
AF7
330
AEC
100
AcDbEntity
  8
Defpoints
 62
0
440
16777216
100
AcDbPoint
 10
31.46266542813433
 20
16.07251922129971
 30
0.0
  0
POINT
  5
AF8
330
AEC
100
AcDbEntity
  8
Defpoints
 62
0
440
16777216
100
AcDbPoint
 10
30.66939311315323
 20
16.07251922129971
 30
0.0
  0
ENDBLK
  5
AEE
330
AEC
100
AcDbEntity
  8
0
100
AcDbBlockEnd
  0
BLOCK
  5
B23
330
B22
100
AcDbEntity
  8
0
100
AcDbBlockBegin
  2
*D64
 70
1
 10
0.0
 20
0.0
 30
0.0
  3
*D64
  1

  0
LINE
  5
B30
330
B22
100
AcDbEntity
  8
0
 62
0
370
-2
440
16777216
100
AcDbLine
 10
42.35779492907695
 20
24.10018960996027
 30
0.0
 11
42.35779492907695
 21
23.29225195883865
 31
0.0
  0
LINE
  5
B31
330
B22
100
AcDbEntity
  8
0
 62
0
370
-2
440
16777216
100
AcDbLine
 10
42.95779492907685
 20
24.10018960996027
 30
0.0
 11
42.95779492907685
 21
23.29225195883865
 31
0.0
  0
LINE
  5
B32
330
B22
100
AcDbEntity
  8
0
 62
0
370
-2
440
16777216
100
AcDbLine
 10
42.53779492907694
 20
23.47225195883865
 30
0.0
 11
42.77779492907685
 21
23.47225195883865
 31
0.0
  0
LINE
  5
B33
330
B22
100
AcDbEntity
  8
0
 62
0
370
-2
440
16777216
100
AcDbLine
 10
42.95779492907685
 20
23.47225195883865
 30
0.0
 11
43.13779492907686
 21
23.47225195883865
 31
0.0
  0
SOLID
  5
B34
330
B22
100
AcDbEntity
  8
0
 62
0
440
16777216
100
AcDbTrace
 10
42.53779492907694
 20
23.50225195883865
 30
0.0
 11
42.53779492907694
 21
23.44225195883865
 31
0.0
 12
42.35779492907695
 22
23.47225195883865
 32
0.0
 13
42.35779492907695
 23
23.47225195883865
 33
0.0
  0
SOLID
  5
B35
330
B22
100
AcDbEntity
  8
0
 62
0
440
16777216
100
AcDbTrace
 10
42.77779492907685
 20
23.50225195883865
 30
0.0
 11
42.77779492907685
 21
23.44225195883865
 31
0.0
 12
42.95779492907685
 22
23.47225195883865
 32
0.0
 13
42.95779492907685
 23
23.47225195883865
 33
0.0
  0
MTEXT
  5
B36
330
B22
100
AcDbEntity
  8
0
 62
0
440
16777216
100
AcDbMText
 10
43.60111689360619
 20
23.47225195883865
 30
0.0
 40
0.18
 41
0.0
 46
0.0
 71
5
  1
\A1;0.6000
  0
POINT
  5
B37
330
B22
100
AcDbEntity
  8
Defpoints
 62
0
440
16777216
100
AcDbPoint
 10
42.35779492907695
 20
24.16268960996027
 30
0.0
  0
POINT
  5
B38
330
B22
100
AcDbEntity
  8
Defpoints
 62
0
440
16777216
100
AcDbPoint
 10
42.95779492907685
 20
24.16268960996027
 30
0.0
  0
POINT
  5
B39
330
B22
100
AcDbEntity
  8
Defpoints
 62
0
440
16777216
100
AcDbPoint
 10
42.95779492907685
 20
23.47225195883865
 30
0.0
  0
ENDBLK
  5
B24
330
B22
100
AcDbEntity
  8
0
100
AcDbBlockEnd
  0
BLOCK
  5
B3D
330
B3C
100
AcDbEntity
  8
0
100
AcDbBlockBegin
  2
*D65
 70
1
 10
0.0
 20
0.0
 30
0.0
  3
*D65
  1

  0
LINE
  5
B4B
330
B3C
100
AcDbEntity
  8
0
 62
0
370
-2
440
16777216
100
AcDbLine
 10
42.29529492907696
 20
24.16268960996028
 30
0.0
 11
40.99862805429463
 21
24.16268960996028
 31
0.0
  0
LINE
  5
B4C
330
B3C
100
AcDbEntity
  8
0
 62
0
370
-2
440
16777216
100
AcDbLine
 10
42.29529492907696
 20
24.7626896099603
 30
0.0
 11
40.99862805429463
 21
24.7626896099603
 31
0.0
  0
LINE
  5
B4D
330
B3C
100
AcDbEntity
  8
0
 62
0
370
-2
440
16777216
100
AcDbLine
 10
41.17862805429463
 20
24.34268960996028
 30
0.0
 11
41.17862805429463
 21
24.58268960996031
 31
0.0
  0
LINE
  5
B4E
330
B3C
100
AcDbEntity
  8
0
 62
0
370
-2
440
16777216
100
AcDbLine
 10
41.17862805429463
 20
24.7626896099603
 30
0.0
 11
41.17862805429463
 21
24.94268960996031
 31
0.0
  0
LINE
  5
B4F
330
B3C
100
AcDbEntity
  8
0
 62
0
370
-2
440
16777216
100
AcDbLine
 10
41.17862805429463
 20
24.94268960996031
 30
0.0
 11
41.35862805429463
 21
24.94268960996031
 31
0.0
  0
SOLID
  5
B50
330
B3C
100
AcDbEntity
  8
0
 62
0
440
16777216
100
AcDbTrace
 10
41.14862805429463
 20
24.34268960996028
 30
0.0
 11
41.20862805429463
 21
24.34268960996028
 31
0.0
 12
41.17862805429463
 22
24.16268960996028
 32
0.0
 13
41.17862805429463
 23
24.16268960996028
 33
0.0
  0
SOLID
  5
B51
330
B3C
100
AcDbEntity
  8
0
 62
0
440
16777216
100
AcDbTrace
 10
41.14862805429463
 20
24.58268960996031
 30
0.0
 11
41.20862805429463
 21
24.58268960996031
 31
0.0
 12
41.17862805429463
 22
24.7626896099603
 32
0.0
 13
41.17862805429463
 23
24.7626896099603
 33
0.0
  0
MTEXT
  5
B52
330
B3C
100
AcDbEntity
  8
0
 62
0
440
16777216
100
AcDbMText
 10
41.82195001882397
 20
24.94268960996028
 30
0.0
 40
0.18
 41
0.0
 46
0.0
 71
5
  1
\A1;0.6000
  0
POINT
  5
B53
330
B3C
100
AcDbEntity
  8
Defpoints
 62
0
440
16777216
100
AcDbPoint
 10
42.35779492907695
 20
24.16268960996028
 30
0.0
  0
POINT
  5
B54
330
B3C
100
AcDbEntity
  8
Defpoints
 62
0
440
16777216
100
AcDbPoint
 10
42.35779492907695
 20
24.7626896099603
 30
0.0
  0
POINT
  5
B55
330
B3C
100
AcDbEntity
  8
Defpoints
 62
0
440
16777216
100
AcDbPoint
 10
41.17862805429463
 20
24.7626896099603
 30
0.0
  0
ENDBLK
  5
B3E
330
B3C
100
AcDbEntity
  8
0
100
AcDbBlockEnd
  0
BLOCK
  5
DE1
330
DE0
100
AcDbEntity
  8
0
100
AcDbBlockBegin
  2
*D67
 70
1
 10
0.0
 20
0.0
 30
0.0
  3
*D67
  1

  0
LINE
  5
DEF
330
DE0
100
AcDbEntity
  8
dimition
 62
0
370
-2
440
16777216
100
AcDbLine
 10
89.17559314945088
 20
19.50325036373218
 30
0.0
 11
89.17559314945088
 21
19.19102101840176
 31
0.0
  0
LINE
  5
DF0
330
DE0
100
AcDbEntity
  8
dimition
 62
0
370
-2
440
16777216
100
AcDbLine
 10
88.57559314945097
 20
19.50325036373218
 30
0.0
 11
88.57559314945097
 21
19.19102101840176
 31
0.0
  0
LINE
  5
DF1
330
DE0
100
AcDbEntity
  8
dimition
 62
0
370
-2
440
16777216
100
AcDbLine
 10
88.99559314945085
 20
19.37102101840176
 30
0.0
 11
88.75559314945097
 21
19.37102101840176
 31
0.0
  0
LINE
  5
DF2
330
DE0
100
AcDbEntity
  8
dimition
 62
0
370
-2
440
16777216
100
AcDbLine
 10
88.57559314945097
 20
19.37102101840176
 30
0.0
 11
88.39559314945097
 21
19.37102101840176
 31
0.0
  0
SOLID
  5
DF3
330
DE0
100
AcDbEntity
  8
dimition
 62
0
440
16777216
100
AcDbTrace
 10
88.99559314945085
 20
19.40102101840176
 30
0.0
 11
88.99559314945085
 21
19.34102101840176
 31
0.0
 12
89.17559314945088
 22
19.37102101840176
 32
0.0
 13
89.17559314945088
 23
19.37102101840176
 33
0.0
  0
SOLID
  5
DF4
330
DE0
100
AcDbEntity
  8
dimition
 62
0
440
16777216
100
AcDbTrace
 10
88.75559314945097
 20
19.40102101840176
 30
0.0
 11
88.75559314945097
 21
19.34102101840176
 31
0.0
 12
88.57559314945097
 22
19.37102101840176
 32
0.0
 13
88.57559314945097
 23
19.37102101840176
 33
0.0
  0
MTEXT
  5
DF5
330
DE0
100
AcDbEntity
  8
dimition
 62
0
440
16777216
100
AcDbMText
 10
87.93227118492163
 20
19.37102101840176
 30
0.0
 40
0.18
 41
0.0
 46
0.0
 71
5
  1
\A1;0.6000
  0
POINT
  5
DF6
330
DE0
100
AcDbEntity
  8
Defpoints
 62
0
440
16777216
100
AcDbPoint
 10
89.17559314945088
 20
19.56575036373218
 30
0.0
  0
POINT
  5
DF7
330
DE0
100
AcDbEntity
  8
Defpoints
 62
0
440
16777216
100
AcDbPoint
 10
88.57559314945097
 20
19.56575036373218
 30
0.0
  0
POINT
  5
DF8
330
DE0
100
AcDbEntity
  8
Defpoints
 62
0
440
16777216
100
AcDbPoint
 10
88.57559314945097
 20
19.37102101840176
 30
0.0
  0
ENDBLK
  5
DE2
330
DE0
100
AcDbEntity
  8
0
100
AcDbBlockEnd
  0
BLOCK
  5
DFA
330
DF9
100
AcDbEntity
  8
0
100
AcDbBlockBegin
  2
*D68
 70
1
 10
0.0
 20
0.0
 30
0.0
  3
*D68
  1

  0
LINE
  5
DFC
330
DF9
100
AcDbEntity
  8
0
 62
0
370
-2
440
16777216
100
AcDbLine
 10
88.513093149451
 20
24.16268960996028
 30
0.0
 11
87.21642627466868
 21
24.16268960996028
 31
0.0
  0
LINE
  5
DFD
330
DF9
100
AcDbEntity
  8
0
 62
0
370
-2
440
16777216
100
AcDbLine
 10
88.513093149451
 20
24.7626896099603
 30
0.0
 11
87.21642627466868
 21
24.7626896099603
 31
0.0
  0
LINE
  5
DFE
330
DF9
100
AcDbEntity
  8
0
 62
0
370
-2
440
16777216
100
AcDbLine
 10
87.39642627466868
 20
24.34268960996028
 30
0.0
 11
87.39642627466868
 21
24.5826896099603
 31
0.0
  0
LINE
  5
DFF
330
DF9
100
AcDbEntity
  8
0
 62
0
370
-2
440
16777216
100
AcDbLine
 10
87.39642627466868
 20
24.7626896099603
 30
0.0
 11
87.39642627466868
 21
24.9426896099603
 31
0.0
  0
LINE
  5
E00
330
DF9
100
AcDbEntity
  8
0
 62
0
370
-2
440
16777216
100
AcDbLine
 10
87.39642627466868
 20
24.9426896099603
 30
0.0
 11
87.5764262746687
 21
24.9426896099603
 31
0.0
  0
SOLID
  5
E01
330
DF9
100
AcDbEntity
  8
0
 62
0
440
16777216
100
AcDbTrace
 10
87.36642627466868
 20
24.34268960996028
 30
0.0
 11
87.42642627466869
 21
24.34268960996028
 31
0.0
 12
87.39642627466868
 22
24.16268960996028
 32
0.0
 13
87.39642627466868
 23
24.16268960996028
 33
0.0
  0
SOLID
  5
E02
330
DF9
100
AcDbEntity
  8
0
 62
0
440
16777216
100
AcDbTrace
 10
87.36642627466868
 20
24.5826896099603
 30
0.0
 11
87.42642627466869
 21
24.5826896099603
 31
0.0
 12
87.39642627466868
 22
24.7626896099603
 32
0.0
 13
87.39642627466868
 23
24.7626896099603
 33
0.0
  0
MTEXT
  5
E03
330
DF9
100
AcDbEntity
  8
0
 62
0
440
16777216
100
AcDbMText
 10
88.039748239198
 20
24.94268960996027
 30
0.0
 40
0.18
 41
0.0
 46
0.0
 71
5
  1
\A1;0.6000
  0
POINT
  5
E04
330
DF9
100
AcDbEntity
  8
Defpoints
 62
0
440
16777216
100
AcDbPoint
 10
88.575593149451
 20
24.16268960996028
 30
0.0
  0
POINT
  5
E05
330
DF9
100
AcDbEntity
  8
Defpoints
 62
0
440
16777216
100
AcDbPoint
 10
88.575593149451
 20
24.7626896099603
 30
0.0
  0
POINT
  5
E06
330
DF9
100
AcDbEntity
  8
Defpoints
 62
0
440
16777216
100
AcDbPoint
 10
87.39642627466868
 20
24.7626896099603
 30
0.0
  0
ENDBLK
  5
DFB
330
DF9
100
AcDbEntity
  8
0
100
AcDbBlockEnd
  0
BLOCK
  5
E08
330
E07
100
AcDbEntity
  8
0
100
AcDbBlockBegin
  2
*D69
 70
1
 10
0.0
 20
0.0
 30
0.0
  3
*D69
  1

  0
LINE
  5
E0A
330
E07
100
AcDbEntity
  8
0
 62
0
370
-2
440
16777216
100
AcDbLine
 10
88.57559314945097
 20
24.10018960996027
 30
0.0
 11
88.57559314945097
 21
23.29225195883865
 31
0.0
  0
LINE
  5
E0B
330
E07
100
AcDbEntity
  8
0
 62
0
370
-2
440
16777216
100
AcDbLine
 10
89.17559314945088
 20
24.10018960996027
 30
0.0
 11
89.17559314945088
 21
23.29225195883865
 31
0.0
  0
LINE
  5
E0C
330
E07
100
AcDbEntity
  8
0
 62
0
370
-2
440
16777216
100
AcDbLine
 10
88.75559314945097
 20
23.47225195883865
 30
0.0
 11
88.99559314945085
 21
23.47225195883865
 31
0.0
  0
LINE
  5
E0D
330
E07
100
AcDbEntity
  8
0
 62
0
370
-2
440
16777216
100
AcDbLine
 10
89.17559314945088
 20
23.47225195883865
 30
0.0
 11
89.35559314945088
 21
23.47225195883865
 31
0.0
  0
SOLID
  5
E0E
330
E07
100
AcDbEntity
  8
0
 62
0
440
16777216
100
AcDbTrace
 10
88.75559314945097
 20
23.50225195883865
 30
0.0
 11
88.75559314945097
 21
23.44225195883865
 31
0.0
 12
88.57559314945097
 22
23.47225195883865
 32
0.0
 13
88.57559314945097
 23
23.47225195883865
 33
0.0
  0
SOLID
  5
E0F
330
E07
100
AcDbEntity
  8
0
 62
0
440
16777216
100
AcDbTrace
 10
88.99559314945085
 20
23.50225195883865
 30
0.0
 11
88.99559314945085
 21
23.44225195883865
 31
0.0
 12
89.17559314945088
 22
23.47225195883865
 32
0.0
 13
89.17559314945088
 23
23.47225195883865
 33
0.0
  0
MTEXT
  5
E10
330
E07
100
AcDbEntity
  8
0
 62
0
440
16777216
100
AcDbMText
 10
89.81891511398021
 20
23.47225195883865
 30
0.0
 40
0.18
 41
0.0
 46
0.0
 71
5
  1
\A1;0.6000
  0
POINT
  5
E11
330
E07
100
AcDbEntity
  8
Defpoints
 62
0
440
16777216
100
AcDbPoint
 10
88.57559314945097
 20
24.16268960996027
 30
0.0
  0
POINT
  5
E12
330
E07
100
AcDbEntity
  8
Defpoints
 62
0
440
16777216
100
AcDbPoint
 10
89.17559314945088
 20
24.16268960996027
 30
0.0
  0
POINT
  5
E13
330
E07
100
AcDbEntity
  8
Defpoints
 62
0
440
16777216
100
AcDbPoint
 10
89.17559314945088
 20
23.47225195883865
 30
0.0
  0
ENDBLK
  5
E09
330
E07
100
AcDbEntity
  8
0
100
AcDbBlockEnd
  0
BLOCK
  5
E1F
330
E1E
100
AcDbEntity
  8
0
100
AcDbBlockBegin
  2
*D71
 70
1
 10
0.0
 20
0.0
 30
0.0
  3
*D71
  1

  0
LINE
  5
E45
330
E1E
100
AcDbEntity
  8
0
 62
0
370
-2
440
16777216
100
AcDbLine
 10
118.1133965358656
 20
-18.7811882829701
 30
0.0
 11
118.1133965358656
 21
-14.30206692517749
 31
0.0
  0
LINE
  5
E46
330
E1E
100
AcDbEntity
  8
0
 62
0
370
-2
440
16777216
100
AcDbLine
 10
122.0027254283832
 20
-18.7811882829701
 30
0.0
 11
122.0027254283832
 21
-14.30206692517749
 31
0.0
  0
LINE
  5
E47
330
E1E
100
AcDbEntity
  8
0
 62
0
370
-2
440
16777216
100
AcDbLine
 10
118.2933965358656
 20
-14.48206692517749
 30
0.0
 11
119.5944934514286
 21
-14.48206692517749
 31
0.0
  0
LINE
  5
E48
330
E1E
100
AcDbEntity
  8
0
 62
0
370
-2
440
16777216
100
AcDbLine
 10
121.8227254283832
 20
-14.48206692517749
 30
0.0
 11
120.5216285128202
 21
-14.48206692517749
 31
0.0
  0
SOLID
  5
E49
330
E1E
100
AcDbEntity
  8
0
 62
0
440
16777216
100
AcDbTrace
 10
118.2933965358656
 20
-14.45206692517749
 30
0.0
 11
118.2933965358656
 21
-14.51206692517749
 31
0.0
 12
118.1133965358656
 22
-14.48206692517749
 32
0.0
 13
118.1133965358656
 23
-14.48206692517749
 33
0.0
  0
SOLID
  5
E4A
330
E1E
100
AcDbEntity
  8
0
 62
0
440
16777216
100
AcDbTrace
 10
121.8227254283832
 20
-14.45206692517749
 30
0.0
 11
121.8227254283832
 21
-14.51206692517749
 31
0.0
 12
122.0027254283832
 22
-14.48206692517749
 32
0.0
 13
122.0027254283832
 23
-14.48206692517749
 33
0.0
  0
MTEXT
  5
E4B
330
E1E
100
AcDbEntity
  8
0
 62
0
440
16777216
100
AcDbMText
 10
120.0580609821244
 20
-14.48206692517749
 30
0.0
 40
0.18
 41
0.0
 46
0.0
 71
5
  1
\A1;3.8893
  0
POINT
  5
E4C
330
E1E
100
AcDbEntity
  8
Defpoints
 62
0
440
16777216
100
AcDbPoint
 10
118.1133965358656
 20
-18.8436882829701
 30
0.0
  0
POINT
  5
E4D
330
E1E
100
AcDbEntity
  8
Defpoints
 62
0
440
16777216
100
AcDbPoint
 10
122.0027254283832
 20
-18.8436882829701
 30
0.0
  0
POINT
  5
E4E
330
E1E
100
AcDbEntity
  8
Defpoints
 62
0
440
16777216
100
AcDbPoint
 10
122.0027254283832
 20
-14.48206692517749
 30
0.0
  0
ENDBLK
  5
E20
330
E1E
100
AcDbEntity
  8
0
100
AcDbBlockEnd
  0
BLOCK
  5
E2D
330
E2C
100
AcDbEntity
  8
0
100
AcDbBlockBegin
  2
*D72
 70
1
 10
0.0
 20
0.0
 30
0.0
  3
*D72
  1

  0
LINE
  5
E3A
330
E2C
100
AcDbEntity
  8
0
 62
0
370
-2
440
16777216
100
AcDbLine
 10
77.88559422049279
 20
35.22930227515727
 30
0.0
 11
77.88559422049279
 21
37.25079912355502
 31
0.0
  0
LINE
  5
E3B
330
E2C
100
AcDbEntity
  8
0
 62
0
370
-2
440
16777216
100
AcDbLine
 10
81.78555388961198
 20
35.22930227515727
 30
0.0
 11
81.78555388961198
 21
37.25079912355502
 31
0.0
  0
LINE
  5
E3C
330
E2C
100
AcDbEntity
  8
0
 62
0
370
-2
440
16777216
100
AcDbLine
 10
78.06559422049278
 20
37.07079912355502
 30
0.0
 11
79.37231348206465
 21
37.07079912355502
 31
0.0
  0
LINE
  5
E3D
330
E2C
100
AcDbEntity
  8
0
 62
0
370
-2
440
16777216
100
AcDbLine
 10
81.60555388961197
 20
37.07079912355502
 30
0.0
 11
80.29883462804011
 21
37.07079912355502
 31
0.0
  0
SOLID
  5
E3E
330
E2C
100
AcDbEntity
  8
0
 62
0
440
16777216
100
AcDbTrace
 10
78.06559422049278
 20
37.10079912355502
 30
0.0
 11
78.06559422049278
 21
37.04079912355502
 31
0.0
 12
77.88559422049279
 22
37.07079912355502
 32
0.0
 13
77.88559422049279
 23
37.07079912355502
 33
0.0
  0
SOLID
  5
E3F
330
E2C
100
AcDbEntity
  8
0
 62
0
440
16777216
100
AcDbTrace
 10
81.60555388961197
 20
37.10079912355502
 30
0.0
 11
81.60555388961197
 21
37.04079912355502
 31
0.0
 12
81.78555388961198
 22
37.07079912355502
 32
0.0
 13
81.78555388961198
 23
37.07079912355502
 33
0.0
  0
MTEXT
  5
E40
330
E2C
100
AcDbEntity
  8
0
 62
0
440
16777216
100
AcDbMText
 10
79.83557405505239
 20
37.07079912355502
 30
0.0
 40
0.18
 41
0.0
 46
0.0
 71
5
  1
\A1;3.9000
  0
POINT
  5
E41
330
E2C
100
AcDbEntity
  8
Defpoints
 62
0
440
16777216
100
AcDbPoint
 10
77.88559422049279
 20
35.16680227515727
 30
0.0
  0
POINT
  5
E42
330
E2C
100
AcDbEntity
  8
Defpoints
 62
0
440
16777216
100
AcDbPoint
 10
81.78555388961198
 20
35.16680227515727
 30
8.7e-15
  0
POINT
  5
E43
330
E2C
100
AcDbEntity
  8
Defpoints
 62
0
440
16777216
100
AcDbPoint
 10
81.78555388961198
 20
37.07079912355502
 30
0.0
  0
ENDBLK
  5
E2E
330
E2C
100
AcDbEntity
  8
0
100
AcDbBlockEnd
  0
BLOCK
  5
F10
330
F0F
100
AcDbEntity
  8
0
100
AcDbBlockBegin
  2
*D73
 70
1
 10
0.0
 20
0.0
 30
0.0
  3
*D73
  1

  0
LINE
  5
F1D
330
F0F
100
AcDbEntity
  8
0
 62
0
370
-2
440
16777216
100
AcDbLine
 10
87.12305388970601
 20
35.66564918438376
 30
0.0
 11
86.05198637476393
 21
35.66564918438376
 31
0.0
  0
LINE
  5
F1E
330
F0F
100
AcDbEntity
  8
0
 62
0
370
-2
440
16777216
100
AcDbLine
 10
87.12305388970601
 20
29.3668022748776
 30
0.0
 11
86.05198637476394
 21
29.3668022748776
 31
0.0
  0
LINE
  5
F1F
330
F0F
100
AcDbEntity
  8
0
 62
0
370
-2
440
16777216
100
AcDbLine
 10
86.23198637476393
 20
35.48564918438375
 30
0.0
 11
86.23198637476393
 21
32.69812886742058
 31
0.0
  0
LINE
  5
F20
330
F0F
100
AcDbEntity
  8
0
 62
0
370
-2
440
16777216
100
AcDbLine
 10
86.23198637476395
 20
29.5468022748776
 30
0.0
 11
86.23198637476393
 21
32.33432259184077
 31
0.0
  0
SOLID
  5
F21
330
F0F
100
AcDbEntity
  8
0
 62
0
440
16777216
100
AcDbTrace
 10
86.20198637476393
 20
35.48564918438375
 30
0.0
 11
86.26198637476394
 21
35.48564918438375
 31
0.0
 12
86.23198637476393
 22
35.66564918438376
 32
0.0
 13
86.23198637476393
 23
35.66564918438376
 33
0.0
  0
SOLID
  5
F22
330
F0F
100
AcDbEntity
  8
0
 62
0
440
16777216
100
AcDbTrace
 10
86.20198637476395
 20
29.5468022748776
 30
0.0
 11
86.26198637476395
 21
29.5468022748776
 31
0.0
 12
86.23198637476395
 22
29.3668022748776
 32
0.0
 13
86.23198637476395
 23
29.3668022748776
 33
0.0
  0
MTEXT
  5
F23
330
F0F
100
AcDbEntity
  8
0
 62
0
440
16777216
100
AcDbMText
 10
86.23198637476393
 20
32.51622572963064
 30
0.0
 40
0.18
 41
0.0
 46
0.0
 71
5
  1
\A1;6.2988
  0
POINT
  5
F24
330
F0F
100
AcDbEntity
  8
Defpoints
 62
0
440
16777216
100
AcDbPoint
 10
87.18555388970601
 20
35.66564918438376
 30
-8.53533717518e-05
  0
POINT
  5
F25
330
F0F
100
AcDbEntity
  8
Defpoints
 62
0
440
16777216
100
AcDbPoint
 10
87.18555388970601
 20
29.3668022748776
 30
0.0
  0
POINT
  5
F26
330
F0F
100
AcDbEntity
  8
Defpoints
 62
0
440
16777216
100
AcDbPoint
 10
86.23198637476395
 20
29.3668022748776
 30
0.0
  0
ENDBLK
  5
F11
330
F0F
100
AcDbEntity
  8
0
100
AcDbBlockEnd
  0
BLOCK
  5
F2A
330
F29
100
AcDbEntity
  8
0
100
AcDbBlockBegin
  2
*D74
 70
1
 10
0.0
 20
0.0
 30
0.0
  3
*D74
  1

  0
LINE
  5
F37
330
F29
100
AcDbEntity
  8
0
 62
0
370
-2
440
16777216
100
AcDbLine
 10
88.81309313875938
 20
20.16688235789414
 30
0.0
 11
86.58765400145943
 21
20.16688235789414
 31
0.0
  0
LINE
  5
F38
330
F29
100
AcDbEntity
  8
0
 62
0
370
-2
440
16777216
100
AcDbLine
 10
88.81319916939871
 20
29.16618590114896
 30
0.0
 11
86.58765400145943
 21
29.16618590114896
 31
0.0
  0
LINE
  5
F39
330
F29
100
AcDbEntity
  8
0
 62
0
370
-2
440
16777216
100
AcDbLine
 10
86.76765400145943
 20
20.34688235789414
 30
0.0
 11
86.76765400145943
 21
24.48456960019004
 31
0.0
  0
LINE
  5
F3A
330
F29
100
AcDbEntity
  8
0
 62
0
370
-2
440
16777216
100
AcDbLine
 10
86.76765400145943
 20
28.98618590114896
 30
0.0
 11
86.76765400145943
 21
24.84849865885307
 31
0.0
  0
SOLID
  5
F3B
330
F29
100
AcDbEntity
  8
0
 62
0
440
16777216
100
AcDbTrace
 10
86.73765400145945
 20
20.34688235789414
 30
0.0
 11
86.79765400145943
 21
20.34688235789414
 31
0.0
 12
86.76765400145943
 22
20.16688235789414
 32
0.0
 13
86.76765400145943
 23
20.16688235789414
 33
0.0
  0
SOLID
  5
F3C
330
F29
100
AcDbEntity
  8
0
 62
0
440
16777216
100
AcDbTrace
 10
86.73765400145945
 20
28.98618590114896
 30
0.0
 11
86.79765400145943
 21
28.98618590114896
 31
0.0
 12
86.76765400145943
 22
29.16618590114896
 32
0.0
 13
86.76765400145943
 23
29.16618590114896
 33
0.0
  0
MTEXT
  5
F3D
330
F29
100
AcDbEntity
  8
0
 62
0
440
16777216
100
AcDbMText
 10
86.76765400145943
 20
24.66653412952152
 30
0.0
 40
0.18
 41
0.0
 46
0.0
 71
5
  1
\A1;8.9993
  0
POINT
  5
F3E
330
F29
100
AcDbEntity
  8
Defpoints
 62
0
440
16777216
100
AcDbPoint
 10
88.87559313875938
 20
20.16688235789414
 30
0.0
  0
POINT
  5
F3F
330
F29
100
AcDbEntity
  8
Defpoints
 62
0
440
16777216
100
AcDbPoint
 10
88.87569916939871
 20
29.16618590114896
 30
1.298947e-10
  0
POINT
  5
F40
330
F29
100
AcDbEntity
  8
Defpoints
 62
0
440
16777216
100
AcDbPoint
 10
86.76765400145943
 20
29.16618590114896
 30
0.0
  0
ENDBLK
  5
F2B
330
F29
100
AcDbEntity
  8
0
100
AcDbBlockEnd
  0
BLOCK
  5
F44
330
F43
100
AcDbEntity
  8
0
100
AcDbBlockBegin
  2
*D75
 70
1
 10
0.0
 20
0.0
 30
0.0
  3
*D75
  1

  0
LINE
  5
F51
330
F43
100
AcDbEntity
  8
0
 62
0
370
-2
440
16777216
100
AcDbLine
 10
77.68046364850834
 20
21.82703308977878
 30
0.0
 11
77.68046364850834
 21
23.14586567294702
 31
0.0
  0
LINE
  5
F52
330
F43
100
AcDbEntity
  8
0
 62
0
370
-2
440
16777216
100
AcDbLine
 10
68.0855941935527
 20
21.82703308977878
 30
0.0
 11
68.0855941935527
 21
23.14586567294702
 31
0.0
  0
LINE
  5
F53
330
F43
100
AcDbEntity
  8
0
 62
0
370
-2
440
16777216
100
AcDbLine
 10
77.50046364850833
 20
22.96586567294702
 30
0.0
 11
73.34684201789273
 21
22.96586567294702
 31
0.0
  0
LINE
  5
F54
330
F43
100
AcDbEntity
  8
0
 62
0
370
-2
440
16777216
100
AcDbLine
 10
68.2655941935527
 20
22.96586567294702
 30
0.0
 11
72.4192158241683
 21
22.96586567294702
 31
0.0
  0
SOLID
  5
F55
330
F43
100
AcDbEntity
  8
0
 62
0
440
16777216
100
AcDbTrace
 10
77.50046364850833
 20
22.99586567294702
 30
0.0
 11
77.50046364850833
 21
22.93586567294702
 31
0.0
 12
77.68046364850834
 22
22.96586567294702
 32
0.0
 13
77.68046364850834
 23
22.96586567294702
 33
0.0
  0
SOLID
  5
F56
330
F43
100
AcDbEntity
  8
0
 62
0
440
16777216
100
AcDbTrace
 10
68.2655941935527
 20
22.99586567294702
 30
0.0
 11
68.2655941935527
 21
22.93586567294702
 31
0.0
 12
68.0855941935527
 22
22.96586567294702
 32
0.0
 13
68.0855941935527
 23
22.96586567294702
 33
0.0
  0
MTEXT
  5
F57
330
F43
100
AcDbEntity
  8
0
 62
0
440
16777216
100
AcDbMText
 10
72.88302892103052
 20
22.96586567294702
 30
0.0
 40
0.18
 41
0.0
 46
0.0
 71
5
  1
\A1;9.5949
  0
POINT
  5
F58
330
F43
100
AcDbEntity
  8
Defpoints
 62
0
440
16777216
100
AcDbPoint
 10
77.68046364850834
 20
21.76453308977878
 30
0.0
  0
POINT
  5
F59
330
F43
100
AcDbEntity
  8
Defpoints
 62
0
440
16777216
100
AcDbPoint
 10
68.0855941935527
 20
21.76453308977878
 30
0.0
  0
POINT
  5
F5A
330
F43
100
AcDbEntity
  8
Defpoints
 62
0
440
16777216
100
AcDbPoint
 10
68.0855941935527
 20
22.96586567294702
 30
0.0
  0
ENDBLK
  5
F45
330
F43
100
AcDbEntity
  8
0
100
AcDbBlockEnd
  0
BLOCK
  5
F5E
330
F5D
100
AcDbEntity
  8
0
100
AcDbBlockBegin
  2
*D76
 70
1
 10
0.0
 20
0.0
 30
0.0
  3
*D76
  1

  0
LINE
  5
F6B
330
F5D
100
AcDbEntity
  8
0
 62
0
370
-2
440
16777216
100
AcDbLine
 10
81.98555388961432
 20
23.02836567295045
 30
0.0
 11
81.98555388961432
 21
23.21696892594286
 31
0.0
  0
LINE
  5
F6C
330
F5D
100
AcDbEntity
  8
0
 62
0
370
-2
440
16777216
100
AcDbLine
 10
95.48559396568866
 20
23.02836445575371
 30
0.0
 11
95.48559396568866
 21
23.21696892594286
 31
0.0
  0
LINE
  5
F6D
330
F5D
100
AcDbEntity
  8
0
 62
0
370
-2
440
16777216
100
AcDbLine
 10
82.16555388961433
 20
23.03696892594286
 30
0.0
 11
88.21079902997074
 21
23.03696892594286
 31
0.0
  0
LINE
  5
F6E
330
F5D
100
AcDbEntity
  8
0
 62
0
370
-2
440
16777216
100
AcDbLine
 10
95.30559396568866
 20
23.03696892594286
 30
0.0
 11
89.26034882533226
 21
23.03696892594286
 31
0.0
  0
SOLID
  5
F6F
330
F5D
100
AcDbEntity
  8
0
 62
0
440
16777216
100
AcDbTrace
 10
82.16555388961433
 20
23.06696892594286
 30
0.0
 11
82.16555388961433
 21
23.00696892594286
 31
0.0
 12
81.98555388961432
 22
23.03696892594286
 32
0.0
 13
81.98555388961432
 23
23.03696892594286
 33
0.0
  0
SOLID
  5
F70
330
F5D
100
AcDbEntity
  8
0
 62
0
440
16777216
100
AcDbTrace
 10
95.30559396568866
 20
23.06696892594286
 30
0.0
 11
95.30559396568866
 21
23.00696892594286
 31
0.0
 12
95.48559396568866
 22
23.03696892594286
 32
0.0
 13
95.48559396568866
 23
23.03696892594286
 33
0.0
  0
MTEXT
  5
F71
330
F5D
100
AcDbEntity
  8
0
 62
0
440
16777216
100
AcDbMText
 10
88.7355739276515
 20
23.03696892594286
 30
0.0
 40
0.18
 41
0.0
 46
0.0
 71
5
  1
\A1;13.5000
  0
POINT
  5
F72
330
F5D
100
AcDbEntity
  8
Defpoints
 62
0
440
16777216
100
AcDbPoint
 10
81.98555388961432
 20
22.96586567295045
 30
-2e-16
  0
POINT
  5
F73
330
F5D
100
AcDbEntity
  8
Defpoints
 62
0
440
16777216
100
AcDbPoint
 10
95.48559396568866
 20
22.96586445575371
 30
-8e-16
  0
POINT
  5
F74
330
F5D
100
AcDbEntity
  8
Defpoints
 62
0
440
16777216
100
AcDbPoint
 10
95.48559396568866
 20
23.03696892594286
 30
0.0
  0
ENDBLK
  5
F5F
330
F5D
100
AcDbEntity
  8
0
100
AcDbBlockEnd
  0
BLOCK
  5
F78
330
F77
100
AcDbEntity
  8
0
100
AcDbBlockBegin
  2
*D77
 70
1
 10
0.0
 20
0.0
 30
0.0
  3
*D77
  1

  0
LINE
  5
F85
330
F77
100
AcDbEntity
  8
0
 62
0
370
-2
440
16777216
100
AcDbLine
 10
68.08559419355065
 20
32.15430227578869
 30
0.0
 11
68.08559419355065
 21
31.8734370286648
 31
0.0
  0
LINE
  5
F86
330
F77
100
AcDbEntity
  8
0
 62
0
370
-2
440
16777216
100
AcDbLine
 10
77.68559419355147
 20
32.20430227466918
 30
0.0
 11
77.68559419355147
 21
31.8734370286648
 31
0.0
  0
LINE
  5
F87
330
F77
100
AcDbEntity
  8
0
 62
0
370
-2
440
16777216
100
AcDbLine
 10
68.26559419355065
 20
32.05343702866481
 30
0.0
 11
72.42227222902171
 21
32.05343702866481
 31
0.0
  0
LINE
  5
F88
330
F77
100
AcDbEntity
  8
0
 62
0
370
-2
440
16777216
100
AcDbLine
 10
77.50559419355146
 20
32.05343702866481
 30
0.0
 11
73.34891615808039
 21
32.05343702866481
 31
0.0
  0
SOLID
  5
F89
330
F77
100
AcDbEntity
  8
0
 62
0
440
16777216
100
AcDbTrace
 10
68.26559419355065
 20
32.08343702866481
 30
0.0
 11
68.26559419355065
 21
32.0234370286648
 31
0.0
 12
68.08559419355065
 22
32.05343702866481
 32
0.0
 13
68.08559419355065
 23
32.05343702866481
 33
0.0
  0
SOLID
  5
F8A
330
F77
100
AcDbEntity
  8
0
 62
0
440
16777216
100
AcDbTrace
 10
77.50559419355146
 20
32.08343702866481
 30
0.0
 11
77.50559419355146
 21
32.0234370286648
 31
0.0
 12
77.68559419355147
 22
32.05343702866481
 32
0.0
 13
77.68559419355147
 23
32.05343702866481
 33
0.0
  0
MTEXT
  5
F8B
330
F77
100
AcDbEntity
  8
0
 62
0
440
16777216
100
AcDbMText
 10
72.88559419355106
 20
32.05343702866481
 30
0.0
 40
0.18
 41
0.0
 46
0.0
 71
5
  1
\A1;9.6000
  0
POINT
  5
F8C
330
F77
100
AcDbEntity
  8
Defpoints
 62
0
440
16777216
100
AcDbPoint
 10
68.08559419355065
 20
32.2168022757887
 30
-3.72e-14
  0
POINT
  5
F8D
330
F77
100
AcDbEntity
  8
Defpoints
 62
0
440
16777216
100
AcDbPoint
 10
77.68559419355147
 20
32.26680227466918
 30
-4.14e-14
  0
POINT
  5
F8E
330
F77
100
AcDbEntity
  8
Defpoints
 62
0
440
16777216
100
AcDbPoint
 10
77.68559419355147
 20
32.05343702866481
 30
0.0
  0
ENDBLK
  5
F79
330
F77
100
AcDbEntity
  8
0
100
AcDbBlockEnd
  0
BLOCK
  5
F92
330
F91
100
AcDbEntity
  8
0
100
AcDbBlockBegin
  2
*D78
 70
1
 10
0.0
 20
0.0
 30
0.0
  3
*D78
  1

  0
LINE
  5
F9F
330
F91
100
AcDbEntity
  8
0
 62
0
370
-2
440
16777216
100
AcDbLine
 10
81.14910513512253
 20
24.16258463255956
 30
0.0
 11
80.52107029891977
 21
24.16258463255956
 31
0.0
  0
LINE
  5
FA0
330
F91
100
AcDbEntity
  8
0
 62
0
370
-2
440
16777216
100
AcDbLine
 10
81.15243790425885
 20
29.16664947521713
 30
0.0
 11
80.52107029891977
 21
29.16664947521713
 31
0.0
  0
LINE
  5
FA1
330
F91
100
AcDbEntity
  8
0
 62
0
370
-2
440
16777216
100
AcDbLine
 10
80.70107029891977
 20
24.34258463255956
 30
0.0
 11
80.70107029891977
 21
26.48271391609843
 31
0.0
  0
LINE
  5
FA2
330
F91
100
AcDbEntity
  8
0
 62
0
370
-2
440
16777216
100
AcDbLine
 10
80.70107029891977
 20
28.98664947521713
 30
0.0
 11
80.70107029891977
 21
26.84652019167824
 31
0.0
  0
SOLID
  5
FA3
330
F91
100
AcDbEntity
  8
0
 62
0
440
16777216
100
AcDbTrace
 10
80.67107029891976
 20
24.34258463255956
 30
0.0
 11
80.73107029891978
 21
24.34258463255956
 31
0.0
 12
80.70107029891977
 22
24.16258463255956
 32
0.0
 13
80.70107029891977
 23
24.16258463255956
 33
0.0
  0
SOLID
  5
FA4
330
F91
100
AcDbEntity
  8
0
 62
0
440
16777216
100
AcDbTrace
 10
80.67107029891976
 20
28.98664947521713
 30
0.0
 11
80.73107029891978
 21
28.98664947521713
 31
0.0
 12
80.70107029891977
 22
29.16664947521713
 32
0.0
 13
80.70107029891977
 23
29.16664947521713
 33
0.0
  0
MTEXT
  5
FA5
330
F91
100
AcDbEntity
  8
0
 62
0
440
16777216
100
AcDbMText
 10
80.70107029891977
 20
26.66461705388831
 30
0.0
 40
0.18
 41
0.0
 46
0.0
 71
5
  1
\A1;5.0041
  0
POINT
  5
FA6
330
F91
100
AcDbEntity
  8
Defpoints
 62
0
440
16777216
100
AcDbPoint
 10
81.21160513512253
 20
24.16258463255956
 30
-7.65e-14
  0
POINT
  5
FA7
330
F91
100
AcDbEntity
  8
Defpoints
 62
0
440
16777216
100
AcDbPoint
 10
81.21493790425885
 20
29.16664947521713
 30
-7.22e-14
  0
POINT
  5
FA8
330
F91
100
AcDbEntity
  8
Defpoints
 62
0
440
16777216
100
AcDbPoint
 10
80.70107029891977
 20
29.16664947521713
 30
0.0
  0
ENDBLK
  5
F93
330
F91
100
AcDbEntity
  8
0
100
AcDbBlockEnd
  0
ENDSEC
  0
SECTION
  2
ENTITIES
  0
LINE
  5
B58
330
1F
100
AcDbEntity
  8
wall cut
100
AcDbLine
 10
67.88559419355265
 20
20.56839743112042
 30
-5.3e-15
 11
67.88559419355265
 21
35.36680227757225
 31
-1.3e-15
  0
LINE
  5
B59
330
1F
100
AcDbEntity
  8
0
370
40
100
AcDbLine
 10
68.08559419355292
 20
16.0683980836101
 30
-4.6e-15
 11
68.08559419354928
 21
17.64269830576521
 31
-4.3e-15
  0
LINE
  5
B5A
330
1F
100
AcDbEntity
  8
0
370
40
100
AcDbLine
 10
68.08559419354746
 20
18.56839808370583
 30
-1.35e-14
 11
68.0855941935461
 21
19.16839808370596
 31
-4e-15
  0
LINE
  5
B5B
330
1F
100
AcDbEntity
  8
0
370
40
100
AcDbLine
 10
68.08559419354383
 20
20.08226588409687
 30
-3.9e-15
 11
68.08559419354017
 21
21.71846247391093
 31
-3.6e-15
  0
LINE
  5
B5C
330
1F
100
AcDbEntity
  8
wall cut
100
AcDbLine
 10
68.08559419353973
 20
21.9189503076108
 30
-3.6e-15
 11
68.08559419352746
 21
27.56901469791174
 31
-2.6e-15
  0
LINE
  5
B5D
330
1F
100
AcDbEntity
  8
wall cut
100
AcDbLine
 10
68.085594193527
 20
27.7690138029424
 30
-2.5e-15
 11
68.08559419351063
 21
35.16680227747966
 31
-1.3e-15
  0
LINE
  5
B5E
330
1F
100
AcDbEntity
  8
0
370
40
100
AcDbLine
 10
78.0798504762702
 20
23.86301738333569
 30
-4.4e-15
 11
78.07817367797479
 21
21.76505257737838
 31
-2.3e-14
  0
LINE
  5
B5F
330
1F
100
AcDbEntity
  8
0
370
40
100
AcDbLine
 10
78.0798504762702
 20
23.86301738364401
 30
-4.4e-15
 11
78.07836488717162
 21
20.16598823570783
 31
-1.6e-14
  0
LINE
  5
B60
102
{ACAD_REACTORS
330
FA9
102
}
330
1F
100
AcDbEntity
  8
0
370
40
100
AcDbLine
 10
79.58557003788842
 20
29.16773465438794
 30
-7.51e-14
 11
81.7855538896129
 21
29.16626943790655
 31
-7.11e-14
  0
LINE
  5
B61
330
1F
100
AcDbEntity
  8
0
370
40
100
AcDbLine
 10
77.88555388961645
 20
29.36680227465698
 30
-7.01e-14
 11
78.08557003788842
 21
29.36680227465834
 31
-7.01e-14
  0
LINE
  5
B62
330
1F
100
AcDbEntity
  8
0
370
40
100
AcDbLine
 10
95.48562906970305
 20
35.66524763761985
 30
-0.0001850986772038
 11
95.4855548156434
 21
29.3668022746588
 31
-5.7122563077e-06
  0
LINE
  5
B63
330
1F
100
AcDbEntity
  8
0
370
40
100
AcDbLine
 10
81.58660489719573
 20
23.86299377173023
 30
1.61e-14
 11
81.58555388961354
 21
23.32621863545981
 31
-8e-16
  0
LINE
  5
B64
330
1F
100
AcDbEntity
  8
0
370
40
100
AcDbLine
 10
81.5855538896131
 20
23.32621863545981
 30
-2e-16
 11
81.58555388961354
 21
22.11722372985676
 31
-3e-16
  0
LINE
  5
B65
330
1F
100
AcDbEntity
  8
0
370
40
100
AcDbLine
 10
81.5855538896131
 20
22.11722372985676
 30
-3e-16
 11
81.58555388961354
 21
20.16598823570828
 31
-1e-15
  0
LINE
  5
B68
330
1F
100
AcDbEntity
  8
0
370
40
100
AcDbLine
 10
95.68559418393355
 20
35.86524763761989
 30
5.2e-14
 11
95.68559378879426
 21
29.66268207615011
 31
-7e-16
  0
LINE
  5
B69
330
1F
100
AcDbEntity
  8
0
370
40
100
AcDbLine
 10
95.88559414361025
 20
19.46688236030368
 30
4.66e-14
 11
95.88559409001805
 21
21.00688277166441
 31
3.95e-14
  0
LINE
  5
B6A
330
1F
100
AcDbEntity
  8
0
370
40
100
AcDbLine
 10
95.68559378906188
 20
21.00688276470444
 30
-7e-16
 11
95.68559419355147
 21
19.96688236012122
 31
-7e-16
  0
LINE
  5
B6B
330
1F
100
AcDbEntity
  8
0
370
40
100
AcDbLine
 10
93.71883948161489
 20
20.16688391088954
 30
-1e-16
 11
93.71883948161489
 21
19.96688236012122
 31
-3e-16
  0
LINE
  5
B6D
330
1F
100
AcDbEntity
  8
0
370
40
100
AcDbLine
 10
95.48559419355074
 20
21.00688276470444
 30
-6e-16
 11
95.48559419355074
 21
20.16688301591765
 31
-6e-16
  0
LINE
  5
B71
102
{ACAD_REACTORS
330
F75
102
}
330
1F
100
AcDbEntity
  8
0
370
40
100
AcDbLine
 10
81.98555388961407
 20
23.82621863545935
 30
-2e-16
 11
81.98555388961454
 21
22.11722372985676
 31
-3e-16
  0
LINE
  5
B72
330
1F
100
AcDbEntity
  8
0
370
40
100
AcDbLine
 10
81.98555388961363
 20
22.11722372985722
 30
-5e-16
 11
81.98555388961363
 21
20.16598823570783
 31
-8e-16
  0
LINE
  5
B74
330
1F
100
AcDbEntity
  8
0
370
40
100
AcDbLine
 10
81.78555388961198
 20
35.86572485469188
 30
8.8e-15
 11
81.78555388961198
 21
35.36680227747857
 31
8.7e-15
  0
LINE
  5
B75
102
{ACAD_REACTORS
330
E44
102
}
330
1F
100
AcDbEntity
  8
0
370
40
100
AcDbLine
 10
81.78555388961198
 20
35.16680227515738
 30
8.7e-15
 11
81.78555388961198
 21
30.45182045774473
 31
7.9e-15
  0
LINE
  5
B76
330
1F
100
AcDbEntity
  8
0
370
40
100
AcDbLine
 10
81.7855538896129
 20
29.46296671531028
 30
-2.4e-15
 11
81.78555388961244
 21
29.36680227465334
 31
-7.4e-14
  0
LINE
  5
B77
330
1F
100
AcDbEntity
  8
0
370
40
100
AcDbLine
 10
81.98555388961317
 20
29.46296671531028
 30
-2.4e-15
 11
81.98555388961272
 21
29.36680227465334
 31
-7.4e-14
  0
LINE
  5
B78
330
1F
100
AcDbEntity
  8
0
370
40
100
AcDbLine
 10
81.58660489719573
 20
23.86299377173023
 30
1.61e-14
 11
81.5855538896131
 21
23.32621863545981
 31
-8e-16
  0
LINE
  5
B79
330
1F
100
AcDbEntity
  8
0
370
40
100
AcDbLine
 10
81.58555388961263
 20
23.32621863545936
 30
-2e-16
 11
81.5855538896131
 21
22.11722372985676
 31
-3e-16
  0
LINE
  5
B7A
330
1F
100
AcDbEntity
  8
0
370
40
100
AcDbLine
 10
81.58555388961354
 20
22.11722372985676
 30
-5e-16
 11
81.5855538896131
 21
20.16598823570783
 31
-8e-16
  0
LINE
  5
B7B
330
1F
100
AcDbEntity
  8
0
370
40
100
AcDbLine
 10
95.48559419355074
 20
20.16688301591765
 30
-6e-16
 11
93.71883948161398
 21
20.16688391088954
 31
-2e-16
  0
LINE
  5
B7C
330
1F
100
AcDbEntity
  8
0
370
40
100
AcDbLine
 10
89.97559232978078
 20
20.16689688798422
 30
-5e-16
 11
88.877727449029
 21
20.16705932428445
 31
3e-16
  0
LINE
  5
B7D
330
1F
100
AcDbEntity
  8
WINDOW
100
AcDbLine
 10
93.71883948161444
 20
19.96688428166342
 30
-2e-16
 11
89.97559232978124
 21
19.96689651720979
 31
-5e-16
  0
LINE
  5
B7E
330
1F
100
AcDbEntity
  8
0
370
40
100
AcDbLine
 10
81.98555388961317
 20
24.63442333339461
 30
-9e-16
 11
81.98555388961317
 21
24.63442333339461
 31
-9e-16
  0
LINE
  5
B7F
330
1F
100
AcDbEntity
  8
0
370
40
100
AcDbLine
 10
80.98551358567879
 20
29.36680227461969
 30
-7.33e-14
 11
81.78555388961244
 21
29.36680227465334
 31
-7.17e-14
  0
LINE
  5
B80
330
1F
100
AcDbEntity
  8
0
370
40
100
AcDbLine
 10
81.58660489719573
 20
23.86299377173023
 30
1.61e-14
 11
81.58660489719573
 21
23.86299377173023
 31
1.61e-14
  0
LINE
  5
B81
330
1F
100
AcDbEntity
  8
hach
100
AcDbLine
 10
78.078047185089
 20
21.38599268800025
 30
2.5e-15
 11
81.61472886574442
 21
21.3859926880007
 31
-2e-16
  0
LINE
  5
B82
330
1F
100
AcDbEntity
  8
hach
100
AcDbLine
 10
78.07794594509942
 20
20.98599268800015
 30
2.5e-15
 11
81.61472886574397
 21
20.98599268800061
 31
-2e-16
  0
LINE
  5
B83
330
1F
100
AcDbEntity
  8
hach
100
AcDbLine
 10
78.07784470511005
 20
20.58599268800052
 30
2.5e-15
 11
81.58470736649228
 21
20.58599268800052
 31
-2e-16
  0
LINE
  5
B84
330
1F
100
AcDbEntity
  8
0
370
40
100
AcDbLine
 10
81.78555388961244
 20
30.45182045774473
 30
-1e-16
 11
81.78555388961244
 21
35.16680227515738
 31
0.0
  0
LINE
  5
B85
330
1F
100
AcDbEntity
  8
0
370
40
100
AcDbLine
 10
81.78555388961244
 20
35.36680227747857
 30
0.0
 11
81.78555388961244
 21
35.86572485469188
 31
0.0
  0
LINE
  5
B86
330
1F
100
AcDbEntity
  8
0
370
40
100
AcDbLine
 10
77.8855941935522
 20
31.66372291695271
 30
-2e-16
 11
77.88559419355173
 21
35.16680227515716
 31
-6e-16
  0
LINE
  5
B87
330
1F
100
AcDbEntity
  8
0
370
40
100
AcDbLine
 10
77.68559419355192
 20
29.04339249449495
 30
-5e-16
 11
77.68559419355192
 21
29.16680227427256
 31
-8.32e-14
  0
LINE
  5
B88
102
{ACAD_REACTORS
330
F8F
102
}
330
1F
100
AcDbEntity
  8
0
370
40
100
AcDbLine
 10
77.68559419355192
 20
29.36680227418097
 30
-8.32e-14
 11
77.68559419355101
 21
35.16680227515738
 31
3e-16
  0
LINE
  5
B89
330
1F
100
AcDbEntity
  8
0
370
40
100
AcDbLine
 10
81.98574992722074
 20
35.66571177482539
 30
-0.000189921518639
 11
81.98561471269753
 21
32.26138067323464
 31
0.0003887701717245
  0
LINE
  5
B8A
330
1F
100
AcDbEntity
  8
0
370
40
100
AcDbLine
 10
81.98561024220093
 20
32.06142790816867
 30
0.0003931022534829
 11
81.98558303690656
 21
30.46296671530936
 31
-3.35191562428e-05
  0
LINE
  5
B8B
330
1F
100
AcDbEntity
  8
0
370
40
100
AcDbLine
 10
67.89039858660594
 20
35.36680227757225
 30
-1.3e-15
 11
81.78555388961198
 21
35.36680227747857
 31
-4.4e-15
  0
LINE
  5
B8C
330
1F
100
AcDbEntity
  8
0
370
40
100
AcDbLine
 10
77.88555388961645
 20
29.36680227465698
 30
-7.01e-14
 11
78.08557003788842
 21
29.36680227465698
 31
-7.01e-14
  0
LINE
  5
B8D
330
1F
100
AcDbEntity
  8
0
370
40
100
AcDbLine
 10
79.58557003788842
 20
29.36680227465698
 30
-7.02e-14
 11
81.78555388961244
 21
29.36680227465743
 31
-7.04e-14
  0
LINE
  5
B8E
330
1F
100
AcDbEntity
  8
0
370
40
100
AcDbLine
 10
81.98555388961272
 20
29.36680227465789
 30
-7.04e-14
 11
88.67449440890236
 21
29.36680227465823
 31
-7.09e-14
  0
LINE
  5
B8F
330
1F
100
AcDbEntity
  8
0
370
40
100
AcDbLine
 10
88.87407702933119
 20
29.36680227465823
 30
-7.09e-14
 11
95.4855548156434
 21
29.36680227465868
 31
-7.14e-14
  0
LINE
  5
B90
330
1F
100
AcDbEntity
  8
0
370
40
100
AcDbLine
 10
78.07880066996817
 20
23.86301741611007
 30
1.71e-14
 11
79.03659905863701
 21
23.86298717256855
 31
1.53e-14
  0
LINE
  5
B91
330
1F
100
AcDbEntity
  8
0
370
40
100
AcDbLine
 10
80.63659905783929
 20
23.86293665080407
 30
1.23e-14
 11
81.58660489719573
 21
23.8629066533214
 31
1.05e-14
  0
LINE
  5
B92
330
1F
100
AcDbEntity
  8
0
370
40
100
AcDbLine
 10
77.88660584971562
 20
24.16268962308132
 30
-7.02e-14
 11
79.03660537385217
 21
24.16265331057767
 31
-7.24e-14
  0
LINE
  5
B93
102
{ACAD_REACTORS
330
FA9
102
}
330
1F
100
AcDbEntity
  8
0
370
40
100
AcDbLine
 10
80.63660537305445
 20
24.16260278881137
 30
-7.54e-14
 11
81.78660489719056
 21
24.16256647630772
 31
-7.75e-14
  0
LINE
  5
B94
330
1F
100
AcDbEntity
  8
0
370
40
100
AcDbLine
 10
80.98660489719673
 20
23.86299822402194
 30
1.6e-14
 11
81.58660489719573
 21
23.86299822402239
 31
1.61e-14
  0
LINE
  5
B95
330
1F
100
AcDbEntity
  8
0
370
40
100
AcDbLine
 10
77.68559419355192
 20
35.16680227492705
 30
-7.24e-14
 11
74.65045791884181
 21
35.1668022747572
 31
-7.73e-14
  0
LINE
  5
B96
330
1F
100
AcDbEntity
  8
WINDOW
100
AcDbLine
 10
95.68559419357604
 20
29.86531158338861
 30
3.2e-15
 11
95.68559419355147
 21
29.91372293952898
 31
3.2e-15
  0
LINE
  5
B97
330
1F
100
AcDbEntity
  8
0
370
40
100
AcDbLine
 10
71.08559420258057
 20
29.1668022742671
 30
-8.2e-14
 11
71.88559420287224
 21
29.1668022742671
 31
-8.19e-14
  0
LINE
  5
B98
330
1F
100
AcDbEntity
  8
0
370
40
100
AcDbLine
 10
74.34243177426337
 20
29.16680227426983
 30
-8.17e-14
 11
74.63807087521995
 21
29.16680548637399
 31
-1.000282e-10
  0
LINE
  5
B99
330
1F
100
AcDbEntity
  8
wall cut
100
AcDbLine
 10
75.63796977259067
 20
29.16680548637399
 30
-1.000281e-10
 11
77.68559419355192
 21
29.16680227427164
 31
-8.14e-14
  0
LINE
  5
B9A
330
1F
100
AcDbEntity
  8
0
370
40
100
AcDbLine
 10
77.88556085548957
 20
29.16680227465261
 30
-7e-14
 11
78.08557003788842
 21
29.16680227465216
 31
-7e-14
  0
LINE
  5
B9E
102
{ACAD_REACTORS
330
DDD
102
}
330
1F
100
AcDbEntity
  8
wall cut
100
AcDbLine
 10
77.68046364850788
 20
20.36854024646894
 30
-1.24e-14
 11
77.68046364850788
 21
21.71895033774175
 31
-1.34e-14
  0
LINE
  5
B9F
330
1F
100
AcDbEntity
  8
0
370
40
100
AcDbLine
 10
77.68046364850834
 20
21.91894977187897
 30
-1.8e-15
 11
77.68046364850834
 21
24.63442735249421
 31
-1e-15
  0
LINE
  5
BA0
330
1F
100
AcDbEntity
  8
0
370
40
100
AcDbLine
 10
95.68559419355147
 20
19.96688236012122
 30
-7e-16
 11
93.71883948161489
 21
19.96688357358587
 31
-2e-16
  0
LINE
  5
BA1
330
1F
100
AcDbEntity
  8
0
370
40
100
AcDbLine
 10
89.07068157257622
 20
19.96700935795516
 30
0.0
 11
89.97559232978078
 21
19.96689651720979
 31
-5e-16
  0
LINE
  5
BA2
330
1F
100
AcDbEntity
  8
0
370
40
100
AcDbLine
 10
89.97559232978078
 20
19.96689651720979
 30
-5e-16
 11
89.97559232978124
 21
19.96688357358587
 31
-5e-16
  0
LINE
  5
BA3
330
1F
100
AcDbEntity
  8
0
370
40
100
AcDbLine
 10
89.97559232978078
 20
20.16689688798422
 30
-5e-16
 11
89.97559232978124
 21
19.96688236012122
 31
-6e-16
  0
LINE
  5
BA4
330
1F
100
AcDbEntity
  8
0
370
40
100
AcDbLine
 10
89.07068157260395
 20
19.96699556666638
 30
-1e-16
 11
89.97559232978124
 21
19.96688357358587
 31
-5e-16
  0
LINE
  5
BA5
330
1F
100
AcDbEntity
  8
WINDOW
100
AcDbLine
 10
93.54014507367178
 20
19.9668839107392
 30
-1.6e-15
 11
93.54014507367178
 21
19.9668839107392
 31
-1.6e-15
  0
LINE
  5
BA6
330
1F
100
AcDbEntity
  8
WINDOW
100
AcDbLine
 10
89.97559232978078
 20
20.16688391073902
 30
-5e-16
 11
93.71883948161351
 21
20.16688391073902
 31
-1.3e-15
  0
LINE
  5
BA7
330
1F
100
AcDbEntity
  8
WINDOW
100
AcDbLine
 10
90.61883948161542
 20
19.96688391068599
 30
-9e-16
 11
90.51883948161507
 21
19.96688391068644
 31
-9e-16
  0
LINE
  5
BA8
330
1F
100
AcDbEntity
  8
WINDOW
100
AcDbLine
 10
90.61883948161542
 20
20.16688391072083
 30
-9e-16
 11
90.51883948161507
 21
20.1668839107231
 31
-9e-16
  0
LINE
  5
BA9
330
1F
100
AcDbEntity
  8
WINDOW
100
AcDbLine
 10
93.71883948161489
 20
19.96688391062187
 30
-7e-16
 11
93.61883948161544
 21
19.96688391062278
 31
-8e-16
  0
LINE
  5
BAA
330
1F
100
AcDbEntity
  8
WINDOW
100
AcDbLine
 10
90.61883948161542
 20
19.96688391065916
 30
-1.4e-15
 11
90.51883948161507
 21
19.96688391066007
 31
-1.5e-15
  0
LINE
  5
BAB
330
1F
100
AcDbEntity
  8
WINDOW
100
AcDbLine
 10
93.71883948161489
 20
20.16688391062169
 30
-7e-16
 11
93.61883948161544
 21
20.16688391062306
 31
-8e-16
  0
LINE
  5
BAC
330
1F
100
AcDbEntity
  8
WINDOW
100
AcDbLine
 10
90.61883948161542
 20
20.16688391065898
 30
-1.4e-15
 11
90.51883948161507
 21
20.16688391066034
 31
-1.5e-15
  0
LWPOLYLINE
  5
BAD
330
1F
100
AcDbEntity
  8
glass
100
AcDbPolyline
 90
2
 70
0
 10
93.71883948161444
 20
20.06688391078413
 10
93.71883948161489
 20
20.06688391064179
  0
LWPOLYLINE
  5
BAE
330
1F
100
AcDbEntity
  8
glass
100
AcDbPolyline
 90
2
 70
0
 10
93.61883948161544
 20
20.06688391064179
 10
90.61883948161542
 20
20.06688391064179
  0
LWPOLYLINE
  5
BAF
330
1F
100
AcDbEntity
  8
glass
100
AcDbPolyline
 90
2
 70
0
 10
90.51883948161507
 20
20.06688391064179
 10
89.97559232978078
 20
20.06688391078322
  0
LWPOLYLINE
  5
BB0
330
1F
100
AcDbEntity
  8
glass
100
AcDbPolyline
 90
2
 70
0
 10
93.71883948161444
 20
20.0468839107846
 10
93.71883948161489
 20
20.04688391064227
  0
LWPOLYLINE
  5
BB1
330
1F
100
AcDbEntity
  8
glass
100
AcDbPolyline
 90
2
 70
0
 10
92.11883948161544
 20
20.04688391064227
 10
90.61883948161542
 20
20.04688391064227
  0
LWPOLYLINE
  5
BB2
330
1F
100
AcDbEntity
  8
glass
100
AcDbPolyline
 90
2
 70
0
 10
90.51883948161507
 20
20.04688391064227
 10
89.97559232978078
 20
20.04688391078369
  0
LWPOLYLINE
  5
BB3
330
1F
100
AcDbEntity
  8
glass
100
AcDbPolyline
 90
2
 70
0
 10
93.71883948161444
 20
20.08688391078456
 10
93.71883948161489
 20
20.08688391064223
  0
LWPOLYLINE
  5
BB4
330
1F
100
AcDbEntity
  8
glass
100
AcDbPolyline
 90
2
 70
0
 10
93.61883948161544
 20
20.08688391064223
 10
92.11883948161544
 20
20.08688391064223
  0
LWPOLYLINE
  5
BB5
330
1F
100
AcDbEntity
  8
glass
100
AcDbPolyline
 90
2
 70
0
 10
90.51883948161507
 20
20.08688391064223
 10
89.97559232978078
 20
20.08688391078365
  0
LWPOLYLINE
  5
BB6
330
1F
100
AcDbEntity
  8
WINDOW
100
AcDbPolyline
 90
2
 70
0
 10
93.61883948161544
 20
19.96688391064234
 10
93.61883948161544
 20
20.16688391064215
  0
LWPOLYLINE
  5
BB7
330
1F
100
AcDbEntity
  8
WINDOW
100
AcDbPolyline
 90
2
 70
0
 10
93.71883948161489
 20
19.96688391064234
 10
93.71883948161489
 20
20.16688391064215
  0
LWPOLYLINE
  5
BB8
330
1F
100
AcDbEntity
  8
WINDOW
100
AcDbPolyline
 90
2
 70
0
 10
90.61883948161542
 20
19.96688391064234
 10
90.61883948161542
 20
20.16688391064215
  0
LWPOLYLINE
  5
BB9
330
1F
100
AcDbEntity
  8
WINDOW
100
AcDbPolyline
 90
2
 70
0
 10
90.51883948161507
 20
19.96688391064234
 10
90.51883948161507
 20
20.16688391064215
  0
LWPOLYLINE
  5
BBA
330
1F
100
AcDbEntity
  8
glass
100
AcDbPolyline
 90
2
 70
0
 10
92.11883948161544
 20
20.04688391064227
 10
92.11883948161544
 20
20.08688391064223
  0
LINE
  5
BBE
330
1F
100
AcDbEntity
  8
0
370
40
100
AcDbLine
 10
81.98574066611312
 20
35.25160986882057
 30
-0.0001809482503055
 11
81.98562990693338
 21
32.26138067323419
 31
0.0003740500744116
  0
LINE
  5
BBF
330
1F
100
AcDbEntity
  8
0
370
40
100
AcDbLine
 10
81.98562689301075
 20
32.06142790760933
 30
0.0003769711600824
 11
81.98561896017968
 21
30.46296671530982
 31
-6.83215585406e-05
  0
LINE
  5
BC0
330
1F
100
AcDbEntity
  8
WINDOW
100
AcDbLine
 10
89.97559232978124
 20
19.96689651720979
 30
-6e-16
 11
93.71883948161489
 21
19.96689651720615
 31
-3e-16
  0
LINE
  5
BC2
102
{ACAD_REACTORS
330
F8F
102
}
330
1F
100
AcDbEntity
  8
0
370
40
100
AcDbLine
 10
68.0855941935502
 20
35.16680227738553
 30
-4e-15
 11
68.0855941935511
 21
29.26680227419186
 31
-7.03e-14
  0
LINE
  5
BC3
330
1F
100
AcDbEntity
  8
0
370
40
100
AcDbLine
 10
68.0855941935511
 20
29.16680227419229
 30
-7.03e-14
 11
68.0855941935511
 21
27.7690138029424
 31
-4.1e-15
  0
LINE
  5
BC4
330
1F
100
AcDbEntity
  8
0
370
40
100
AcDbLine
 10
68.0855941935511
 20
27.56901469791163
 30
-4.1e-15
 11
68.08559419355201
 21
21.9189503076108
 31
-4.2e-15
  0
LINE
  5
BC5
330
1F
100
AcDbEntity
  8
0
370
40
100
AcDbLine
 10
68.08559419355201
 20
21.71846247391093
 30
-4.2e-15
 11
68.08559419355247
 21
20.08226588409687
 31
-4.2e-15
  0
LINE
  5
BC6
330
1F
100
AcDbEntity
  8
0
370
40
100
AcDbLine
 10
68.08559419355247
 20
19.16839808370596
 30
-4.2e-15
 11
68.08559419355292
 21
18.56839808370594
 31
-1.36e-14
  0
LINE
  5
BC7
330
1F
100
AcDbEntity
  8
0
370
40
100
AcDbLine
 10
68.08559399756136
 20
17.66809830576531
 30
-1.36e-14
 11
68.08559419355292
 21
16.06839808360965
 31
-4.3e-15
  0
LINE
  5
BCC
330
1F
100
AcDbEntity
  8
0
370
40
100
AcDbLine
 10
67.88559419355038
 20
35.3668022775727
 30
-4e-15
 11
67.88559419355265
 21
20.56839743112042
 31
-5.7e-15
  0
LINE
  5
BCD
330
1F
100
AcDbEntity
  8
0
370
40
100
AcDbLine
 10
77.88555388961326
 20
35.16599268809287
 30
-5e-16
 11
77.88555388961235
 21
29.36680227465698
 31
-5e-16
  0
LINE
  5
BCE
102
{ACAD_REACTORS
330
DDE
102
}
330
1F
100
AcDbEntity
  8
0
370
40
100
AcDbLine
 10
77.68046364850788
 20
21.71895033774175
 30
-1.24e-14
 11
77.68040898204849
 21
16.06839765041925
 31
-1.74e-14
  0
LINE
  5
BCF
330
1F
100
AcDbEntity
  8
wall cut
100
AcDbLine
 10
77.68559419355192
 20
29.36680227418142
 30
-8.14e-14
 11
75.63807087521995
 21
29.36680547007521
 31
-1.000249e-10
  0
LINE
  5
BD0
330
1F
100
AcDbEntity
  8
0
370
40
100
AcDbLine
 10
73.34243177426337
 20
29.36680223803083
 30
-7.45e-14
 11
72.98563665600163
 21
29.36680223506133
 31
-7.4e-14
  0
LINE
  5
BD1
330
1F
100
AcDbEntity
  8
0
370
40
100
AcDbLine
 10
73.34243273276256
 20
29.3668022741355
 30
-7.99e-14
 11
72.98563665600163
 21
29.36680227413004
 31
-7.99e-14
  0
LINE
  5
BD5
330
1F
100
AcDbEntity
  8
0
370
40
100
AcDbLine
 10
74.45045748258376
 20
35.16680227474606
 30
-7.77e-14
 11
71.28559449304707
 21
35.1668022745686
 31
-8.26e-14
  0
LINE
  5
BD6
330
1F
100
AcDbEntity
  8
0
370
40
100
AcDbLine
 10
77.88556734574153
 20
29.16680227628106
 30
-7.05e-14
 11
77.88556085548957
 21
29.16680227628061
 31
-7.05e-14
  0
LINE
  5
BD7
330
1F
100
AcDbEntity
  8
wall cut
100
AcDbLine
 10
77.68559419355192
 20
29.1668022533228
 30
-7.9e-14
 11
75.99049822025431
 21
29.16680547335821
 31
-1.000255e-10
  0
LINE
  5
BD8
330
1F
100
AcDbEntity
  8
0
370
40
100
AcDbLine
 10
78.08557003788842
 20
29.36680227610717
 30
-7.04e-14
 11
77.88555388961235
 21
29.36680227465698
 31
-7.01e-14
  0
LINE
  5
BD9
330
1F
100
AcDbEntity
  8
wall cut
100
AcDbLine
 10
77.68559419355192
 20
29.36680227282764
 30
-8.11e-14
 11
75.63807087521995
 21
29.36680547052541
 31
-1.000249e-10
  0
LINE
  5
BDA
330
1F
100
AcDbEntity
  8
0
370
40
100
AcDbLine
 10
73.34243177426337
 20
29.36680224069883
 30
-7.51e-14
 11
72.98563665600163
 21
29.36680223805993
 31
-7.46e-14
  0
LINE
  5
BDB
330
1F
100
AcDbEntity
  8
wall cut
100
AcDbLine
 10
75.99050554997397
 20
29.36680548636244
 30
-1.000258e-10
 11
75.63807088009166
 21
29.36681281068061
 31
-6.29931532257e-05
  0
LINE
  5
BDC
330
1F
100
AcDbEntity
  8
0
370
40
100
AcDbLine
 10
73.34243273276256
 20
29.36680227422736
 30
-7.99e-14
 11
71.28559420798005
 21
29.36680227420462
 31
-8.03e-14
  0
LINE
  5
BDD
330
1F
100
AcDbEntity
  8
0
370
40
100
AcDbLine
 10
73.34243273276483
 20
29.16680227422754
 30
-7.99e-14
 11
72.08559420287206
 21
29.1668022742139
 31
-8.01e-14
  0
LINE
  5
BDE
330
1F
100
AcDbEntity
  8
0
370
40
100
AcDbLine
 10
71.88559420287224
 20
29.16680227421162
 30
-8.02e-14
 11
71.28559420798187
 21
29.1668022742048
 31
-8.03e-14
  0
LINE
  5
BDF
330
1F
100
AcDbEntity
  8
0
370
40
100
AcDbLine
 10
77.68559419355192
 20
35.16680227515727
 30
-1.3e-15
 11
77.68559419355192
 21
31.96339119422956
 31
-7e-16
  0
LINE
  5
BE6
330
1F
100
AcDbEntity
  8
wall cut
100
AcDbLine
 10
77.88556085548957
 20
16.06839808360954
 30
-4.5e-15
 11
77.8845897257502
 21
16.06839808360954
 31
-4.5e-15
  0
LINE
  5
BE7
330
1F
100
AcDbEntity
  8
0
370
40
100
AcDbLine
 10
77.68040898204849
 20
16.06839765041835
 30
-2.4e-15
 11
76.68568140901473
 21
16.06839808360954
 31
-4.5e-15
  0
LINE
  5
BE8
330
1F
100
AcDbEntity
  8
0
370
40
100
AcDbLine
 10
74.88567673655739
 20
16.06839808360959
 30
-4.5e-15
 11
72.98563791427436
 21
16.06839808360965
 31
-4.5e-15
  0
LINE
  5
BE9
330
1F
100
AcDbEntity
  8
0
370
40
100
AcDbLine
 10
72.78563791427545
 20
16.06839808361056
 30
-4.5e-15
 11
68.08559419355292
 21
16.0683980836101
 31
-4.5e-15
  0
LINE
  5
BEC
330
1F
100
AcDbEntity
  8
0
370
40
100
AcDbLine
 10
88.67447962395958
 20
29.4629668871851
 30
-0.0002487240299807
 11
88.67449440890236
 21
29.36680227465777
 31
-0.0002527389523275
  0
LINE
  5
BEE
330
1F
100
AcDbEntity
  8
0
370
40
100
AcDbLine
 10
88.87406911568772
 20
29.46299692216533
 30
4.3534518567e-05
 11
88.87407702933119
 21
29.36680227465777
 31
4.4210125836e-05
  0
LINE
  5
BF6
330
1F
100
AcDbEntity
  8
0
370
40
100
AcDbLine
 10
77.88556734574153
 20
29.16680227628106
 30
-7.05e-14
 11
77.88556339011943
 21
29.04339195429148
 31
4e-16
  0
LINE
  5
BF8
330
1F
100
AcDbEntity
  8
wall cut
100
AcDbLine
 10
78.0788006699684
 20
23.86301741648495
 30
-4.4e-15
 11
78.07773840158534
 21
20.16598661957372
 31
-2.31e-14
  0
LINE
  5
BFA
330
1F
100
AcDbEntity
  8
0
370
40
100
AcDbLine
 10
77.88556734574153
 20
29.16680227628106
 30
-7.05e-14
 11
77.88556085548957
 21
29.1668022802169
 31
-7.05e-14
  0
LWPOLYLINE
  5
BFB
330
1F
100
AcDbEntity
  8
0
370
40
100
AcDbPolyline
 90
2
 70
0
 10
78.08557003788842
 20
29.16680227464852
 10
77.88556085548957
 20
29.16680227464852
  0
LINE
  5
BFC
330
1F
100
AcDbEntity
  8
0
370
40
100
AcDbLine
 10
77.88556085548957
 20
35.16680227515738
 30
-2.4e-15
 11
77.8855608554891
 21
29.36680227465698
 31
-7.14e-14
  0
LINE
  5
BFD
330
1F
100
AcDbEntity
  8
0
370
40
100
AcDbLine
 10
77.8855608554891
 20
29.16680227465261
 30
-7.14e-14
 11
77.88556085548957
 21
29.04339195429876
 31
0.0
  0
LINE
  5
BFE
330
1F
100
AcDbEntity
  8
0
370
40
100
AcDbLine
 10
77.88557003788814
 20
29.16680227464852
 30
-7.19e-14
 11
78.08557003788842
 21
29.16680227464852
 31
-7.19e-14
  0
LINE
  5
BFF
330
1F
100
AcDbEntity
  8
0
370
40
100
AcDbLine
 10
78.08557003788842
 20
29.16680227464852
 30
-7.19e-14
 11
78.08557003788842
 21
29.36680227465698
 31
-7.01e-14
  0
LINE
  5
C00
330
1F
100
AcDbEntity
  8
0
370
40
100
AcDbLine
 10
79.58557003788842
 20
29.16680227464852
 30
-7.19e-14
 11
79.58557003788842
 21
29.36680227465698
 31
-7.01e-14
  0
LINE
  5
C01
330
1F
100
AcDbEntity
  8
0
370
40
100
AcDbLine
 10
77.68559419355192
 20
29.04339249449495
 30
0.0
 11
77.88556339011943
 21
29.04339195429193
 31
0.0
  0
LINE
  5
C02
330
1F
100
AcDbEntity
  8
0
370
40
100
AcDbLine
 10
68.08559419352427
 20
29.16680227419229
 30
-8.41e-14
 11
69.75156249661772
 21
29.16680227419229
 31
-8.41e-14
  0
LINE
  5
C03
330
1F
100
AcDbEntity
  8
0
370
40
100
AcDbLine
 10
69.75156249661772
 20
29.06856599654057
 30
-1.8e-14
 11
69.90156249661736
 21
29.06858852366705
 31
-1.78e-14
  0
LINE
  5
C04
330
1F
100
AcDbEntity
  8
0
370
40
100
AcDbLine
 10
69.90156249661736
 20
29.16858852366696
 30
-1.78e-14
 11
69.90156249661736
 21
29.26858852366652
 31
-1.74e-14
  0
LINE
  5
C05
330
1F
100
AcDbEntity
  8
0
370
40
100
AcDbLine
 10
69.75156254319158
 20
29.26680227419186
 30
-8.35e-14
 11
68.0855941935238
 21
29.26680227419186
 31
-8.25e-14
  0
LINE
  5
C08
330
1F
100
AcDbEntity
  8
0
370
40
100
AcDbLine
 10
72.08559420287251
 20
28.96901427409958
 30
-1.571e-13
 11
71.88559420287224
 21
28.96901427409958
 31
-1.695e-13
  0
LINE
  5
C09
330
1F
100
AcDbEntity
  8
0
370
40
100
AcDbLine
 10
69.90156249661736
 20
29.16858852366696
 30
-1.78e-14
 11
69.90155727293727
 21
29.06858852294263
 31
1.05e-14
  0
LINE
  5
C0A
330
1F
100
AcDbEntity
  8
0
370
40
100
AcDbLine
 10
69.75156249661772
 20
29.16680227419229
 30
-8.41e-14
 11
69.75156249661772
 21
29.06856599654057
 31
-1.8e-14
  0
LINE
  5
C2C
330
1F
100
AcDbEntity
  8
0
370
40
100
AcDbLine
 10
69.75156249824981
 20
35.06677976410666
 30
-3.6e-15
 11
69.9015624982499
 21
35.06680229123313
 31
-3.4e-15
  0
LINE
  5
C2D
330
1F
100
AcDbEntity
  8
0
370
40
100
AcDbLine
 10
69.9015624982499
 20
35.16680229123304
 30
-3.4e-15
 11
69.90155727456981
 21
35.06680229050872
 31
2.5e-14
  0
LINE
  5
C2E
330
1F
100
AcDbEntity
  8
0
370
40
100
AcDbLine
 10
69.75156249824981
 20
35.16680229123304
 30
-3.4e-15
 11
69.75156249824981
 21
35.06677976410666
 31
-3.6e-15
  0
LINE
  5
C44
330
1F
100
AcDbEntity
  8
wall cut
100
AcDbLine
 10
83.9857499224832
 20
35.66540023928681
 30
-0.0002768248345203
 11
88.67356261788977
 21
35.66527803397392
 31
2.933525513e-07
  0
LINE
  5
C46
330
1F
100
AcDbEntity
  8
0
370
40
100
AcDbLine
 10
81.98561024210726
 20
32.06142790816867
 30
0.0001294622845755
 11
82.08804887450972
 21
32.06142447353196
 31
0.0001372450356367
  0
LINE
  5
C47
330
1F
100
AcDbEntity
  8
0
370
40
100
AcDbLine
 10
81.98561694785217
 20
32.26142790805616
 30
0.0001294622845755
 11
82.08566668783855
 21
32.26142455351592
 31
0.0001370635400959
  0
LINE
  5
C50
330
1F
100
AcDbEntity
  8
0
370
40
100
AcDbLine
 10
71.88559420287224
 20
28.96901427409958
 30
-1.695e-13
 11
71.88559420287224
 21
29.16680227426801
 31
-8.19e-14
  0
LINE
  5
C51
330
1F
100
AcDbEntity
  8
0
370
40
100
AcDbLine
 10
72.08559420287251
 20
28.96901427409958
 30
-1.571e-13
 11
72.08559420287206
 21
29.16680227426801
 31
-8.19e-14
  0
LINE
  5
C62
330
1F
100
AcDbEntity
  8
0
370
40
100
AcDbLine
 10
74.63807087521995
 20
29.36658885039245
 30
3.67e-14
 11
74.63796555465755
 21
29.36658885377543
 31
-7.96e-14
  0
LINE
  5
C63
330
1F
100
AcDbEntity
  8
0
370
40
100
AcDbLine
 10
74.63807087521995
 20
29.3665888519063
 30
2.57e-14
 11
74.63807087521995
 21
29.16580862560389
 31
2.57e-14
  0
LINE
  5
C64
330
1F
100
AcDbEntity
  8
wall cut
100
AcDbLine
 10
75.63807087521995
 20
29.36680547007521
 30
2.57e-14
 11
75.63807087521995
 21
29.16557201543404
 31
2.57e-14
  0
LINE
  5
C65
330
1F
100
AcDbEntity
  8
0
370
40
100
AcDbLine
 10
74.63806671815478
 20
29.16659206587977
 30
-5.8960851697e-05
 11
74.63807087521995
 21
29.36658885039245
 31
-6.29882247302e-05
  0
LINE
  5
C66
330
1F
100
AcDbEntity
  8
DIM-IN
 62
244
370
30
100
AcDbLine
 10
75.63806671793877
 20
29.16657128021782
 30
-5.8960851697e-05
 11
75.63807087993887
 21
29.36680547007521
 31
-6.29930054065e-05
  0
LINE
  5
C68
330
1F
100
AcDbEntity
  8
0
370
40
100
AcDbLine
 10
74.44243593094784
 20
29.16660821729525
 30
-7.14e-14
 11
74.41336211865523
 21
29.16658885377606
 31
-7.14e-14
  0
LINE
  5
C69
330
1F
100
AcDbEntity
  8
0
370
40
100
AcDbLine
 10
74.34243177426337
 20
29.36658563828828
 30
9.99832e-11
 11
74.4381032956067
 21
29.36658871135719
 31
4.3523e-12
  0
LINE
  5
C6A
330
1F
100
AcDbEntity
  8
0
370
40
100
AcDbLine
 10
74.41336211865523
 20
29.16658885377561
 30
-7.86e-14
 11
74.342435931329
 21
29.16658885377561
 31
-7.86e-14
  0
LINE
  5
C6B
330
1F
100
AcDbEntity
  8
0
370
40
100
AcDbLine
 10
74.34243177426337
 20
29.36658563980214
 30
9.99722e-11
 11
74.34243177426337
 21
29.16580541349972
 31
9.99722e-11
  0
LINE
  5
C6C
330
1F
100
AcDbEntity
  8
0
370
40
100
AcDbLine
 10
73.34243177426337
 20
29.36680225797104
 30
9.99722e-11
 11
73.34243177426337
 21
29.16556880332988
 31
9.99722e-11
  0
LINE
  5
C6D
330
1F
100
AcDbEntity
  8
0
370
40
100
AcDbLine
 10
74.342435931329
 20
29.16658885377561
 30
-5.89607517505e-05
 11
74.34243177426337
 21
29.36658563828828
 31
-6.29881247837e-05
  0
LINE
  5
C6E
330
1F
100
AcDbEntity
  8
0
370
40
100
AcDbLine
 10
73.34243593154501
 20
29.16656806811366
 30
-5.89607517505e-05
 11
73.34243273276256
 21
29.3668022741355
 31
-6.20597379973e-05
  0
LINE
  5
C76
330
1F
100
AcDbEntity
  8
glass
100
AcDbLine
 10
80.63659905783929
 20
23.86293665080316
 30
1.38e-14
 11
79.03659905863701
 21
23.86298717256855
 31
1.53e-14
  0
LINE
  5
C77
330
1F
100
AcDbEntity
  8
glass
100
AcDbLine
 10
80.63660537305445
 20
24.16260278881137
 30
-7.39e-14
 11
79.03660537225646
 21
24.16260278881182
 31
-7.39e-14
  0
LINE
  5
C7D
330
1F
100
AcDbEntity
  8
0
370
40
100
AcDbLine
 10
82.08804887450972
 20
32.06142447353196
 30
0.0003740487562961
 11
82.08563792487261
 21
32.26138067323419
 31
0.0003740487562837
  0
LINE
  5
C7F
330
1F
100
AcDbEntity
  8
0
370
40
100
AcDbLine
 10
82.08803411868762
 20
32.06260085376963
 30
0.0003740500742904
 11
82.08563682403022
 21
32.26142455451728
 31
0.000374050074278
  0
LINE
  5
C81
102
{ACAD_REACTORS
330
F41
102
}
330
1F
100
AcDbEntity
  8
0
370
40
100
AcDbLine
 10
81.9854622589401
 20
29.1662670825672
 30
3.5902e-12
 11
95.48555245104492
 21
29.16610802323694
 31
2.510595e-10
  0
LINE
  5
C82
330
1F
100
AcDbEntity
  8
0
370
40
100
AcDbLine
 10
81.98555388961317
 20
29.46296671530982
 30
-0.0001044376361582
 11
81.7855538896129
 21
29.46296671531073
 31
-0.0001044376361582
  0
LINE
  5
C83
330
1F
100
AcDbEntity
  8
0
370
40
100
AcDbLine
 10
81.98574209566873
 20
30.46296671530982
 30
-0.0001044376361582
 11
81.78555388961244
 21
30.46296671530982
 31
-0.0001044376361582
  0
LINE
  5
C84
330
1F
100
AcDbEntity
  8
0
370
40
100
AcDbLine
 10
81.78489201132292
 20
29.46296255824464
 30
-0.0001633984878809
 11
81.78491529950365
 21
29.46296255863345
 31
-0.0001633988645487
  0
LINE
  5
C85
330
1F
100
AcDbEntity
  8
0
370
40
100
AcDbLine
 10
81.7855538896129
 20
29.46296256929409
 30
-0.0001634091932358
 11
81.98555388961317
 21
29.46296590830562
 31
-0.0001666440341821
  0
LINE
  5
C86
330
1F
100
AcDbEntity
  8
0
370
40
100
AcDbLine
 10
81.7855538896129
 20
30.46296256941051
 30
-0.0001634095140542
 11
81.98564544381684
 21
30.46296590529883
 31
-0.0001666413298771
  0
INSERT
  5
C87
330
1F
100
AcDbEntity
  8
0
370
9
100
AcDbBlockReference
  2
door
 10
830.1009715065976
 20
842.0310395741114
 30
-307.9709531595297
 41
-1.174882559245647
 42
1.174882559245647
 43
1.174882559245647
 50
90.06704375898983
1001
AEC_XDATA_BOUND_SPACE
1070
100
1070
1
  0
LINE
  5
C88
330
1F
100
AcDbEntity
  8
0
370
40
100
AcDbLine
 10
88.8740768001208
 20
29.46486978155216
 30
4.42101259093e-05
 11
88.87407679303173
 21
29.36680235153509
 31
4.4210125838e-05
  0
LINE
  5
C89
330
1F
100
AcDbEntity
  8
0
370
40
100
AcDbLine
 10
88.87407702933119
 20
29.36680227465823
 30
4.4210125836e-05
 11
88.87407702000887
 21
29.46296688718465
 31
4.42101257738e-05
  0
LINE
  5
C8A
330
1F
100
AcDbEntity
  8
0
370
40
100
AcDbLine
 10
88.67407702933137
 20
29.36680227465823
 30
4.4210125836e-05
 11
88.6740770200086
 21
29.46296688718465
 31
4.42101257738e-05
  0
LINE
  5
C8B
330
1F
100
AcDbEntity
  8
0
370
40
100
AcDbLine
 10
88.6740770200086
 20
29.46296688718465
 30
4.42101257862e-05
 11
88.87407702000887
 21
29.46296688718465
 31
4.42101257738e-05
  0
LINE
  5
C97
330
1F
100
AcDbEntity
  8
0
370
40
100
AcDbLine
 10
79.58557003788842
 20
29.36680227465698
 30
-7.01e-14
 11
79.58557003788842
 21
29.16680227465761
 31
-7e-14
  0
LINE
  5
C98
330
1F
100
AcDbEntity
  8
0
370
40
100
AcDbLine
 10
78.08557003788842
 20
29.36680227465698
 30
-7.01e-14
 11
78.08557003788887
 21
29.16676902424299
 31
-7e-14
  0
INSERT
  5
C99
330
1F
100
AcDbEntity
  8
0
370
9
100
AcDbBlockReference
  2
door
 10
-667.2816258018465
 20
-659.8810370867534
 30
-283.3354532017457
 41
1.080900623433727
 42
1.080900623433727
 43
1.080900623433727
 50
359.9913952715867
1001
AEC_XDATA_BOUND_SPACE
1070
100
1070
1
  0
INSERT
  5
C9A
330
1F
100
AcDbEntity
  8
0
370
9
100
AcDbBlockReference
  2
door
 10
581.1256893305942
 20
-433.9215055353093
 30
-190.6553655290556
 41
-0.7273339821494377
 42
0.7273339821494377
 43
0.7273339821494377
 50
0.0675393253766377
1001
AEC_XDATA_BOUND_SPACE
1070
100
1070
1
  0
LINE
  5
C9B
330
1F
100
AcDbEntity
  8
0
370
40
100
AcDbLine
 10
77.68046364850834
 20
22.60358537223979
 30
-1.8e-15
 11
77.68046364850834
 21
21.91894977503992
 31
-1.8e-15
  0
LINE
  5
C9C
330
1F
100
AcDbEntity
  8
0
370
40
100
AcDbLine
 10
95.48569102073957
 20
25.50688276470444
 30
-5.827333e-10
 11
95.48555245104492
 21
29.16610802323694
 31
2.510595e-10
  0
LINE
  5
C9D
330
1F
100
AcDbEntity
  8
0
370
40
100
AcDbLine
 10
95.88569102045271
 20
25.50689791213975
 30
-5.827333e-10
 11
95.88553364677323
 21
29.66268207714464
 31
3.642057e-10
  0
LINE
  5
C9E
330
1F
100
AcDbEntity
  8
glass
100
AcDbLine
 10
80.63659905783929
 20
24.01281313820707
 30
6e-15
 11
79.03659905863701
 21
24.01286365997291
 31
6e-15
  0
LINE
  5
C9F
330
1F
100
AcDbEntity
  8
glass
100
AcDbLine
 10
80.63660000512212
 20
24.04281313819209
 30
6e-15
 11
79.03660000591985
 21
24.04286365995793
 31
6e-15
  0
LINE
  5
CA0
330
1F
100
AcDbEntity
  8
glass
100
AcDbLine
 10
80.636598110556
 20
23.98281313822204
 30
6e-15
 11
79.03659811135371
 21
23.98286365998789
 31
6e-15
  0
LINE
  5
CA1
102
{ACAD_REACTORS
330
E44
102
}
330
1F
100
AcDbEntity
  8
0
370
40
100
AcDbLine
 10
77.88556085548957
 20
35.16680227515727
 30
-9.8e-14
 11
81.78555388961198
 21
35.16680227515738
 31
-6.62e-14
  0
LINE
  5
CA2
330
1F
100
AcDbEntity
  8
0
370
40
100
AcDbLine
 10
68.08559418815962
 20
20.06839808370594
 30
-4.5e-15
 11
67.58559419355292
 21
20.06839808370594
 31
-4.1e-15
  0
LINE
  5
CA3
330
1F
100
AcDbEntity
  8
glass
100
AcDbLine
 10
67.9855941908559
 20
20.06839808370594
 30
-4.2e-15
 11
67.9855941908559
 21
19.16839808370596
 31
-4.3e-15
  0
LINE
  5
CA4
330
1F
100
AcDbEntity
  8
glass
100
AcDbLine
 10
67.9855941908559
 20
18.56839808370594
 30
-4.4e-15
 11
67.9855941908559
 21
17.66839808370596
 31
-4.5e-15
  0
LINE
  5
CA5
330
1F
100
AcDbEntity
  8
0
370
40
100
AcDbLine
 10
67.58559419355292
 20
20.06839808370594
 30
-4.1e-15
 11
68.08559418815962
 21
20.06839808370594
 31
-1.44e-14
  0
LINE
  5
CA6
330
1F
100
AcDbEntity
  8
0
370
40
100
AcDbLine
 10
68.08559399756136
 20
17.66839808370596
 30
-4.5e-15
 11
67.58559419355292
 21
17.66839808370596
 31
-2e-15
  0
LINE
  5
CA7
330
1F
100
AcDbEntity
  8
0
370
40
100
AcDbLine
 10
67.58559419355292
 20
19.16839808370596
 30
-3.3e-15
 11
68.0855941935461
 21
19.16839808370596
 31
-4.5e-15
  0
LINE
  5
CA8
330
1F
100
AcDbEntity
  8
0
370
40
100
AcDbLine
 10
67.58559419355292
 20
18.56839808370594
 30
-2.8e-15
 11
68.08559399756136
 21
18.56839808370594
 31
-1.36e-14
  0
LINE
  5
CA9
330
1F
100
AcDbEntity
  8
0
370
40
100
AcDbLine
 10
94.5670791978519
 20
19.4668823602141
 30
-5e-16
 11
95.88559414361025
 21
19.46688236030368
 31
-7e-16
  0
LINE
  5
CAA
330
1F
100
AcDbEntity
  8
0
370
40
100
AcDbLine
 10
94.5670791978519
 20
19.46688236021535
 30
-2e-16
 11
94.56707968107052
 21
19.96688313340203
 31
0.0
  0
LINE
  5
CAB
330
1F
100
AcDbEntity
  8
0
370
40
100
AcDbLine
 10
95.8855937887943
 20
29.66268207714498
 30
-1.6455e-12
 11
95.68559378879426
 21
29.66268207615011
 31
-1.6455e-12
  0
LINE
  5
CAC
330
1F
100
AcDbEntity
  8
0
370
40
100
AcDbLine
 10
95.48559378906798
 20
21.00688276470444
 30
-7e-16
 11
95.68559378906734
 21
21.00688276470444
 31
-7e-16
  0
LINE
  5
CAD
330
1F
100
AcDbEntity
  8
0
370
40
100
AcDbLine
 10
95.88068197631132
 20
25.50688276470444
 30
-5e-16
 11
95.48559419479265
 21
25.50688276470444
 31
-9e-16
  0
LINE
  5
CAE
330
1F
100
AcDbEntity
  8
0
370
40
100
AcDbLine
 10
95.68559378906006
 20
21.00688276569761
 30
-4e-16
 11
95.4855937890616
 21
21.00688276569761
 31
-7e-16
  0
LINE
  5
CAF
330
1F
100
AcDbEntity
  8
0
370
40
100
AcDbLine
 10
95.68559378911691
 20
21.00688276569897
 30
-7e-16
 11
95.48559378712848
 21
21.00688276470444
 31
-7e-16
  0
LINE
  5
CB0
102
{ACAD_REACTORS
330
F75
102
}
330
1F
100
AcDbEntity
  8
WINDOW
100
AcDbLine
 10
95.48559378906207
 20
21.00688276570034
 30
-7e-16
 11
95.4855941947931
 21
25.5068827647049
 31
-9e-16
  0
LINE
  5
CB1
330
1F
100
AcDbEntity
  8
WINDOW
100
AcDbLine
 10
95.68559378906188
 20
21.00688276569897
 30
-7e-16
 11
95.68559419479293
 21
25.50688276470353
 31
-9e-16
  0
LINE
  5
CB2
330
1F
100
AcDbEntity
  8
glass
100
AcDbLine
 10
95.57185541684935
 20
21.04568949223383
 30
0.0
 11
95.57168486343475
 21
25.46807071300535
 31
0.0631663910594187
  0
LINE
  5
CB3
330
1F
100
AcDbEntity
  8
glass
100
AcDbLine
 10
95.60205882612811
 20
21.04569420307397
 30
0.0
 11
95.60192683701739
 21
25.46807234490123
 31
0.0631665306404053
  0
LINE
  5
CB4
330
1F
100
AcDbEntity
  8
glass
100
AcDbLine
 10
95.58679516909119
 20
25.4680715283769
 30
0.0631664163167503
 11
95.586928826343
 21
21.04569184324081
 31
0.0
  0
LINE
  5
CB5
330
1F
100
AcDbEntity
  8
glass
100
AcDbLine
 10
95.60808738072369
 20
21.04569514335052
 30
-5e-16
 11
95.56577206648993
 21
21.04568854341076
 31
-5e-16
  0
LINE
  5
CB6
330
1F
100
AcDbEntity
  8
glass
100
AcDbLine
 10
95.56577206648993
 20
21.04568854341076
 30
-5e-16
 11
95.56577808440264
 21
21.00687616576468
 31
-5e-16
  0
LINE
  5
CB7
330
1F
100
AcDbEntity
  8
glass
100
AcDbLine
 10
95.6080933986364
 20
21.00688276569943
 30
-5e-16
 11
95.60808738072369
 21
21.04569514335052
 31
-5e-16
  0
LINE
  5
CB8
330
1F
100
AcDbEntity
  8
glass
100
AcDbLine
 10
95.60795222795062
 20
25.46807267003922
 30
-1e-15
 11
95.56563691326394
 21
25.46807038665
 31
-1e-15
  0
LINE
  5
CB9
330
1F
100
AcDbEntity
  8
glass
100
AcDbLine
 10
95.56563691326394
 20
25.46807038665
 30
-1e-15
 11
95.56563478322599
 21
25.50688276470444
 31
-1e-15
  0
LINE
  5
CBA
330
1F
100
AcDbEntity
  8
glass
100
AcDbLine
 10
95.60795009791222
 20
25.50688504809867
 30
-1e-15
 11
95.60795222795062
 21
25.46807267003922
 31
-1e-15
  0
LINE
  5
CBB
330
1F
100
AcDbEntity
  8
0
370
40
100
AcDbLine
 10
95.48559378906207
 20
19.46688276470436
 30
-7e-16
 11
95.68559378906188
 21
19.46688276470436
 31
-7e-16
  0
LINE
  5
CBC
330
1F
100
AcDbEntity
  8
0
370
40
100
AcDbLine
 10
95.68559393954006
 20
21.00688276818451
 30
1.94e-14
 11
95.88559409001805
 21
21.00688277166447
 31
3.95e-14
  0
LINE
  5
CBD
330
1F
100
AcDbEntity
  8
dimition
 62
1
100
AcDbLine
 10
95.48559378906207
 20
25.50688276470444
 30
-7e-16
 11
95.88068197631132
 21
25.50688276470444
 31
-7e-16
  0
LINE
  5
CBE
330
1F
100
AcDbEntity
  8
0
370
40
100
AcDbLine
 10
95.48559378906207
 20
25.50688276470444
 30
-7e-16
 11
95.88068197631132
 21
25.50688276470444
 31
-7e-16
  0
LINE
  5
CBF
330
1F
100
AcDbEntity
  8
0
370
40
100
AcDbLine
 10
95.68559378906188
 20
19.46688276470436
 30
-7e-16
 11
95.88559414361025
 21
19.46688276470436
 31
-7e-16
  0
LINE
  5
CC0
330
1F
100
AcDbEntity
  8
0
370
40
100
AcDbLine
 10
71.0855941935511
 20
35.16680227455689
 30
-1.88e-14
 11
68.0855941935502
 21
35.16680227738553
 31
-4e-15
  0
LINE
  5
CC1
330
1F
100
AcDbEntity
  8
0
370
40
100
AcDbLine
 10
95.68559418393355
 20
35.86524763761989
 30
5.2e-14
 11
81.78555388961244
 21
35.86524763761989
 31
0.0
  0
LINE
  5
CC2
330
1F
100
AcDbEntity
  8
0
370
40
100
AcDbLine
 10
95.48562906970305
 20
35.66524763761985
 30
5.13e-14
 11
88.87357839020937
 21
35.66524763761996
 31
2.65e-14
  0
LINE
  5
CC3
330
1F
100
AcDbEntity
  8
0
370
40
100
AcDbLine
 10
88.6735626260975
 20
35.66524763761985
 30
2.58e-14
 11
83.98574991585023
 21
35.66524763761985
 31
8.2e-15
  0
LINE
  5
CC4
330
1F
100
AcDbEntity
  8
0
370
40
100
AcDbLine
 10
83.78574990878639
 20
35.66524763761985
 30
7.5e-15
 11
81.98574990878618
 21
35.66524763761985
 31
8e-16
  0
LINE
  5
CC5
330
1F
100
AcDbEntity
  8
0
370
40
100
AcDbLine
 10
79.03659905863701
 20
23.86298717256855
 30
1.53e-14
 11
79.03659905863701
 21
24.16260278881182
 31
-7.39e-14
  0
LINE
  5
CC6
330
1F
100
AcDbEntity
  8
0
370
40
100
AcDbLine
 10
80.63659905783929
 20
23.86293665080407
 30
1.23e-14
 11
80.63659905783929
 21
24.16268962561006
 31
-3e-16
  0
LINE
  5
CC7
330
1F
100
AcDbEntity
  8
0
370
40
100
AcDbLine
 10
67.88559419355265
 20
20.56839743112042
 30
-4.5e-15
 11
67.58559419355292
 21
20.56839743112042
 31
-4.5e-15
  0
LINE
  5
CC8
330
1F
100
AcDbEntity
  8
0
370
40
100
AcDbLine
 10
67.58559419355292
 20
20.56839743112042
 30
-4.5e-15
 11
67.58559419355292
 21
20.06839808370594
 31
-4.1e-15
  0
LINE
  5
CC9
330
1F
100
AcDbEntity
  8
0
370
40
100
AcDbLine
 10
67.58559419355292
 20
19.16839808370596
 30
-3.3e-15
 11
67.58559419355292
 21
18.56839808370594
 31
-2.8e-15
  0
LINE
  5
CCA
330
1F
100
AcDbEntity
  8
0
370
40
100
AcDbLine
 10
67.58559419355292
 20
17.66839808370596
 30
-2e-15
 11
67.58559419355292
 21
15.56839808138605
 31
-3e-16
  0
LINE
  5
CCB
330
1F
100
AcDbEntity
  8
glass
100
AcDbLine
 10
67.8855941935531
 20
18.56839808370594
 30
-3.9e-15
 11
67.8855941935531
 21
17.66839808370596
 31
-4e-15
  0
LINE
  5
CCC
330
1F
100
AcDbEntity
  8
glass
100
AcDbLine
 10
67.8855941935531
 20
20.06839808370594
 30
-4.4e-15
 11
67.8855941935531
 21
19.16839808370596
 31
-4.5e-15
  0
LINE
  5
CCD
330
1F
100
AcDbEntity
  8
hach
100
AcDbLine
 10
67.58559419355292
 20
17.66839808370596
 30
-2e-15
 11
67.58559419355292
 21
18.56839808370594
 31
-2.8e-15
  0
LINE
  5
CCE
330
1F
100
AcDbEntity
  8
hach
100
AcDbLine
 10
67.58559419355292
 20
19.16839808370596
 30
-3.3e-15
 11
67.58559419355292
 21
20.06839808370594
 31
-4.1e-15
  0
LINE
  5
CCF
330
1F
100
AcDbEntity
  8
glass
100
AcDbLine
 10
68.08474657323976
 20
18.56839809585384
 30
-1.4e-14
 11
68.08474657323976
 21
17.66839809585386
 31
-1.41e-14
  0
LINE
  5
CD0
330
1F
100
AcDbEntity
  8
glass
100
AcDbLine
 10
68.08474676926112
 20
20.06839808370594
 30
-4.4e-15
 11
68.08474676926112
 21
19.16839808370596
 31
-4.5e-15
  0
LINE
  5
CD1
330
1F
100
AcDbEntity
  8
0
370
40
100
AcDbLine
 10
76.68511081308274
 20
15.81797349949161
 30
-5.7e-15
 11
76.68568140901498
 21
16.06839808360993
 31
-4.5e-15
  0
LINE
  5
CD2
330
1F
100
AcDbEntity
  8
0
370
40
100
AcDbLine
 10
74.88510614062515
 20
15.81797349949161
 30
-5.7e-15
 11
74.88568608146038
 21
16.07249939824592
 31
-4.5e-15
  0
LINE
  5
CD3
330
1F
100
AcDbEntity
  8
glass
100
AcDbLine
 10
74.88567673655739
 20
16.06839808360959
 30
-4.5e-15
 11
76.68568140901498
 21
16.06839808360993
 31
-4.5e-15
  0
LINE
  5
CD4
330
1F
100
AcDbEntity
  8
glass
100
AcDbLine
 10
74.88567673655739
 20
15.8683980836096
 30
-4.5e-15
 11
76.68568140901498
 21
15.86839808360994
 31
-4.5e-15
  0
LINE
  5
CD5
330
1F
100
AcDbEntity
  8
glass
100
AcDbLine
 10
74.88567673655739
 20
15.96839808360963
 30
-4.5e-15
 11
76.68568140901498
 21
15.96839808360997
 31
-4.5e-15
  0
LINE
  5
CD6
330
1F
100
AcDbEntity
  8
0
370
40
100
AcDbLine
 10
76.68511178050362
 20
15.81839808361033
 30
-5.7e-15
 11
77.88463049222132
 21
15.81797349949161
 31
-6.2e-15
  0
LINE
  5
CD7
330
1F
100
AcDbEntity
  8
dimition
 62
1
100
AcDbLine
 10
77.88463049222132
 20
15.81797349949161
 30
-6.2e-15
 11
77.88463049222132
 21
15.81797349949161
 31
-6.2e-15
  0
LINE
  5
CD8
330
1F
100
AcDbEntity
  8
glass
100
AcDbLine
 10
76.68511081308274
 20
15.81797349949161
 30
-6.2e-15
 11
74.88510614062515
 21
15.81797349949161
 31
-6.2e-15
  0
LINE
  5
CD9
330
1F
100
AcDbEntity
  8
0
370
40
100
AcDbLine
 10
72.98563791427436
 20
15.81797349949173
 30
-5.6e-15
 11
72.98563791427436
 21
15.56839808361079
 31
-6.6e-15
  0
LINE
  5
CDA
330
1F
100
AcDbEntity
  8
0
370
40
100
AcDbLine
 10
74.88510614062515
 20
15.81797349949161
 30
-5.7e-15
 11
72.98563791427436
 21
15.81797349949173
 31
-5.7e-15
  0
LINE
  5
CDB
330
1F
100
AcDbEntity
  8
0
370
40
100
AcDbLine
 10
74.88408743712766
 20
15.81797349949207
 30
-6e-15
 11
72.98563791427436
 21
15.81797349949207
 31
-6e-15
  0
LINE
  5
CDC
330
1F
100
AcDbEntity
  8
0
370
40
100
AcDbLine
 10
78.07985047627066
 20
20.16598823570783
 30
-2.7e-15
 11
77.88276594534413
 21
20.16598823570783
 31
-8.6e-15
  0
LINE
  5
CDD
330
1F
100
AcDbEntity
  8
0
370
40
100
AcDbLine
 10
77.88276594534413
 20
20.16598823570783
 30
-8.6e-15
 11
77.88463049222132
 21
15.81797349949161
 31
-6.2e-15
  0
LINE
  5
CDE
330
1F
100
AcDbEntity
  8
0
370
40
100
AcDbLine
 10
81.98555388961363
 20
20.16598823570783
 30
-8e-16
 11
81.98555388961363
 21
19.5659882357078
 31
-8e-16
  0
LINE
  5
CDF
330
1F
100
AcDbEntity
  8
0
370
40
100
AcDbLine
 10
81.98555388961363
 20
19.5659882357078
 30
-8e-16
 11
81.78555388961381
 21
19.5659882357078
 31
-8e-16
  0
LINE
  5
CE0
330
1F
100
AcDbEntity
  8
0
370
40
100
AcDbLine
 10
81.78555388961381
 20
19.5659882357078
 30
-8e-16
 11
81.58555388961354
 21
19.5659882357078
 31
-8e-16
  0
LINE
  5
CE1
330
1F
100
AcDbEntity
  8
0
370
40
100
AcDbLine
 10
81.58555388961354
 20
19.5659882357078
 30
-8e-16
 11
81.58555388961354
 21
20.16598823570783
 31
-1.8e-15
  0
LINE
  5
CE2
330
1F
100
AcDbEntity
  8
0
370
40
100
AcDbLine
 10
88.67068238148254
 20
19.96705805305569
 30
-1.8e-15
 11
88.67068238148254
 21
19.56704389596714
 31
-1.8e-15
  0
LINE
  5
CE3
330
1F
100
AcDbEntity
  8
0
370
40
100
AcDbLine
 10
88.67068238148254
 20
19.56704389596714
 30
-1.8e-15
 11
89.07068238148263
 21
19.56704389596714
 31
-1.8e-15
  0
LINE
  5
CE4
330
1F
100
AcDbEntity
  8
0
370
40
100
AcDbLine
 10
89.07068238148263
 20
19.56704389596714
 30
-1.8e-15
 11
89.0706815725046
 21
19.96704470494197
 31
-1.7e-15
  0
LINE
  5
CE5
330
1F
100
AcDbEntity
  8
hach
100
AcDbLine
 10
88.68017794588518
 20
19.56704389596714
 30
2e-16
 11
86.27559313875945
 21
19.56688236012124
 31
-7e-16
  0
LINE
  5
CE6
330
1F
100
AcDbEntity
  8
hach
100
AcDbLine
 10
86.27559313875945
 20
19.56688236012124
 30
-7e-16
 11
86.27559313875945
 21
19.96689778295197
 31
-7e-16
  0
LINE
  5
CE7
330
1F
100
AcDbEntity
  8
hach
100
AcDbLine
 10
86.27559313875945
 20
19.56688236012124
 30
-7e-16
 11
81.98555388961363
 21
19.56688236012124
 31
-8e-16
  0
LINE
  5
CE8
330
1F
100
AcDbEntity
  8
hach
100
AcDbLine
 10
86.27559313875945
 20
19.86688236012125
 30
-7e-16
 11
81.98555388961363
 21
19.86688236012125
 31
-8e-16
  0
LINE
  5
CE9
330
1F
100
AcDbEntity
  8
hach
100
AcDbLine
 10
86.27559313875945
 20
20.16688236012126
 30
-7e-16
 11
81.98555388961363
 21
20.16688236012126
 31
-8e-16
  0
LINE
  5
CEA
330
1F
100
AcDbEntity
  8
hach
100
AcDbLine
 10
86.27559313875945
 20
20.16688236012126
 30
-7e-16
 11
86.27559313875945
 21
19.96689778295197
 31
-1e-15
  0
LINE
  5
CEB
330
1F
100
AcDbEntity
  8
hach
100
AcDbLine
 10
86.27559313875945
 20
20.16688236012126
 30
-7e-16
 11
88.68017900067302
 21
20.16704389596785
 31
8e-16
  0
LINE
  5
CEC
330
1F
100
AcDbEntity
  8
0
 62
1
370
40
100
AcDbLine
 10
77.68441972021769
 20
29.16605722721764
 30
5.93e-14
 11
77.68446002415251
 21
29.16605722721809
 31
5.93e-14
  0
LINE
  5
CED
330
1F
100
AcDbEntity
  8
0
 62
1
370
40
100
AcDbLine
 10
77.68446002415207
 20
29.16605722721354
 30
5.92e-14
 11
77.68441972021769
 21
29.166057227214
 31
5.92e-14
  0
LINE
  5
CEE
330
1F
100
AcDbEntity
  8
0
 62
1
100
AcDbLine
 10
81.9844197202131
 20
19.96613730974289
 30
5.51e-14
 11
81.9844197202131
 21
19.96613730974289
 31
5.62e-14
  0
LINE
  5
CEF
330
1F
100
AcDbEntity
  8
0
 62
1
370
40
100
AcDbLine
 10
77.68441972021769
 20
29.16605722721764
 30
5.93e-14
 11
77.6844600241523
 21
29.16605722721809
 31
5.93e-14
  0
LINE
  5
CF0
330
1F
100
AcDbEntity
  8
0
 62
1
370
40
100
AcDbLine
 10
77.68446002415207
 20
29.16605722721354
 30
5.92e-14
 11
77.68441972021769
 21
29.166057227214
 31
5.92e-14
  0
LINE
  5
CF1
330
1F
100
AcDbEntity
  8
0
 62
1
100
AcDbLine
 10
75.08945753041193
 20
15.56751141805139
 30
4.18e-14
 11
75.08945753041193
 21
15.56751141805139
 31
4.18e-14
  0
LINE
  5
CF2
330
1F
100
AcDbEntity
  8
0
 62
1
370
40
100
AcDbLine
 10
77.68441972021769
 20
29.15819911857582
 30
7.1e-15
 11
77.68446002415251
 21
29.15819911857628
 31
7.1e-15
  0
LINE
  5
CF3
330
1F
100
AcDbEntity
  8
0
 62
1
370
40
100
AcDbLine
 10
77.68446002415207
 20
29.15819911857173
 30
6.9e-15
 11
77.68441972021769
 21
29.15819911857219
 31
6.9e-15
  0
LINE
  5
CF4
330
1F
100
AcDbEntity
  8
0
 62
1
100
AcDbLine
 10
81.9844197202131
 20
19.95827920110108
 30
2.8e-15
 11
81.9844197202131
 21
19.95827920110108
 31
3.9e-15
  0
LINE
  5
CF5
330
1F
100
AcDbEntity
  8
0
 62
1
370
40
100
AcDbLine
 10
77.68441972021769
 20
29.15819911857582
 30
7.1e-15
 11
77.6844600241523
 21
29.15819911857628
 31
7.1e-15
  0
LINE
  5
CF6
330
1F
100
AcDbEntity
  8
0
 62
1
370
40
100
AcDbLine
 10
77.68446002415207
 20
29.15819911857173
 30
6.9e-15
 11
77.68441972021769
 21
29.15819911857219
 31
6.9e-15
  0
LINE
  5
CF7
330
1F
100
AcDbEntity
  8
0
 62
1
100
AcDbLine
 10
75.08945753041193
 20
15.55965330940958
 30
-1.04e-14
 11
75.08945753041193
 21
15.55965330940958
 31
-1.04e-14
  0
LINE
  5
CF8
330
1F
100
AcDbEntity
  8
glass
100
AcDbLine
 10
72.08809036174084
 20
15.86839808138339
 30
-2.4e-15
 11
70.08809036174061
 21
15.86839808138327
 31
-5e-16
  0
LINE
  5
CF9
330
1F
100
AcDbEntity
  8
glass
100
AcDbLine
 10
72.08809036174084
 20
15.86839808138339
 30
-2.4e-15
 11
70.08809036174061
 21
15.86839808138327
 31
-5e-16
  0
LINE
  5
CFA
330
1F
100
AcDbEntity
  8
0
370
40
100
AcDbLine
 10
74.89054624475425
 20
16.06839808138309
 30
-4.7e-15
 11
72.08809036174084
 21
16.06839808138366
 31
-3e-16
  0
LINE
  5
CFB
330
1F
100
AcDbEntity
  8
0
370
40
100
AcDbLine
 10
72.08809036174084
 20
16.06839808138321
 30
-3e-16
 11
72.08809036174084
 21
15.56839808138423
 31
-3.7e-15
  0
LINE
  5
CFC
330
1F
100
AcDbEntity
  8
0
370
40
100
AcDbLine
 10
70.08809036174061
 20
16.06839808138309
 30
-5e-16
 11
70.08809036174061
 21
15.86839808138327
 31
-5e-16
  0
LINE
  5
CFD
330
1F
100
AcDbEntity
  8
0
370
40
100
AcDbLine
 10
70.08809036174061
 20
15.86839808138327
 30
-5e-16
 11
70.08809036174061
 21
15.96839808138318
 31
-5e-16
  0
LINE
  5
CFE
330
1F
100
AcDbEntity
  8
glass
100
AcDbLine
 10
70.08809036174061
 20
15.96839808138318
 30
-5e-16
 11
72.08809036174084
 21
15.9683980813833
 31
-3e-16
  0
LINE
  5
CFF
330
1F
100
AcDbEntity
  8
0
370
40
100
AcDbLine
 10
75.09054624475407
 20
15.86839808138327
 30
-4.7e-15
 11
75.09054624475407
 21
15.56839808138332
 31
-4.7e-15
  0
LINE
  5
D00
330
1F
100
AcDbEntity
  8
hach
100
AcDbLine
 10
75.09054624475407
 20
15.56839808138332
 30
-4.7e-15
 11
67.58559419355313
 21
15.56839808138605
 31
-2.2e-15
  0
LINE
  5
D01
330
1F
100
AcDbEntity
  8
0
370
40
100
AcDbLine
 10
70.08809036174061
 20
16.06839808138309
 30
-5e-16
 11
70.08809036174061
 21
15.56839808138332
 31
-4.7e-15
  0
LINE
  5
D02
330
1F
100
AcDbEntity
  8
0
370
40
100
AcDbLine
 10
70.08809036174061
 20
15.56839808138332
 30
-4.7e-15
 11
67.58559419355313
 21
15.56839808137985
 31
6.5e-15
  0
LINE
  5
D03
330
1F
100
AcDbEntity
  8
0
370
40
100
AcDbLine
 10
72.08809036174084
 20
15.56839808138343
 30
-4.6e-15
 11
75.09054624475407
 21
15.56839808138332
 31
-4.7e-15
  0
LINE
  5
D04
330
1F
100
AcDbEntity
  8
0
370
40
100
AcDbLine
 10
69.88563447872755
 20
16.06839808138264
 30
-2.7e-15
 11
70.08809036174061
 21
16.06839808138309
 31
-5e-16
  0
LINE
  5
D05
330
1F
100
AcDbEntity
  8
glass
100
AcDbLine
 10
70.08809036174084
 20
16.06322882519364
 30
-5e-16
 11
72.08809036174084
 21
16.06322882519376
 31
-3e-16
  0
LINE
  5
D06
330
1F
100
AcDbEntity
  8
0
 62
153
100
AcDbLine
 10
71.89050554993541
 20
35.16680227525504
 30
8.6e-15
 11
71.89050554993541
 21
35.36680227525349
 31
8.6e-15
  0
LINE
  5
D07
330
1F
100
AcDbEntity
  8
0
 62
153
100
AcDbLine
 10
71.89050554993496
 20
35.36680227525133
 30
8.4e-15
 11
72.09050554993478
 21
35.36680227525133
 31
8.3e-15
  0
HATCH
  5
D08
330
1F
100
AcDbEntity
  8
0
 62
153
100
AcDbHatch
 10
0.0
 20
0.0
 30
-5.4e-15
210
0.0
220
0.0
230
1.0
  2
SOLID
 70
1
 71
0
 91
1
 92
7
 72
0
 73
1
 93
4
 10
95.68672835333295
 20
35.86599268577109
 10
95.4867283533329
 20
35.86599268577098
 10
95.4867283533329
 20
35.46599268577111
 10
95.68672835333295
 20
35.46599268577111
 97
0
 75
0
 76
1
 47
0.0194390769806273
 98
1
 10
95.59824533779673
 20
35.63194505419327
450
0
451
0
460
0.0
461
0.0
452
1
462
1.0
453
2
463
0
 63
5
421
255
463
1
 63
7
421
16777215
470
LINEAR
1001
ACAD
1010
0.0
1020
0.0
1030
0.0
  0
LWPOLYLINE
  5
D09
330
1F
100
AcDbEntity
  8
0
 62
153
100
AcDbPolyline
 90
4
 70
1
 10
95.68672835333295
 20
35.86599268577109
 10
95.4867283533329
 20
35.86599268577109
 10
95.4867283533329
 20
35.46599268577111
 10
95.68672835333295
 20
35.46599268577111
  0
HATCH
  5
D0A
330
1F
100
AcDbEntity
  8
0
 62
153
100
AcDbHatch
 10
0.0
 20
0.0
 30
-5.8e-15
210
0.0
220
0.0
230
1.0
  2
SOLID
 70
1
 71
0
 91
1
 92
7
 72
0
 73
1
 93
4
 10
81.98555388961226
 20
35.86572485237096
 10
81.78555388961222
 20
35.86572485237085
 10
81.78555388961222
 20
35.46572485237098
 10
81.98555388961226
 20
35.46572485237098
 97
0
 75
0
 76
1
 47
0.0194390769806273
 98
1
 10
81.89707087407605
 20
35.63167722079314
450
0
451
0
460
0.0
461
0.0
452
1
462
1.0
453
2
463
0
 63
5
421
255
463
1
 63
7
421
16777215
470
LINEAR
1001
ACAD
1010
0.0
1020
0.0
1030
0.0
  0
LWPOLYLINE
  5
D0B
330
1F
100
AcDbEntity
  8
0
 62
153
100
AcDbPolyline
 90
4
 70
1
 10
81.98555388961226
 20
35.86572485237096
 10
81.78555388961222
 20
35.86572485237096
 10
81.78555388961222
 20
35.46572485237098
 10
81.98555388961226
 20
35.46572485237098
  0
HATCH
  5
D0C
330
1F
100
AcDbEntity
  8
0
 62
153
100
AcDbHatch
 10
0.0
 20
0.0
 30
-5.4e-15
210
0.0
220
0.0
230
1.0
  2
SOLID
 70
1
 71
0
 91
1
 92
7
 72
0
 73
1
 93
4
 10
77.88559422049279
 20
35.3668022751572
 10
77.68559422049275
 20
35.36680227515708
 10
77.68559422049275
 20
34.96680227515722
 10
77.88559422049279
 20
34.96680227515722
 97
0
 75
0
 76
1
 47
0.0194390769806273
 98
1
 10
77.79711120495658
 20
35.13275464357938
450
0
451
0
460
0.0
461
0.0
452
1
462
1.0
453
2
463
0
 63
5
421
255
463
1
 63
7
421
16777215
470
LINEAR
1001
ACAD
1010
0.0
1020
0.0
1030
0.0
  0
LWPOLYLINE
  5
D0D
330
1F
100
AcDbEntity
  8
0
 62
153
100
AcDbPolyline
 90
4
 70
1
 10
77.88559422049279
 20
35.3668022751572
 10
77.68559422049275
 20
35.3668022751572
 10
77.68559422049275
 20
34.96680227515722
 10
77.88559422049279
 20
34.96680227515722
  0
HATCH
  5
D0E
330
1F
100
AcDbEntity
  8
0
 62
153
100
AcDbHatch
 10
0.0
 20
0.0
 30
-1.32e-14
210
0.0
220
0.0
230
1.0
  2
SOLID
 70
1
 71
0
 91
1
 92
7
 72
0
 73
1
 93
4
 10
68.08552091065216
 20
35.36680227525133
 10
67.88552091065235
 20
35.36680227525122
 10
67.88552091065235
 20
34.96680227525136
 10
68.08552091065216
 20
34.96680227525136
 97
0
 75
0
 76
1
 47
0.0194390769806273
 98
1
 10
67.99703789511616
 20
35.13275464367351
450
0
451
0
460
0.0
461
0.0
452
1
462
1.0
453
2
463
0
 63
5
421
255
463
1
 63
7
421
16777215
470
LINEAR
1001
ACAD
1010
0.0
1020
0.0
1030
0.0
  0
HATCH
  5
D0F
330
1F
100
AcDbEntity
  8
0
 62
153
100
AcDbHatch
 10
0.0
 20
0.0
 30
-1.24e-14
210
0.0
220
0.0
230
1.0
  2
SOLID
 70
1
 71
0
 91
1
 92
7
 72
0
 73
1
 93
4
 10
71.89050554993496
 20
35.36680227525349
 10
71.89050554993541
 20
35.16680227525345
 10
72.29050554993505
 20
35.16680227525345
 10
72.29050554993505
 20
35.36680227525349
 97
0
 75
0
 76
1
 47
0.0194390769806273
 98
1
 10
72.12455318151301
 20
35.27831925971728
450
0
451
0
460
0.0
461
0.0
452
1
462
1.0
453
2
463
0
 63
5
421
255
463
1
 63
7
421
16777215
470
LINEAR
1001
ACAD
1010
0.0
1020
0.0
1030
0.0
  0
LWPOLYLINE
  5
D10
330
1F
100
AcDbEntity
  8
0
 62
153
100
AcDbPolyline
 90
4
 70
1
 10
71.89050554993496
 20
35.36680227525349
 10
71.89050554993496
 20
35.16680227525345
 10
72.29050554993505
 20
35.16680227525345
 10
72.29050554993505
 20
35.36680227525349
  0
HATCH
  5
D11
330
1F
100
AcDbEntity
  8
0
 62
153
100
AcDbHatch
 10
0.0
 20
0.0
 30
-5.8e-15
210
0.0
220
0.0
230
1.0
  2
SOLID
 70
1
 71
0
 91
1
 92
7
 72
0
 73
1
 93
4
 10
81.98555388961226
 20
35.86572485237096
 10
81.78555388961244
 20
35.86572485237085
 10
81.78555388961244
 20
35.46572485237098
 10
81.98555388961226
 20
35.46572485237098
 97
0
 75
0
 76
1
 47
0.0194390769806273
 98
1
 10
81.89707087407628
 20
35.63167722079314
450
0
451
0
460
0.0
461
0.0
452
1
462
1.0
453
2
463
0
 63
5
421
255
463
1
 63
7
421
16777215
470
LINEAR
1001
ACAD
1010
0.0
1020
0.0
1030
0.0
  0
LWPOLYLINE
  5
D12
330
1F
100
AcDbEntity
  8
0
 62
153
100
AcDbPolyline
 90
4
 70
1
 10
81.98555388961226
 20
35.86572485237096
 10
81.78555388961244
 20
35.86572485237096
 10
81.78555388961244
 20
35.46572485237098
 10
81.98555388961226
 20
35.46572485237098
  0
HATCH
  5
D13
330
1F
100
AcDbEntity
  8
0
 62
153
100
AcDbHatch
 10
0.0
 20
0.0
 30
-5.4e-15
210
0.0
220
0.0
230
1.0
  2
SOLID
 70
1
 71
0
 91
1
 92
7
 72
0
 73
1
 93
4
 10
77.88559422049279
 20
35.3668022751572
 10
77.68559422049297
 20
35.36680227515708
 10
77.68559422049297
 20
34.96680227515722
 10
77.88559422049279
 20
34.96680227515722
 97
0
 75
0
 76
1
 47
0.0194390769806273
 98
1
 10
77.7971112049568
 20
35.13275464357938
450
0
451
0
460
0.0
461
0.0
452
1
462
1.0
453
2
463
0
 63
5
421
255
463
1
 63
7
421
16777215
470
LINEAR
1001
ACAD
1010
0.0
1020
0.0
1030
0.0
  0
LWPOLYLINE
  5
D14
102
{ACAD_REACTORS
330
E44
102
}
330
1F
100
AcDbEntity
  8
0
 62
153
100
AcDbPolyline
 90
4
 70
1
 10
77.88559422049279
 20
35.3668022751572
 10
77.68559422049297
 20
35.3668022751572
 10
77.68559422049297
 20
34.96680227515722
 10
77.88559422049279
 20
34.96680227515722
  0
HATCH
  5
D15
330
1F
100
AcDbEntity
  8
0
 62
153
100
AcDbHatch
 10
0.0
 20
0.0
 30
-1.24e-14
210
0.0
220
0.0
230
1.0
  2
SOLID
 70
1
 71
0
 91
1
 92
7
 72
0
 73
1
 93
4
 10
71.89050554993518
 20
35.36680227525349
 10
71.89050554993541
 20
35.16680227525345
 10
72.29050554993528
 20
35.16680227525345
 10
72.29050554993528
 20
35.36680227525349
 97
0
 75
0
 76
1
 47
0.0194390769806273
 98
1
 10
72.12455318151301
 20
35.27831925971728
450
0
451
0
460
0.0
461
0.0
452
1
462
1.0
453
2
463
0
 63
5
421
255
463
1
 63
7
421
16777215
470
LINEAR
1001
ACAD
1010
0.0
1020
0.0
1030
0.0
  0
LWPOLYLINE
  5
D16
330
1F
100
AcDbEntity
  8
0
 62
153
100
AcDbPolyline
 90
4
 70
1
 10
71.89050554993518
 20
35.36680227525349
 10
71.89050554993518
 20
35.16680227525345
 10
72.29050554993528
 20
35.16680227525345
 10
72.29050554993528
 20
35.36680227525349
  0
HATCH
  5
D17
330
1F
100
AcDbEntity
  8
0
 62
153
100
AcDbHatch
 10
0.0
 20
0.0
 30
-1.32e-14
210
0.0
220
0.0
230
1.0
  2
SOLID
 70
1
 71
0
 91
1
 92
7
 72
0
 73
1
 93
4
 10
68.08552091065239
 20
35.36680227525133
 10
67.88552091065235
 20
35.36680227525122
 10
67.88552091065235
 20
34.96680227525136
 10
68.08552091065239
 20
34.96680227525136
 97
0
 75
0
 76
1
 47
0.0194390769806273
 98
1
 10
67.99703789511616
 20
35.13275464367351
450
0
451
0
460
0.0
461
0.0
452
1
462
1.0
453
2
463
0
 63
5
421
255
463
1
 63
7
421
16777215
470
LINEAR
1001
ACAD
1010
0.0
1020
0.0
1030
0.0
  0
HATCH
  5
D18
330
1F
100
AcDbEntity
  8
0
 62
153
100
AcDbHatch
 10
0.0
 20
0.0
 30
-8.53533717674e-05
210
0.0
220
0.0
230
1.0
  2
SOLID
 70
1
 71
0
 91
1
 92
7
 72
0
 73
1
 93
4
 10
92.28185285636532
 20
35.86564918438379
 10
92.28185285636555
 20
35.66564918438374
 10
92.6818528563654
 20
35.66564918438374
 10
92.6818528563654
 20
35.86564918438379
 97
0
 75
0
 76
1
 47
0.0194390769806273
 98
1
 10
92.51590048794314
 20
35.77716616884757
450
0
451
0
460
0.0
461
0.0
452
1
462
1.0
453
2
463
0
 63
5
421
255
463
1
 63
7
421
16777215
470
LINEAR
1001
ACAD
1010
0.0
1020
0.0
1030
0.0
  0
LWPOLYLINE
  5
D19
330
1F
100
AcDbEntity
  8
0
 62
153
100
AcDbPolyline
 90
4
 70
1
 38
-8.53533717518e-05
 10
92.28185285636532
 20
35.86564918438379
 10
92.28185285636532
 20
35.66564918438374
 10
92.6818528563654
 20
35.66564918438374
 10
92.6818528563654
 20
35.86564918438379
  0
HATCH
  5
D1A
330
1F
100
AcDbEntity
  8
0
 62
153
100
AcDbHatch
 10
0.0
 20
0.0
 30
-8.53533717674e-05
210
0.0
220
0.0
230
1.0
  2
SOLID
 70
1
 71
0
 91
1
 92
7
 72
0
 73
1
 93
4
 10
92.28185285636532
 20
35.86564918438379
 10
92.28185285636577
 20
35.66564918438374
 10
92.6818528563654
 20
35.66564918438374
 10
92.6818528563654
 20
35.86564918438379
 97
0
 75
0
 76
1
 47
0.0194390769806273
 98
1
 10
92.51590048794337
 20
35.77716616884757
450
0
451
0
460
0.0
461
0.0
452
1
462
1.0
453
2
463
0
 63
5
421
255
463
1
 63
7
421
16777215
470
LINEAR
1001
ACAD
1010
0.0
1020
0.0
1030
0.0
  0
LWPOLYLINE
  5
D1B
330
1F
100
AcDbEntity
  8
0
 62
153
100
AcDbPolyline
 90
4
 70
1
 38
-8.53533717518e-05
 10
92.28185285636532
 20
35.86564918438379
 10
92.28185285636532
 20
35.66564918438374
 10
92.6818528563654
 20
35.66564918438374
 10
92.6818528563654
 20
35.86564918438379
  0
HATCH
  5
D1C
330
1F
100
AcDbEntity
  8
0
 62
153
100
AcDbHatch
 10
0.0
 20
0.0
 30
-8.53533717648e-05
210
0.0
220
0.0
230
1.0
  2
SOLID
 70
1
 71
0
 91
1
 92
7
 72
0
 73
1
 93
4
 10
86.98555388970595
 20
35.86564918438379
 10
86.98555388970615
 20
35.66564918438374
 10
87.38555388970603
 20
35.66564918438374
 10
87.38555388970603
 20
35.86564918438379
 97
0
 75
0
 76
1
 47
0.0194390769806273
 98
1
 10
87.21960152128376
 20
35.77716616884757
450
0
451
0
460
0.0
461
0.0
452
1
462
1.0
453
2
463
0
 63
5
421
255
463
1
 63
7
421
16777215
470
LINEAR
1001
ACAD
1010
0.0
1020
0.0
1030
0.0
  0
LWPOLYLINE
  5
D1D
102
{ACAD_REACTORS
330
F27
102
}
330
1F
100
AcDbEntity
  8
0
 62
153
100
AcDbPolyline
 90
4
 70
1
 38
-8.53533717518e-05
 10
86.98555388970595
 20
35.86564918438379
 10
86.98555388970595
 20
35.66564918438374
 10
87.38555388970603
 20
35.66564918438374
 10
87.38555388970603
 20
35.86564918438379
  0
LINE
  5
D1E
330
1F
100
AcDbEntity
  8
0
370
40
100
AcDbLine
 10
81.78555388961244
 20
29.1668022753702
 30
7.8e-15
 11
81.78555388961244
 21
29.16627389091448
 31
7.8e-15
  0
LINE
  5
D1F
330
1F
100
AcDbEntity
  8
0
370
40
100
AcDbLine
 10
77.68555388961708
 20
29.16680227536884
 30
1.21e-14
 11
77.68559419355192
 21
29.16680227536929
 31
1.21e-14
  0
LINE
  5
D20
330
1F
100
AcDbEntity
  8
0
370
40
100
AcDbLine
 10
77.68559419355147
 20
29.16680227536474
 30
1.19e-14
 11
77.68555388961708
 21
29.1668022753652
 31
1.19e-14
  0
LINE
  5
D21
330
1F
100
AcDbEntity
  8
0
370
40
100
AcDbLine
 10
81.78555388961244
 20
29.1668022753702
 30
7.8e-15
 11
81.78555388961244
 21
29.16627389091448
 31
7.8e-15
  0
LINE
  5
D22
330
1F
100
AcDbEntity
  8
0
370
40
100
AcDbLine
 10
77.68555388961708
 20
29.16680227536884
 30
1.21e-14
 11
77.6855941935517
 21
29.16680227536929
 31
1.21e-14
  0
LINE
  5
D23
330
1F
100
AcDbEntity
  8
0
370
40
100
AcDbLine
 10
77.68559419355147
 20
29.16680227536474
 30
1.19e-14
 11
77.68555388961708
 21
29.1668022753652
 31
1.19e-14
  0
HATCH
  5
D24
330
1F
100
AcDbEntity
  8
0
 62
153
100
AcDbHatch
 10
0.0
 20
0.0
 30
-1.22e-14
210
0.0
220
0.0
230
1.0
  2
SOLID
 70
1
 71
0
 91
1
 92
7
 72
0
 73
1
 93
4
 10
81.58474056935215
 20
29.36680214400693
 10
81.5847405693526
 20
29.16680214400688
 10
81.98474056935223
 20
29.16680214400688
 10
81.98474056935223
 20
29.36680214400693
 97
0
 75
0
 76
1
 47
0.0194390769806273
 98
1
 10
81.8187882009302
 20
29.27831912847072
450
0
451
0
460
0.0
461
0.0
452
1
462
1.0
453
2
463
0
 63
5
421
255
463
1
 63
7
421
16777215
470
LINEAR
1001
ACAD
1010
0.0
1020
0.0
1030
0.0
  0
LWPOLYLINE
  5
D25
330
1F
100
AcDbEntity
  8
0
 62
153
100
AcDbPolyline
 90
4
 70
1
 10
81.58474056935215
 20
29.36680214400693
 10
81.58474056935215
 20
29.16680214400688
 10
81.98474056935223
 20
29.16680214400688
 10
81.98474056935223
 20
29.36680214400693
  0
HATCH
  5
D26
330
1F
100
AcDbEntity
  8
0
 62
153
100
AcDbHatch
 10
0.0
 20
0.0
 30
-1.24e-14
210
0.0
220
0.0
230
1.0
  2
SOLID
 70
1
 71
0
 91
1
 92
7
 72
0
 73
1
 93
4
 10
95.28478086671116
 20
29.36680214400693
 10
95.28478086671161
 20
29.16680214400688
 10
95.68478086671126
 20
29.16680214400688
 10
95.68478086671126
 20
29.36680214400693
 97
0
 75
0
 76
1
 47
0.0194390769806273
 98
1
 10
95.5188284982892
 20
29.27831912847072
450
0
451
0
460
0.0
461
0.0
452
1
462
1.0
453
2
463
0
 63
5
421
255
463
1
 63
7
421
16777215
470
LINEAR
1001
ACAD
1010
0.0
1020
0.0
1030
0.0
  0
LWPOLYLINE
  5
D27
330
1F
100
AcDbEntity
  8
0
 62
153
100
AcDbPolyline
 90
4
 70
1
 10
95.28478086671116
 20
29.36680214400693
 10
95.28478086671116
 20
29.16680214400688
 10
95.68478086671126
 20
29.16680214400688
 10
95.68478086671126
 20
29.36680214400693
  0
HATCH
  5
D28
330
1F
100
AcDbEntity
  8
0
 62
153
100
AcDbHatch
 10
0.0
 20
0.0
 30
-6.5e-15
210
0.0
220
0.0
230
1.0
  2
SOLID
 70
1
 71
0
 91
1
 92
7
 72
0
 73
1
 93
4
 10
92.28185285636532
 20
29.36662650737711
 10
92.28185285636555
 20
29.16662650737706
 10
92.6818528563654
 20
29.16662650737706
 10
92.6818528563654
 20
29.36662650737711
 97
0
 75
0
 76
1
 47
0.0194390769806273
 98
1
 10
92.51590048794314
 20
29.27814349184089
450
0
451
0
460
0.0
461
0.0
452
1
462
1.0
453
2
463
0
 63
5
421
255
463
1
 63
7
421
16777215
470
LINEAR
1001
ACAD
1010
0.0
1020
0.0
1030
0.0
  0
LWPOLYLINE
  5
D29
330
1F
100
AcDbEntity
  8
0
 62
153
100
AcDbPolyline
 90
4
 70
1
 10
92.28185285636532
 20
29.36662650737711
 10
92.28185285636532
 20
29.16662650737706
 10
92.6818528563654
 20
29.16662650737706
 10
92.6818528563654
 20
29.36662650737711
  0
HATCH
  5
D2A
330
1F
100
AcDbEntity
  8
0
 62
153
100
AcDbHatch
 10
0.0
 20
0.0
 30
-1.07e-14
210
0.0
220
0.0
230
1.0
  2
SOLID
 70
1
 71
0
 91
1
 92
7
 72
0
 73
1
 93
4
 10
86.98555388970595
 20
29.36680227487759
 10
86.98555388970615
 20
29.16680227487754
 10
87.38555388970603
 20
29.16680227487754
 10
87.38555388970603
 20
29.36680227487759
 97
0
 75
0
 76
1
 47
0.0194390769806273
 98
1
 10
87.21960152128376
 20
29.27831925934138
450
0
451
0
460
0.0
461
0.0
452
1
462
1.0
453
2
463
0
 63
5
421
255
463
1
 63
7
421
16777215
470
LINEAR
1001
ACAD
1010
0.0
1020
0.0
1030
0.0
  0
LWPOLYLINE
  5
D2B
102
{ACAD_REACTORS
330
F27
102
}
330
1F
100
AcDbEntity
  8
0
 62
153
100
AcDbPolyline
 90
4
 70
1
 10
86.98555388970595
 20
29.36680227487759
 10
86.98555388970595
 20
29.16680227487754
 10
87.38555388970603
 20
29.16680227487754
 10
87.38555388970603
 20
29.36680227487759
  0
LWPOLYLINE
  5
D2C
330
1F
100
AcDbEntity
  8
0
 62
153
100
AcDbPolyline
 90
4
 70
1
 10
77.68559419355147
 20
29.36680214351222
 10
77.68559419355147
 20
29.16680214351217
 10
78.08559419355154
 20
29.16680214351217
 10
78.08559419355154
 20
29.36680214351222
  0
HATCH
  5
D2D
330
1F
100
AcDbEntity
  8
0
 62
153
100
AcDbHatch
 10
0.0
 20
0.0
 30
-1.22e-14
210
0.0
220
0.0
230
1.0
  2
SOLID
 70
1
 71
0
 91
1
 92
7
 72
0
 73
1
 93
4
 10
77.68559419355147
 20
29.36680201214509
 10
77.6855941935517
 20
29.16680201214504
 10
78.08559419355154
 20
29.16680201214504
 10
78.08559419355154
 20
29.36680201214509
 97
0
 75
0
 76
1
 47
0.0194390769806273
 98
1
 10
77.91964182512929
 20
29.27831899660887
450
0
451
0
460
0.0
461
0.0
452
1
462
1.0
453
2
463
0
 63
5
421
255
463
1
 63
7
421
16777215
470
LINEAR
1001
ACAD
1010
0.0
1020
0.0
1030
0.0
  0
LWPOLYLINE
  5
D2E
330
1F
100
AcDbEntity
  8
0
 62
153
100
AcDbPolyline
 90
4
 70
1
 10
77.68559419355147
 20
29.36680201214509
 10
77.68559419355147
 20
29.16680201214504
 10
78.08559419355154
 20
29.16680201214504
 10
78.08559419355154
 20
29.36680201214509
  0
HATCH
  5
D2F
330
1F
100
AcDbEntity
  8
0
 62
153
100
AcDbHatch
 10
0.0
 20
0.0
 30
5.67e-14
210
0.0
220
0.0
230
1.0
  2
SOLID
 70
1
 71
0
 91
1
 92
7
 72
0
 73
1
 93
4
 10
68.08559419355154
 20
29.56680227487814
 10
67.88559419355128
 20
29.56680227487803
 10
67.88559419355128
 20
29.16680227487816
 10
68.08559419355154
 20
29.16680227487816
 97
0
 75
0
 76
1
 47
0.0194390769806273
 98
1
 10
67.9971111780151
 20
29.33275464330032
450
0
451
0
460
0.0
461
0.0
452
1
462
1.0
453
2
463
0
 63
5
421
255
463
1
 63
7
421
16777215
470
LINEAR
1001
ACAD
1010
0.0
1020
0.0
1030
0.0
  0
LWPOLYLINE
  5
D30
330
1F
100
AcDbEntity
  8
0
 62
153
100
AcDbPolyline
 90
4
 70
1
 10
68.08559419355154
 20
29.56680227487814
 10
67.88559419355128
 20
29.56680227487814
 10
67.88559419355128
 20
29.16680227487816
 10
68.08559419355154
 20
29.16680227487816
  0
HATCH
  5
D31
330
1F
100
AcDbEntity
  8
0
 62
153
100
AcDbHatch
 10
0.0
 20
0.0
 30
-2.25e-13
210
0.0
220
0.0
230
1.0
  2
SOLID
 70
1
 71
0
 91
1
 92
7
 72
0
 73
1
 93
4
 10
71.88559420287224
 20
29.36680214399192
 10
71.88559420287247
 20
29.16680214399188
 10
72.28559420287233
 20
29.16680214399188
 10
72.28559420287233
 20
29.36680214399192
 97
0
 75
0
 76
1
 47
0.0194390769806273
 98
1
 10
72.11964183445006
 20
29.27831912845571
450
0
451
0
460
0.0
461
0.0
452
1
462
1.0
453
2
463
0
 63
5
421
255
463
1
 63
7
421
16777215
470
LINEAR
1001
ACAD
1010
0.0
1020
0.0
1030
0.0
  0
LWPOLYLINE
  5
D32
330
1F
100
AcDbEntity
  8
0
 62
153
100
AcDbPolyline
 90
4
 70
1
 10
71.88559420287224
 20
29.36680214399192
 10
71.88559420287224
 20
29.16680214399188
 10
72.28559420287233
 20
29.16680214399188
 10
72.28559420287233
 20
29.36680214399192
  0
HATCH
  5
D33
330
1F
100
AcDbEntity
  8
0
 62
153
100
AcDbHatch
 10
0.0
 20
0.0
 30
-6.5e-15
210
0.0
220
0.0
230
1.0
  2
SOLID
 70
1
 71
0
 91
1
 92
7
 72
0
 73
1
 93
4
 10
92.28185285636532
 20
29.36662650737711
 10
92.28185285636577
 20
29.16662650737706
 10
92.6818528563654
 20
29.16662650737706
 10
92.6818528563654
 20
29.36662650737711
 97
0
 75
0
 76
1
 47
0.0194390769806273
 98
1
 10
92.51590048794337
 20
29.27814349184089
450
0
451
0
460
0.0
461
0.0
452
1
462
1.0
453
2
463
0
 63
5
421
255
463
1
 63
7
421
16777215
470
LINEAR
1001
ACAD
1010
0.0
1020
0.0
1030
0.0
  0
LWPOLYLINE
  5
D34
330
1F
100
AcDbEntity
  8
0
 62
153
100
AcDbPolyline
 90
4
 70
1
 10
92.28185285636532
 20
29.36662650737711
 10
92.28185285636532
 20
29.16662650737706
 10
92.6818528563654
 20
29.16662650737706
 10
92.6818528563654
 20
29.36662650737711
  0
HATCH
  5
D35
330
1F
100
AcDbEntity
  8
0
 62
153
100
AcDbHatch
 10
0.0
 20
0.0
 30
-1.22e-14
210
0.0
220
0.0
230
1.0
  2
SOLID
 70
1
 71
0
 91
1
 92
7
 72
0
 73
1
 93
4
 10
81.58474056935238
 20
29.36680214400693
 10
81.5847405693526
 20
29.16680214400688
 10
81.98474056935245
 20
29.16680214400688
 10
81.98474056935245
 20
29.36680214400693
 97
0
 75
0
 76
1
 47
0.0194390769806273
 98
1
 10
81.8187882009302
 20
29.27831912847072
450
0
451
0
460
0.0
461
0.0
452
1
462
1.0
453
2
463
0
 63
5
421
255
463
1
 63
7
421
16777215
470
LINEAR
1001
ACAD
1010
0.0
1020
0.0
1030
0.0
  0
LWPOLYLINE
  5
D36
330
1F
100
AcDbEntity
  8
0
 62
153
100
AcDbPolyline
 90
4
 70
1
 10
81.58474056935238
 20
29.36680214400693
 10
81.58474056935238
 20
29.16680214400688
 10
81.98474056935245
 20
29.16680214400688
 10
81.98474056935245
 20
29.36680214400693
  0
LWPOLYLINE
  5
D37
330
1F
100
AcDbEntity
  8
0
 62
153
100
AcDbPolyline
 90
4
 70
1
 10
77.68559419355147
 20
29.36680214351222
 10
77.68559419355147
 20
29.16680214351217
 10
78.08559419355154
 20
29.16680214351217
 10
78.08559419355154
 20
29.36680214351222
  0
HATCH
  5
D38
330
1F
100
AcDbEntity
  8
0
 62
153
100
AcDbHatch
 10
0.0
 20
0.0
 30
-1.22e-14
210
0.0
220
0.0
230
1.0
  2
SOLID
 70
1
 71
0
 91
1
 92
7
 72
0
 73
1
 93
4
 10
77.68559419355147
 20
29.36680201214509
 10
77.68559419355192
 20
29.16680201214504
 10
78.08559419355154
 20
29.16680201214504
 10
78.08559419355154
 20
29.36680201214509
 97
0
 75
0
 76
1
 47
0.0194390769806273
 98
1
 10
77.91964182512952
 20
29.27831899660887
450
0
451
0
460
0.0
461
0.0
452
1
462
1.0
453
2
463
0
 63
5
421
255
463
1
 63
7
421
16777215
470
LINEAR
1001
ACAD
1010
0.0
1020
0.0
1030
0.0
  0
LWPOLYLINE
  5
D39
330
1F
100
AcDbEntity
  8
0
 62
153
100
AcDbPolyline
 90
4
 70
1
 10
77.68559419355147
 20
29.36680201214509
 10
77.68559419355147
 20
29.16680201214504
 10
78.08559419355154
 20
29.16680201214504
 10
78.08559419355154
 20
29.36680201214509
  0
HATCH
  5
D3A
330
1F
100
AcDbEntity
  8
0
 62
153
100
AcDbHatch
 10
0.0
 20
0.0
 30
-2.25e-13
210
0.0
220
0.0
230
1.0
  2
SOLID
 70
1
 71
0
 91
1
 92
7
 72
0
 73
1
 93
4
 10
71.88559420287247
 20
29.36680214399192
 10
71.88559420287247
 20
29.16680214399188
 10
72.28559420287256
 20
29.16680214399188
 10
72.28559420287256
 20
29.36680214399192
 97
0
 75
0
 76
1
 47
0.0194390769806273
 98
1
 10
72.11964183445006
 20
29.27831912845571
450
0
451
0
460
0.0
461
0.0
452
1
462
1.0
453
2
463
0
 63
5
421
255
463
1
 63
7
421
16777215
470
LINEAR
1001
ACAD
1010
0.0
1020
0.0
1030
0.0
  0
LWPOLYLINE
  5
D3B
330
1F
100
AcDbEntity
  8
0
 62
153
100
AcDbPolyline
 90
4
 70
1
 10
71.88559420287247
 20
29.36680214399192
 10
71.88559420287247
 20
29.16680214399188
 10
72.28559420287256
 20
29.16680214399188
 10
72.28559420287256
 20
29.36680214399192
  0
HATCH
  5
D3C
330
1F
100
AcDbEntity
  8
0
 62
153
100
AcDbHatch
 10
0.0
 20
0.0
 30
5.67e-14
210
0.0
220
0.0
230
1.0
  2
SOLID
 70
1
 71
0
 91
1
 92
7
 72
0
 73
1
 93
4
 10
68.08559419355154
 20
29.56680227487814
 10
67.88559419355151
 20
29.56680227487803
 10
67.88559419355151
 20
29.16680227487816
 10
68.08559419355154
 20
29.16680227487816
 97
0
 75
0
 76
1
 47
0.0194390769806273
 98
1
 10
67.99711117801534
 20
29.33275464330032
450
0
451
0
460
0.0
461
0.0
452
1
462
1.0
453
2
463
0
 63
5
421
255
463
1
 63
7
421
16777215
470
LINEAR
1001
ACAD
1010
0.0
1020
0.0
1030
0.0
  0
LWPOLYLINE
  5
D3D
330
1F
100
AcDbEntity
  8
0
 62
153
100
AcDbPolyline
 90
4
 70
1
 10
68.08559419355154
 20
29.56680227487814
 10
67.88559419355151
 20
29.56680227487814
 10
67.88559419355151
 20
29.16680227487816
 10
68.08559419355154
 20
29.16680227487816
  0
TEXT
  5
D3E
330
1F
100
AcDbEntity
  8
wall
 62
7
420
16777215
100
AcDbText
 10
95.44107765979793
 20
36.1325819877986
 30
0.0
 40
0.2555652996806926
  1
C1
100
AcDbText
  0
TEXT
  5
D3F
330
1F
100
AcDbEntity
  8
wall
 62
7
420
16777215
100
AcDbText
 10
92.33753938638715
 20
36.1325819877986
 30
0.0
 40
0.2555652996806926
  1
C1
100
AcDbText
  0
TEXT
  5
D40
330
1F
100
AcDbEntity
  8
wall
 62
7
420
16777215
100
AcDbText
 10
86.95645922794306
 20
36.22460434236174
 30
0.0
 40
0.2555652996806926
  1
C1
100
AcDbText
  0
TEXT
  5
D41
330
1F
100
AcDbEntity
  8
wall
 62
7
420
16777215
100
AcDbText
 10
81.67789129879571
 20
36.146141270686
 30
0.0
 40
0.2555652996806926
  1
C1
100
AcDbText
  0
TEXT
  5
D42
330
1F
100
AcDbEntity
  8
wall
 62
7
420
16777215
100
AcDbText
 10
77.62485566252512
 20
35.621481477998
 30
0.0
 40
0.2555652996806926
  1
C1
100
AcDbText
  0
TEXT
  5
D43
330
1F
100
AcDbEntity
  8
wall
 62
7
420
16777215
100
AcDbText
 10
71.93984256758544
 20
35.60854559199558
 30
0.0
 40
0.2555652996806926
  1
C1
100
AcDbText
  0
TEXT
  5
D44
330
1F
100
AcDbEntity
  8
wall
 62
7
420
16777215
100
AcDbText
 10
67.87339434854223
 20
35.59581002632896
 30
0.0
 40
0.2555652996806926
  1
C1
100
AcDbText
  0
TEXT
  5
D45
330
1F
100
AcDbEntity
  8
wall
 62
7
420
16777215
100
AcDbText
 10
67.29175301586388
 20
29.19838939865937
 30
0.0
 40
0.2555652996806926
  1
C1
100
AcDbText
  0
TEXT
  5
D46
330
1F
100
AcDbEntity
  8
wall
 62
7
420
16777215
100
AcDbText
 10
71.92958637502036
 20
29.68690018483627
 30
0.0
 40
0.2555652996806926
  1
C1
100
AcDbText
  0
TEXT
  5
D47
330
1F
100
AcDbEntity
  8
wall
 62
7
420
16777215
100
AcDbText
 10
77.04977564272853
 20
29.6614482842551
 30
0.0
 40
0.2555652996806926
  1
C1
100
AcDbText
  0
TEXT
  5
D48
330
1F
100
AcDbEntity
  8
wall
 62
7
420
16777215
100
AcDbText
 10
81.28200885260416
 20
29.79177188701689
 30
0.0
 40
0.2555652996806926
  1
C1
100
AcDbText
  0
TEXT
  5
D49
330
1F
100
AcDbEntity
  8
wall
 62
7
420
16777215
100
AcDbText
 10
86.97165297519771
 20
29.76525428224929
 30
0.0
 40
0.2555652996806926
  1
C1
100
AcDbText
  0
TEXT
  5
D4A
330
1F
100
AcDbEntity
  8
wall
 62
7
420
16777215
100
AcDbText
 10
92.2114867902283
 20
29.70436651555244
 30
0.0
 40
0.2555652996806926
  1
C1
100
AcDbText
  0
LINE
  5
D4B
330
1F
100
AcDbEntity
  8
glass
100
AcDbLine
 10
95.60205882612858
 20
21.04569420075271
 30
7e-16
 11
95.601950874255
 21
24.66268960181063
 31
0.0516629386949556
  0
LINE
  5
D4C
330
1F
100
AcDbEntity
  8
glass
100
AcDbLine
 10
95.58681951008955
 20
24.66268960181063
 30
0.051662860868576
 11
95.58692882634344
 21
21.04569184091955
 31
7e-16
  0
LINE
  5
D4D
330
1F
100
AcDbEntity
  8
0
 62
153
100
AcDbLine
 10
81.98555388961294
 20
19.96688235789409
 30
-9e-16
 11
81.98555388961294
 21
19.96688235789409
 31
2e-16
  0
LINE
  5
D4E
330
1F
100
AcDbEntity
  8
0
 62
153
100
AcDbLine
 10
81.58555388961376
 20
19.96688235789409
 30
-2e-15
 11
81.98555388961385
 21
19.96688235789409
 31
-1e-15
  0
HATCH
  5
D4F
330
1F
100
AcDbEntity
  8
0
 62
153
100
AcDbHatch
 10
0.0
 20
0.0
 30
-1.45e-14
210
0.0
220
0.0
230
1.0
  2
SOLID
 70
1
 71
0
 91
1
 92
7
 72
0
 73
1
 93
4
 10
95.28559419355138
 20
20.16688235789414
 10
95.28559419355159
 20
19.96688235789409
 10
95.68559419355147
 20
19.96688235789409
 10
95.68559419355147
 20
20.16688235789414
 97
0
 75
0
 76
1
 47
0.0194390769806273
 98
1
 10
95.5196418251292
 20
20.07839934235793
450
0
451
0
460
0.0
461
0.0
452
1
462
1.0
453
2
463
0
 63
5
421
255
463
1
 63
7
421
16777215
470
LINEAR
1001
ACAD
1010
0.0
1020
0.0
1030
0.0
  0
LWPOLYLINE
  5
D50
330
1F
100
AcDbEntity
  8
0
 62
153
100
AcDbPolyline
 90
4
 70
1
 10
95.28559419355138
 20
20.16688235789414
 10
95.28559419355138
 20
19.96688235789409
 10
95.68559419355147
 20
19.96688235789409
 10
95.68559419355147
 20
20.16688235789414
  0
HATCH
  5
D51
330
1F
100
AcDbEntity
  8
0
 62
153
100
AcDbHatch
 10
0.0
 20
0.0
 30
-1.45e-14
210
0.0
220
0.0
230
1.0
  2
SOLID
 70
1
 71
0
 91
1
 92
7
 72
0
 73
1
 93
4
 10
88.67559313875931
 20
20.16688235789414
 10
88.67559313875954
 20
19.96688235789409
 10
89.07559313875942
 20
19.96688235789409
 10
89.07559313875942
 20
20.16688235789414
 97
0
 75
0
 76
1
 47
0.0194390769806273
 98
1
 10
88.90964077033713
 20
20.07839934235793
450
0
451
0
460
0.0
461
0.0
452
1
462
1.0
453
2
463
0
 63
5
421
255
463
1
 63
7
421
16777215
470
LINEAR
1001
ACAD
1010
0.0
1020
0.0
1030
0.0
  0
LWPOLYLINE
  5
D52
102
{ACAD_REACTORS
330
F41
102
}
330
1F
100
AcDbEntity
  8
0
 62
153
100
AcDbPolyline
 90
4
 70
1
 10
88.67559313875931
 20
20.16688235789414
 10
88.67559313875931
 20
19.96688235789409
 10
89.07559313875942
 20
19.96688235789409
 10
89.07559313875942
 20
20.16688235789414
  0
HATCH
  5
D53
330
1F
100
AcDbEntity
  8
0
 62
153
100
AcDbHatch
 10
0.0
 20
0.0
 30
-1.59e-14
210
0.0
220
0.0
230
1.0
  2
SOLID
 70
1
 71
0
 91
1
 92
7
 72
0
 73
1
 93
4
 10
81.58555388961376
 20
20.16688235789334
 10
81.58555388961399
 20
19.9668823578933
 10
81.98555388961385
 20
19.9668823578933
 10
81.98555388961385
 20
20.16688235789334
 97
0
 75
0
 76
1
 47
0.0194390769806273
 98
1
 10
81.81960152119159
 20
20.07839934235713
450
0
451
0
460
0.0
461
0.0
452
1
462
1.0
453
2
463
0
 63
5
421
255
463
1
 63
7
421
16777215
470
LINEAR
1001
ACAD
1010
0.0
1020
0.0
1030
0.0
  0
LWPOLYLINE
  5
D54
330
1F
100
AcDbEntity
  8
0
 62
153
100
AcDbPolyline
 90
4
 70
1
 10
81.58555388961376
 20
20.16688235789334
 10
81.58555388961376
 20
19.9668823578933
 10
81.98555388961385
 20
19.9668823578933
 10
81.98555388961385
 20
20.16688235789334
  0
LINE
  5
D55
330
1F
100
AcDbEntity
  8
0
370
40
100
AcDbLine
 10
95.48559419479356
 20
24.56268962328866
 30
4e-16
 11
95.6855941096624
 21
24.56268962328866
 31
4e-16
  0
HATCH
  5
D56
330
1F
100
AcDbEntity
  8
0
 62
153
100
AcDbHatch
 10
0.0
 20
0.0
 30
-1.45e-14
210
0.0
220
0.0
230
1.0
  2
SOLID
 70
1
 71
0
 91
1
 92
7
 72
0
 73
1
 93
4
 10
95.68555214758207
 20
24.66268960181063
 10
95.48555214758203
 20
24.66268960181051
 10
95.48555214758203
 20
24.26268960181065
 10
95.68555214758207
 20
24.26268960181065
 97
0
 75
0
 76
1
 47
0.0194390769806273
 98
1
 10
95.59706913204585
 20
24.4286419702328
450
0
451
0
460
0.0
461
0.0
452
1
462
1.0
453
2
463
0
 63
5
421
255
463
1
 63
7
421
16777215
470
LINEAR
1001
ACAD
1010
0.0
1020
0.0
1030
0.0
  0
LWPOLYLINE
  5
D57
330
1F
100
AcDbEntity
  8
0
 62
153
100
AcDbPolyline
 90
4
 70
1
 10
95.68555214758207
 20
24.66268960181063
 10
95.48555214758203
 20
24.66268960181063
 10
95.48555214758203
 20
24.26268960181065
 10
95.68555214758207
 20
24.26268960181065
  0
HATCH
  5
D58
330
1F
100
AcDbEntity
  8
0
 62
153
100
AcDbHatch
 10
0.0
 20
0.0
 30
-1.59e-14
210
0.0
220
0.0
230
1.0
  2
SOLID
 70
1
 71
0
 91
1
 92
7
 72
0
 73
1
 93
4
 10
81.58555388961399
 20
20.16688235789334
 10
81.58555388961399
 20
19.9668823578933
 10
81.98555388961407
 20
19.9668823578933
 10
81.98555388961407
 20
20.16688235789334
 97
0
 75
0
 76
1
 47
0.0194390769806273
 98
1
 10
81.81960152119159
 20
20.07839934235713
450
0
451
0
460
0.0
461
0.0
452
1
462
1.0
453
2
463
0
 63
5
421
255
463
1
 63
7
421
16777215
470
LINEAR
1001
ACAD
1010
0.0
1020
0.0
1030
0.0
  0
LWPOLYLINE
  5
D59
330
1F
100
AcDbEntity
  8
0
 62
153
100
AcDbPolyline
 90
4
 70
1
 10
81.58555388961399
 20
20.16688235789334
 10
81.58555388961399
 20
19.9668823578933
 10
81.98555388961407
 20
19.9668823578933
 10
81.98555388961407
 20
20.16688235789334
  0
TEXT
  5
D5A
330
1F
100
AcDbEntity
  8
wall
 62
7
420
16777215
100
AcDbText
 10
96.24918784298193
 20
29.86458272009869
 30
0.0
 40
0.2555652996806926
  1
C1
100
AcDbText
  0
TEXT
  5
D5B
330
1F
100
AcDbEntity
  8
wall
 62
7
420
16777215
100
AcDbText
 10
96.11216244516713
 20
24.3303904961285
 30
0.0
 40
0.2555652996806926
  1
C1
100
AcDbText
  0
TEXT
  5
D5C
330
1F
100
AcDbEntity
  8
wall
 62
7
420
16777215
100
AcDbText
 10
96.25307740914108
 20
19.46529223205968
 30
0.0
 40
0.2555652996806926
  1
C1
100
AcDbText
  0
TEXT
  5
D5D
330
1F
100
AcDbEntity
  8
wall
 62
7
420
16777215
100
AcDbText
 10
88.5536542723003
 20
18.7275989738159
 30
0.0
 40
0.2555652996806926
  1
C1
100
AcDbText
  0
TEXT
  5
D5E
330
1F
100
AcDbEntity
  8
wall
 62
7
420
16777215
100
AcDbText
 10
80.75970515063003
 20
19.46501178358946
 30
0.0
 40
0.2555652996806926
  1
C1
100
AcDbText
  0
TEXT
  5
D5F
330
1F
100
AcDbEntity
  8
wall
 62
7
420
16777215
100
AcDbText
 10
82.20839664187228
 20
24.33512606886595
 30
0.0
 40
0.2555652996806926
  1
C1
100
AcDbText
  0
LINE
  5
D60
330
1F
100
AcDbEntity
  8
WINDOW
100
AcDbLine
 10
95.68559378906188
 20
21.00688276337772
 30
8.7e-15
 11
95.68559410966218
 21
24.56268962328866
 31
8.6e-15
  0
LINE
  5
D61
330
1F
100
AcDbEntity
  8
glass
100
AcDbLine
 10
95.57185541684935
 20
21.04568948991258
 30
9.4e-15
 11
95.57171592373724
 21
24.66268960181063
 31
0.0516628558517387
  0
LINE
  5
D62
330
1F
100
AcDbEntity
  8
glass
100
AcDbLine
 10
95.60205882612811
 20
21.04569420075271
 30
9.4e-15
 11
95.60195087425453
 21
24.66268960181063
 31
0.0516629386949642
  0
LINE
  5
D63
330
1F
100
AcDbEntity
  8
glass
100
AcDbLine
 10
95.58681951008911
 20
24.66268960181063
 30
0.0516628608685847
 11
95.586928826343
 21
21.04569184091955
 31
9.4e-15
  0
LINE
  5
D64
330
1F
100
AcDbEntity
  8
0
370
40
100
AcDbLine
 10
95.4855941947931
 20
24.56268962328866
 30
9.1e-15
 11
95.68559410966193
 21
24.56268962328866
 31
9.1e-15
  0
HATCH
  5
D65
330
1F
100
AcDbEntity
  8
0
 62
153
100
AcDbHatch
 10
0.0
 20
0.0
 30
-5.8e-15
210
0.0
220
0.0
230
1.0
  2
SOLID
 70
1
 71
0
 91
1
 92
7
 72
0
 73
1
 93
4
 10
95.6855521475816
 20
24.66268960181063
 10
95.48555214758159
 20
24.66268960181051
 10
95.48555214758159
 20
24.26268960181065
 10
95.6855521475816
 20
24.26268960181065
 97
0
 75
0
 76
1
 47
0.0194390769806273
 98
1
 10
95.5970691320454
 20
24.4286419702328
450
0
451
0
460
0.0
461
0.0
452
1
462
1.0
453
2
463
0
 63
5
421
255
463
1
 63
7
421
16777215
470
LINEAR
1001
ACAD
1010
0.0
1020
0.0
1030
0.0
  0
LWPOLYLINE
  5
D66
330
1F
100
AcDbEntity
  8
0
 62
153
100
AcDbPolyline
 90
4
 70
1
 10
95.6855521475816
 20
24.66268960181063
 10
95.48555214758159
 20
24.66268960181063
 10
95.48555214758159
 20
24.26268960181065
 10
95.6855521475816
 20
24.26268960181065
  0
HATCH
  5
D69
330
1F
100
AcDbEntity
  8
0
 62
153
100
AcDbHatch
 10
0.0
 20
0.0
 30
-1.74e-14
210
0.0
220
0.0
230
1.0
  2
SOLID
 70
1
 71
0
 91
1
 92
7
 72
0
 73
1
 93
4
 10
81.9853689284435
 20
24.66268958179606
 10
81.78536892844345
 20
24.66268958179595
 10
81.78536892844345
 20
24.26268958179608
 10
81.9853689284435
 20
24.26268958179608
 97
0
 75
0
 76
1
 47
0.0194390769806273
 98
1
 10
81.89688591290728
 20
24.42864195021824
450
0
451
0
460
0.0
461
0.0
452
1
462
1.0
453
2
463
0
 63
5
421
255
463
1
 63
7
421
16777215
470
LINEAR
1001
ACAD
1010
0.0
1020
0.0
1030
0.0
  0
LWPOLYLINE
  5
D6A
330
1F
100
AcDbEntity
  8
0
 62
153
100
AcDbPolyline
 90
4
 70
1
 10
81.9853689284435
 20
24.66268958179606
 10
81.78536892844345
 20
24.66268958179606
 10
81.78536892844345
 20
24.26268958179608
 10
81.9853689284435
 20
24.26268958179608
  0
LINE
  5
D6C
330
1F
100
AcDbEntity
  8
WINDOW
100
AcDbLine
 10
80.58551358567823
 20
33.51680227537511
 30
3.3e-15
 11
80.58551358567917
 21
30.81680227537348
 31
5.7e-15
  0
LINE
  5
D6D
330
1F
100
AcDbEntity
  8
WINDOW
100
AcDbLine
 10
80.58551358567823
 20
33.21680227537493
 30
3.3e-15
 11
81.78551358567807
 21
33.21680227537493
 31
3.2e-15
  0
LINE
  5
D6E
330
1F
100
AcDbEntity
  8
WINDOW
100
AcDbLine
 10
80.58551358567823
 20
33.51680227537511
 30
3.3e-15
 11
81.78551358567807
 21
33.51680227537511
 31
3.2e-15
  0
LINE
  5
D6F
330
1F
100
AcDbEntity
  8
WINDOW
100
AcDbLine
 10
77.88555388961736
 20
31.41680227537384
 30
3.5e-15
 11
79.0855135856796
 21
31.41680227537384
 31
3.4e-15
  0
LINE
  5
D70
330
1F
100
AcDbEntity
  8
WINDOW
100
AcDbLine
 10
80.58551358567823
 20
32.91680227537475
 30
3.3e-15
 11
81.78551358567807
 21
32.91680227537475
 31
3.2e-15
  0
LINE
  5
D71
330
1F
100
AcDbEntity
  8
WINDOW
100
AcDbLine
 10
77.88555388961736
 20
31.11680227537366
 30
3.5e-15
 11
79.0855135856796
 21
31.11680227537366
 31
3.4e-15
  0
LINE
  5
D72
330
1F
100
AcDbEntity
  8
WINDOW
100
AcDbLine
 10
80.5855135856787
 20
32.61680227537457
 30
3.3e-15
 11
81.78551358567807
 21
32.61680227537457
 31
3.2e-15
  0
LINE
  5
D73
330
1F
100
AcDbEntity
  8
WINDOW
100
AcDbLine
 10
80.5855135856787
 20
32.31680227537438
 30
3.3e-15
 11
81.78551358567807
 21
32.31680227537438
 31
3.2e-15
  0
LINE
  5
D74
330
1F
100
AcDbEntity
  8
WINDOW
100
AcDbLine
 10
80.5855135856787
 20
32.01680227537375
 30
3.3e-15
 11
81.7855135856776
 21
32.0168022753742
 31
3.2e-15
  0
LINE
  5
D75
330
1F
100
AcDbEntity
  8
WINDOW
100
AcDbLine
 10
80.5855135856787
 20
31.71680227537402
 30
3.3e-15
 11
81.78555388961198
 21
31.71680227537448
 31
3.2e-15
  0
LINE
  5
D76
330
1F
100
AcDbEntity
  8
WINDOW
100
AcDbLine
 10
77.8855538896169
 20
31.41680227537384
 30
3.5e-15
 11
79.0855135856796
 21
31.4168022753743
 31
3.4e-15
  0
LINE
  5
D77
330
1F
100
AcDbEntity
  8
WINDOW
100
AcDbLine
 10
80.5855135856787
 20
31.41680227537384
 30
3.3e-15
 11
81.7855135856776
 21
31.41680227537384
 31
3.2e-15
  0
LINE
  5
D78
330
1F
100
AcDbEntity
  8
WINDOW
100
AcDbLine
 10
77.8855538896169
 20
31.11680227537366
 30
3.5e-15
 11
79.0855135856796
 21
31.11680227537411
 31
3.4e-15
  0
LINE
  5
D79
330
1F
100
AcDbEntity
  8
WINDOW
100
AcDbLine
 10
80.5855135856787
 20
31.11680227537366
 30
3.3e-15
 11
81.7855135856776
 21
31.11680227537366
 31
3.2e-15
  0
LINE
  5
D7A
330
1F
100
AcDbEntity
  8
WINDOW
100
AcDbLine
 10
79.0855135856796
 20
32.0168022753742
 30
3.4e-15
 11
79.0855135856796
 21
30.81680227537348
 31
3.7e-15
  0
LINE
  5
D7B
330
1F
100
AcDbEntity
  8
DIM-IN
 62
244
370
-2
100
AcDbLine
 10
78.48553373764848
 20
32.61680227537457
 30
3.4e-15
 11
78.48553373764848
 21
29.91680227537248
 31
3.4e-15
  0
LINE
  5
D7C
330
1F
100
AcDbEntity
  8
Dimention
 62
3
100
AcDbLine
 10
81.18551358567815
 20
29.91680227537339
 30
3.7e-15
 11
78.48553373764848
 21
29.91680227537293
 31
3.4e-15
  0
LINE
  5
D7D
330
1F
100
AcDbEntity
  8
DIM-IN
 62
244
370
-2
100
AcDbLine
 10
81.18551358567815
 20
33.51680227537511
 30
3.2e-15
 11
81.18551358567815
 21
29.91680227537293
 31
3.2e-15
  0
LINE
  5
D7E
330
1F
100
AcDbEntity
  8
DIM-IN
 62
244
370
-2
100
AcDbLine
 10
81.18551358567815
 20
33.51680227537511
 30
3.2e-15
 11
80.58551358567823
 21
33.21680227537493
 31
3.3e-15
  0
LINE
  5
D7F
330
1F
100
AcDbEntity
  8
DIM-IN
 62
244
370
-2
100
AcDbLine
 10
81.18551358567815
 20
33.51680227537511
 30
3.2e-15
 11
81.78551358567807
 21
33.21680227537493
 31
3.2e-15
  0
LINE
  5
D80
330
1F
100
AcDbEntity
  8
DIM-IN
 62
244
370
-2
100
AcDbLine
 10
78.41437204781327
 20
32.52546383373058
 30
1.7e-15
 11
78.41437204781327
 21
32.67434818416453
 31
1.7e-15
  0
LINE
  5
D81
330
1F
100
AcDbEntity
  8
DIM-IN
 62
244
370
-2
100
AcDbLine
 10
78.53686648091029
 20
32.53685771945541
 30
1.7e-15
 11
78.53686648091029
 21
32.69127988027552
 31
1.7e-15
  0
LWPOLYLINE
  5
D82
330
1F
100
AcDbEntity
  8
WINDOW
100
AcDbPolyline
 90
4
 70
0
 10
80.5855135856796
 20
33.51680227537511
 10
80.5855135856796
 20
30.81680227537348
 10
79.0855135856796
 20
30.81680227537348
 10
79.0855135856796
 20
33.51680227537466
  0
LWPOLYLINE
  5
D83
330
1F
100
AcDbEntity
  8
WINDOW
100
AcDbPolyline
 90
4
 70
0
 10
80.53551358567942
 20
33.46680227537493
 10
80.53551358567942
 20
30.86680227537366
 10
79.13551358567933
 20
30.86680227537366
 10
79.13551358567977
 20
33.46680227537448
  0
LWPOLYLINE
  5
D84
330
1F
100
AcDbEntity
  8
WINDOW
100
AcDbPolyline
 90
2
 70
0
 10
79.0855135856796
 20
32.0168022753742
 10
79.13551358567933
 20
32.0168022753742
  0
LINE
  5
D85
330
1F
100
AcDbEntity
  8
WINDOW
100
AcDbLine
 10
80.58551358567823
 20
33.51680227537466
 30
1.6e-15
 11
79.08551358568006
 21
33.51680227537466
 31
1.6e-15
  0
LINE
  5
D86
330
1F
100
AcDbEntity
  8
WINDOW
100
AcDbLine
 10
80.53551358567942
 20
33.46680227537493
 30
1.6e-15
 11
79.13551358567977
 21
33.46680227537448
 31
1.6e-15
  0
LINE
  5
D87
330
1F
100
AcDbEntity
  8
WINDOW
100
AcDbLine
 10
79.0855135856796
 20
32.61680227537457
 30
1.6e-15
 11
77.8855941935522
 21
32.61680227537411
 31
1.7e-15
  0
LINE
  5
D88
330
1F
100
AcDbEntity
  8
WINDOW
100
AcDbLine
 10
79.08551358568006
 20
32.31680227537438
 30
1.6e-15
 11
77.88559419355265
 21
32.31680227537393
 31
1.7e-15
  0
LINE
  5
D89
330
1F
100
AcDbEntity
  8
WINDOW
100
AcDbLine
 10
79.08551358568006
 20
32.0168022753742
 30
1.6e-15
 11
77.88559419355265
 21
32.01680227537375
 31
1.7e-15
  0
LINE
  5
D8A
330
1F
100
AcDbEntity
  8
WINDOW
100
AcDbLine
 10
79.08551358568006
 20
31.71680227537402
 30
1.6e-15
 11
77.88559419355265
 21
31.71680227537357
 31
1.7e-15
  0
LINE
  5
D8B
330
1F
100
AcDbEntity
  8
0
370
40
100
AcDbLine
 10
68.08805005457889
 20
16.06427651050106
 30
6.4e-15
 11
68.08805005457889
 21
15.6683976504195
 31
7.7e-15
  0
LINE
  5
D8C
330
1F
100
AcDbEntity
  8
0
370
40
100
AcDbLine
 10
67.88805005457884
 20
15.66839765041939
 30
1.05e-14
 11
68.08805005457889
 21
15.6683976504195
 31
8.1e-15
  0
LINE
  5
D8D
330
1F
100
AcDbEntity
  8
0
370
40
100
AcDbLine
 10
77.8831873555951
 20
16.06853969656421
 30
9.5e-15
 11
77.8831873555951
 21
15.6726608364826
 31
1.08e-14
  0
LINE
  5
D8E
330
1F
100
AcDbEntity
  8
0
 62
153
100
AcDbLine
 10
67.88313830731572
 20
15.66839765041939
 30
7.3e-15
 11
68.08313830731554
 21
15.66839765041939
 31
7.3e-15
  0
HATCH
  5
D8F
330
1F
100
AcDbEntity
  8
0
 62
153
100
AcDbHatch
 10
0.0
 20
0.0
 30
-6.8e-15
210
0.0
220
0.0
230
1.0
  2
SOLID
 70
1
 71
0
 91
1
 92
7
 72
0
 73
1
 93
4
 10
68.09050594081536
 20
16.06839808138332
 10
67.89050594081532
 20
16.06839808138321
 10
67.89050594081532
 20
15.66839808138334
 10
68.09050594081536
 20
15.66839808138334
 97
0
 75
0
 76
1
 47
0.0194390769806273
 98
1
 10
68.00202292527915
 20
15.8343504498055
450
0
451
0
460
0.0
461
0.0
452
1
462
1.0
453
2
463
0
 63
5
421
255
463
1
 63
7
421
16777215
470
LINEAR
1001
ACAD
1010
0.0
1020
0.0
1030
0.0
  0
LWPOLYLINE
  5
D90
330
1F
100
AcDbEntity
  8
0
 62
153
100
AcDbPolyline
 90
4
 70
1
 10
68.09050594081536
 20
16.06839808138332
 10
67.89050594081532
 20
16.06839808138332
 10
67.89050594081532
 20
15.66839808138334
 10
68.09050594081536
 20
15.66839808138334
  0
HATCH
  5
D91
330
1F
100
AcDbEntity
  8
0
 62
153
100
AcDbHatch
 10
0.0
 20
0.0
 30
-7.3e-15
210
0.0
220
0.0
230
1.0
  2
SOLID
 70
1
 71
0
 91
1
 92
7
 72
0
 73
1
 93
4
 10
72.08805005780236
 20
16.06839765041846
 10
71.88805005780254
 20
16.06839765041835
 10
71.88805005780254
 20
15.66839765041848
 10
72.08805005780236
 20
15.66839765041848
 97
0
 75
0
 76
1
 47
0.0194390769806273
 98
1
 10
71.99956704226638
 20
15.83435001884064
450
0
451
0
460
0.0
461
0.0
452
1
462
1.0
453
2
463
0
 63
5
421
255
463
1
 63
7
421
16777215
470
LINEAR
1001
ACAD
1010
0.0
1020
0.0
1030
0.0
  0
LWPOLYLINE
  5
D92
330
1F
100
AcDbEntity
  8
0
 62
153
100
AcDbPolyline
 90
4
 70
1
 10
72.08805005780236
 20
16.06839765041846
 10
71.88805005780254
 20
16.06839765041846
 10
71.88805005780254
 20
15.66839765041848
 10
72.08805005780236
 20
15.66839765041848
  0
HATCH
  5
D93
330
1F
100
AcDbEntity
  8
0
 62
153
100
AcDbHatch
 10
0.0
 20
0.0
 30
-1.97e-14
210
0.0
220
0.0
230
1.0
  2
SOLID
 70
1
 71
0
 91
1
 92
7
 72
0
 73
1
 93
4
 10
74.6905059408155
 20
16.06839808138287
 10
74.69050594081595
 20
15.86839808138282
 10
75.09050594081559
 20
15.86839808138282
 10
75.09050594081559
 20
16.06839808138287
 97
0
 75
0
 76
1
 47
0.0194390769806273
 98
1
 10
74.92455357239355
 20
15.97991506584665
450
0
451
0
460
0.0
461
0.0
452
1
462
1.0
453
2
463
0
 63
5
421
255
463
1
 63
7
421
16777215
470
LINEAR
1001
ACAD
1010
0.0
1020
0.0
1030
0.0
  0
LWPOLYLINE
  5
D94
330
1F
100
AcDbEntity
  8
0
 62
153
100
AcDbPolyline
 90
4
 70
1
 10
74.6905059408155
 20
16.06839808138287
 10
74.6905059408155
 20
15.86839808138282
 10
75.09050594081559
 20
15.86839808138282
 10
75.09050594081559
 20
16.06839808138287
  0
HATCH
  5
D95
330
1F
100
AcDbEntity
  8
0
 62
153
100
AcDbHatch
 10
0.0
 20
0.0
 30
-5.9e-15
210
0.0
220
0.0
230
1.0
  2
SOLID
 70
1
 71
0
 91
1
 92
7
 72
0
 73
1
 93
4
 10
77.88439078804394
 20
16.0725192212997
 10
77.6843907880439
 20
16.07251922129958
 10
77.6843907880439
 20
15.67251922129972
 10
77.88439078804394
 20
15.67251922129972
 97
0
 75
0
 76
1
 47
0.0194390769806273
 98
1
 10
77.79590777250773
 20
15.83847158972188
450
0
451
0
460
0.0
461
0.0
452
1
462
1.0
453
2
463
0
 63
5
421
255
463
1
 63
7
421
16777215
470
LINEAR
1001
ACAD
1010
0.0
1020
0.0
1030
0.0
  0
LWPOLYLINE
  5
D96
330
1F
100
AcDbEntity
  8
0
 62
153
100
AcDbPolyline
 90
4
 70
1
 10
77.88439078804394
 20
16.0725192212997
 10
77.6843907880439
 20
16.0725192212997
 10
77.6843907880439
 20
15.67251922129972
 10
77.88439078804394
 20
15.67251922129972
  0
LWPOLYLINE
  5
D97
330
1F
100
AcDbEntity
  8
0
 62
153
100
AcDbPolyline
 90
4
 70
1
 10
68.09050594081536
 20
16.06839808138332
 10
67.89050594081554
 20
16.06839808138332
 10
67.89050594081554
 20
15.66839808138334
 10
68.09050594081536
 20
15.66839808138334
  0
HATCH
  5
D98
330
1F
100
AcDbEntity
  8
0
 62
153
100
AcDbHatch
 10
0.0
 20
0.0
 30
-1.73e-14
210
0.0
220
0.0
230
1.0
  2
SOLID
 70
1
 71
0
 91
1
 92
7
 72
0
 73
1
 93
4
 10
77.88046364850838
 20
24.66268958179606
 10
77.68046364850834
 20
24.66268958179595
 10
77.68046364850834
 20
24.26268958179608
 10
77.88046364850838
 20
24.26268958179608
 97
0
 75
0
 76
1
 47
0.0194390769806273
 98
1
 10
77.79198063297217
 20
24.42864195021824
450
0
451
0
460
0.0
461
0.0
452
1
462
1.0
453
2
463
0
 63
5
421
255
463
1
 63
7
421
16777215
470
LINEAR
1001
ACAD
1010
0.0
1020
0.0
1030
0.0
  0
LWPOLYLINE
  5
D99
330
1F
100
AcDbEntity
  8
0
 62
153
100
AcDbPolyline
 90
4
 70
1
 10
77.88046364850838
 20
24.66268958179606
 10
77.68046364850834
 20
24.66268958179606
 10
77.68046364850834
 20
24.26268958179608
 10
77.88046364850838
 20
24.26268958179608
  0
TEXT
  5
D9A
330
1F
100
AcDbEntity
  8
wall
 62
7
420
16777215
100
AcDbText
 10
77.10841789327473
 20
24.33512606886595
 30
0.0
 40
0.2555652996806926
  1
C1
100
AcDbText
  0
HATCH
  5
D9B
330
1F
100
AcDbEntity
  8
0
 62
153
100
AcDbHatch
 10
0.0
 20
0.0
 30
-1.9e-14
210
0.0
220
0.0
230
1.0
  2
SOLID
 70
1
 71
0
 91
1
 92
7
 72
0
 73
1
 93
4
 10
68.0855941935527
 20
21.96453308977877
 10
67.88559419355242
 20
21.96453308977865
 10
67.88559419355242
 20
21.56453308977879
 10
68.0855941935527
 20
21.56453308977879
 97
0
 75
0
 76
1
 47
0.0194390769806273
 98
1
 10
67.99711117801625
 20
21.73048545820094
450
0
451
0
460
0.0
461
0.0
452
1
462
1.0
453
2
463
0
 63
5
421
255
463
1
 63
7
421
16777215
470
LINEAR
1001
ACAD
1010
0.0
1020
0.0
1030
0.0
  0
LWPOLYLINE
  5
D9C
330
1F
100
AcDbEntity
  8
0
 62
153
100
AcDbPolyline
 90
4
 70
1
 10
68.0855941935527
 20
21.96453308977877
 10
67.88559419355242
 20
21.96453308977877
 10
67.88559419355242
 20
21.56453308977879
 10
68.0855941935527
 20
21.56453308977879
  0
HATCH
  5
D9D
330
1F
100
AcDbEntity
  8
0
 62
153
100
AcDbHatch
 10
0.0
 20
0.0
 30
4.67e-14
210
0.0
220
0.0
230
1.0
  2
SOLID
 70
1
 71
0
 91
1
 92
7
 72
0
 73
1
 93
4
 10
68.08559419355292
 20
26.56680162229307
 10
67.88559419355265
 20
26.56680162229296
 10
67.88559419355265
 20
26.1668016222931
 10
68.08559419355292
 20
26.1668016222931
 97
0
 75
1
 76
1
 47
0.0194390769806273
 98
1
 10
67.99711117801648
 20
26.33275399071525
450
0
451
0
460
0.0
461
0.0
452
1
462
1.0
453
2
463
0
 63
5
421
255
463
1
 63
7
421
16777215
470
LINEAR
1001
ACAD
1010
0.0
1020
0.0
1030
0.0
  0
LWPOLYLINE
  5
D9E
330
1F
100
AcDbEntity
  8
0
 62
153
100
AcDbPolyline
 90
4
 70
1
 10
68.08559419355292
 20
26.56680162229307
 10
67.88559419355265
 20
26.56680162229307
 10
67.88559419355265
 20
26.1668016222931
 10
68.08559419355292
 20
26.1668016222931
  0
HATCH
  5
D9F
330
1F
100
AcDbEntity
  8
0
 62
153
100
AcDbHatch
 10
0.0
 20
0.0
 30
-1.9e-14
210
0.0
220
0.0
230
1.0
  2
SOLID
 70
1
 71
0
 91
1
 92
7
 72
0
 73
1
 93
4
 10
68.0855941935527
 20
21.96453308977877
 10
67.88559419355265
 20
21.96453308977865
 10
67.88559419355265
 20
21.56453308977879
 10
68.0855941935527
 20
21.56453308977879
 97
0
 75
0
 76
1
 47
0.0194390769806273
 98
1
 10
67.99711117801648
 20
21.73048545820094
450
0
451
0
460
0.0
461
0.0
452
1
462
1.0
453
2
463
0
 63
5
421
255
463
1
 63
7
421
16777215
470
LINEAR
1001
ACAD
1010
0.0
1020
0.0
1030
0.0
  0
LWPOLYLINE
  5
DA0
102
{ACAD_REACTORS
330
F5B
102
}
330
1F
100
AcDbEntity
  8
0
 62
153
100
AcDbPolyline
 90
4
 70
1
 10
68.0855941935527
 20
21.96453308977877
 10
67.88559419355265
 20
21.96453308977877
 10
67.88559419355265
 20
21.56453308977879
 10
68.0855941935527
 20
21.56453308977879
  0
HATCH
  5
DA1
330
1F
100
AcDbEntity
  8
0
 62
153
100
AcDbHatch
 10
0.0
 20
0.0
 30
4.67e-14
210
0.0
220
0.0
230
1.0
  2
SOLID
 70
1
 71
0
 91
1
 92
7
 72
0
 73
1
 93
4
 10
68.08559419355292
 20
26.56680162229307
 10
67.88559419355288
 20
26.56680162229296
 10
67.88559419355288
 20
26.1668016222931
 10
68.08559419355292
 20
26.1668016222931
 97
0
 75
1
 76
1
 47
0.0194390769806273
 98
1
 10
67.9971111780167
 20
26.33275399071525
450
0
451
0
460
0.0
461
0.0
452
1
462
1.0
453
2
463
0
 63
5
421
255
463
1
 63
7
421
16777215
470
LINEAR
1001
ACAD
1010
0.0
1020
0.0
1030
0.0
  0
LWPOLYLINE
  5
DA2
330
1F
100
AcDbEntity
  8
0
 62
153
100
AcDbPolyline
 90
4
 70
1
 10
68.08559419355292
 20
26.56680162229307
 10
67.88559419355288
 20
26.56680162229307
 10
67.88559419355288
 20
26.1668016222931
 10
68.08559419355292
 20
26.1668016222931
  0
TEXT
  5
DA3
330
1F
100
AcDbEntity
  8
wall
 62
7
420
16777215
100
AcDbText
 10
67.34433854063313
 20
21.56671694361441
 30
0.0
 40
0.2555652996806926
  1
C1
100
AcDbText
  0
TEXT
  5
DA4
330
1F
100
AcDbEntity
  8
wall
 62
7
420
16777215
100
AcDbText
 10
67.32961015880169
 20
26.20976970179512
 30
0.0
 40
0.2555652996806926
  1
C1
100
AcDbText
  0
HATCH
  5
DA5
330
1F
100
AcDbEntity
  8
0
 62
153
100
AcDbHatch
 10
0.0
 20
0.0
 30
-7.2e-15
210
0.0
220
0.0
230
1.0
  2
SOLID
 70
1
 71
0
 91
1
 92
7
 72
0
 73
1
 93
4
 10
77.88046364850838
 20
21.96453308977877
 10
77.68046364850834
 20
21.96453308977865
 10
77.68046364850834
 20
21.56453308977879
 10
77.88046364850838
 20
21.56453308977879
 97
0
 75
0
 76
1
 47
0.0194390769806273
 98
1
 10
77.79198063297217
 20
21.73048545820094
450
0
451
0
460
0.0
461
0.0
452
1
462
1.0
453
2
463
0
 63
5
421
255
463
1
 63
7
421
16777215
470
LINEAR
1001
ACAD
1010
0.0
1020
0.0
1030
0.0
  0
LWPOLYLINE
  5
DA6
102
{ACAD_REACTORS
330
F5B
102
}
330
1F
100
AcDbEntity
  8
0
 62
153
100
AcDbPolyline
 90
4
 70
1
 10
77.88046364850838
 20
21.96453308977877
 10
77.68046364850834
 20
21.96453308977877
 10
77.68046364850834
 20
21.56453308977879
 10
77.88046364850838
 20
21.56453308977879
  0
TEXT
  5
DA9
330
1F
100
AcDbEntity
  8
wall
 62
7
420
16777215
100
AcDbText
 10
78.15460643929354
 20
21.68698694952226
 30
-1.27e-14
 40
0.2555652996806926
  1
C1
100
AcDbText
  0
TEXT
  5
DB0
330
1F
100
AcDbEntity
  8
wall
 62
7
420
16777215
100
AcDbText
 10
77.58629138037126
 20
15.21332804145456
 30
0.0
 40
0.2555652996806926
  1
C1
100
AcDbText
  0
TEXT
  5
DB1
330
1F
100
AcDbEntity
  8
wall
 62
7
420
16777215
100
AcDbText
 10
74.72729456359323
 20
16.31269540813432
 30
-4.4e-15
 40
0.2555652996806926
  1
C1
100
AcDbText
  0
TEXT
  5
DB2
330
1F
100
AcDbEntity
  8
wall
 62
7
420
16777215
100
AcDbText
 10
71.85605069164971
 20
16.31269540813534
 30
-3.5e-15
 40
0.2555652996806926
  1
C1
100
AcDbText
  0
TEXT
  5
DB3
330
1F
100
AcDbEntity
  8
wall
 62
7
420
16777215
100
AcDbText
 10
67.91592275723
 20
15.04857498194403
 30
0.0
 40
0.2555652996806926
  1
C1
100
AcDbText
  0
MTEXT
  5
DB4
330
1F
100
AcDbEntity
  8
ST
100
AcDbMText
 10
91.27552314623043
 20
14.13978703287975
 30
0.0
 40
0.2555652996806926
 41
30.6976875
 46
0.0
 71
1
 72
5
  1
{\fTxt|b0|i0|c178|p2;جدول الأعمدة}
  0
MTEXT
  5
DB5
330
1F
100
AcDbEntity
  8
ST
100
AcDbMText
 10
95.35352496925366
 20
13.03321484555627
 30
0.0
 40
0.2555652996806926
 41
11.10404360444735
 46
0.0
 71
1
 72
5
  1
{\fTxt|b0|i0|c178|p2;الكانات}
  0
MTEXT
  5
DB6
330
1F
100
AcDbEntity
  8
ST
100
AcDbMText
 10
92.57858438573616
 20
13.03321484555627
 30
0.0
 40
0.2555652996806926
 41
11.10404360444735
 46
0.0
 71
1
 72
5
  1
{\fTxt|b0|i0|c178|p2;التسليح}
  0
MTEXT
  5
DB7
330
1F
100
AcDbEntity
  8
ST
100
AcDbMText
 10
90.09932322275817
 20
13.03321484555627
 30
0.0
 40
0.2555652996806926
 41
11.10404360444735
 46
0.0
 71
1
 72
5
  1
{\fTxt|b0|i0|c178|p2;أبعاد العمود}
  0
MTEXT
  5
DB8
330
1F
100
AcDbEntity
  8
ST
100
AcDbMText
 10
87.78688968449185
 20
13.03321484555627
 30
0.0
 40
0.2555652996806926
 41
11.10404360444735
 46
0.0
 71
1
 72
5
  1
{\fTxt|b0|i0|c178|p2;النموذج}
  0
LINE
  5
DB9
330
1F
100
AcDbEntity
  8
ST
100
AcDbLine
 10
87.33704971770571
 20
11.53930168459791
 30
0.0
 11
97.64954971770571
 21
11.53930168459791
 31
0.0
  0
LINE
  5
DBA
330
1F
100
AcDbEntity
  8
ST
100
AcDbLine
 10
87.33704971770571
 20
12.47680168459792
 30
0.0
 11
97.64954971770571
 21
12.47680168459792
 31
0.0
  0
LINE
  5
DBB
330
1F
100
AcDbEntity
  8
ST
100
AcDbLine
 10
94.83704971770571
 20
10.6018016845978
 30
0.0
 11
94.83704971770571
 21
13.41430168459792
 31
0.0
  0
LINE
  5
DBC
330
1F
100
AcDbEntity
  8
ST
100
AcDbLine
 10
92.02454971770571
 20
10.6018016845978
 30
0.0
 11
92.02454971770571
 21
13.41430168459792
 31
0.0
  0
LINE
  5
DBD
330
1F
100
AcDbEntity
  8
ST
100
AcDbLine
 10
89.21204971770571
 20
10.6018016845978
 30
0.0
 11
89.21204971770571
 21
13.41430168459792
 31
0.0
  0
LINE
  5
DBE
330
1F
100
AcDbEntity
  8
ST
100
AcDbLine
 10
87.33704971770571
 20
10.6018016845978
 30
0.0
 11
87.33704971770571
 21
13.41430168459792
 31
0.0
  0
LINE
  5
DBF
330
1F
100
AcDbEntity
  8
ST
100
AcDbLine
 10
87.33704971770571
 20
13.41430168459792
 30
0.0
 11
97.64954971770571
 21
13.41430168459792
 31
0.0
  0
TEXT
  5
DC0
330
1F
100
AcDbEntity
  8
ST
100
AcDbText
 10
88.0583582626869
 20
11.70187029604923
 30
0.0
 40
0.2555652996806926
  1
C1
100
AcDbText
  0
TEXT
  5
DC1
330
1F
100
AcDbEntity
  8
ST
100
AcDbText
 10
89.85649065309285
 20
11.79661135279352
 30
0.0
 40
0.2555652996806926
  1
20*40
100
AcDbText
  0
CIRCLE
  5
DC2
330
1F
100
AcDbEntity
  8
ST
100
AcDbCircle
 10
93.41352284392546
 20
11.9924814623341
 30
0.0
 40
0.1667801520086683
  0
LINE
  5
DC3
330
1F
100
AcDbEntity
  8
ST
100
AcDbLine
 10
93.15182645398276
 20
11.72407915173844
 30
0.0
 11
93.63532331719765
 21
12.21996553091671
 31
0.0
  0
TEXT
  5
DC4
330
1F
100
AcDbEntity
  8
ST
100
AcDbText
 10
92.90150426647965
 20
11.90253702911613
 30
0.0
 40
0.2555652996806926
  1
6  14
100
AcDbText
  0
TEXT
  5
DC5
330
1F
100
AcDbEntity
  8
ST
100
AcDbText
 10
95.4566993783174
 20
11.92172017695324
 30
0.0
 40
0.2555652996806926
  1
6/20 CM
100
AcDbText
  0
CIRCLE
  5
DC6
330
1F
100
AcDbEntity
  8
ST
100
AcDbCircle
 10
95.20245414703643
 20
12.10449904568745
 30
0.0
 40
0.1667801520086683
  0
LINE
  5
DC7
330
1F
100
AcDbEntity
  8
ST
100
AcDbLine
 10
94.94075775709373
 20
11.83609673509178
 30
0.0
 11
95.42425462030774
 21
12.33198311427006
 31
0.0
  0
LINE
  5
DC8
330
1F
100
AcDbEntity
  8
ST
100
AcDbLine
 10
97.64954971770571
 20
10.6018016845978
 30
0.0
 11
97.64954971770571
 21
13.41430168459792
 31
0.0
  0
LINE
  5
DC9
330
1F
100
AcDbEntity
  8
ST
100
AcDbLine
 10
94.94075775709373
 20
10.89859673509178
 30
0.0
 11
95.42425462030774
 21
11.39448311427006
 31
0.0
  0
CIRCLE
  5
DCA
330
1F
100
AcDbEntity
  8
ST
100
AcDbCircle
 10
95.202454147036
 20
11.16699904568733
 30
0.0
 40
0.1667801520086683
  0
TEXT
  5
DCB
330
1F
100
AcDbEntity
  8
ST
100
AcDbText
 10
95.4566993783174
 20
10.98422017695313
 30
0.0
 40
0.2555652996806926
  1
6/20 CM
100
AcDbText
  0
LINE
  5
DCC
330
1F
100
AcDbEntity
  8
ST
100
AcDbLine
 10
93.1454920661618
 20
10.86049857590009
 30
0.0
 11
93.62898892937669
 21
11.35638495507837
 31
0.0
  0
CIRCLE
  5
DCD
330
1F
100
AcDbEntity
  8
ST
100
AcDbCircle
 10
93.40718845610449
 20
11.12890088649587
 30
0.0
 40
0.1667801520086683
  0
TEXT
  5
DCE
330
1F
100
AcDbEntity
  8
ST
100
AcDbText
 10
88.0583582626869
 20
10.76437029604923
 30
0.0
 40
0.2555652996806926
  1
C2
100
AcDbText
  0
LINE
  5
DCF
330
1F
100
AcDbEntity
  8
ST
100
AcDbLine
 10
87.33704971770571
 20
10.6018016845978
 30
0.0
 11
97.64954971770571
 21
10.6018016845978
 31
0.0
  0
TEXT
  5
DD1
330
1F
100
AcDbEntity
  8
ST
100
AcDbText
 10
92.7574337713045
 20
10.9020669475262
 30
0.0
 40
0.2555652996806926
  1
12  14
100
AcDbText
  0
TEXT
  5
DD2
330
1F
100
AcDbEntity
  8
ST
100
AcDbText
 10
89.84714456666647
 20
11.01211964044327
 30
0.0
 40
0.2555652996806926
  1
20*40
100
AcDbText
  0
DIMENSION
  5
DD3
330
1F
100
AcDbEntity
  8
dimition
 62
40
420
16308017
100
AcDbDimension
280
0
  2
*D67
  3
Standard
 10
88.57559314945097
 20
19.37102101840176
 30
0.0
 11
87.93227118492163
 21
19.37102101840176
 31
0.0
 70
32
 71
5
 42
0.599999999999909
 73
0
 74
0
 75
0
100
AcDbAlignedDimension
 13
89.17559314945088
 23
19.56575036373218
 33
0.0
 14
88.57559314945097
 24
19.56575036373218
 34
0.0
 50
0.0
100
AcDbRotatedDimension
  0
DIMENSION
  5
E2B
102
{ACAD_XDICTIONARY
360
E39
102
}
102
{ACAD_REACTORS
330
E44
102
}
330
1F
100
AcDbEntity
  8
0
100
AcDbDimension
280
0
  2
*D72
  3
Standard
 10
81.78555388961198
 20
37.07079912355502
 30
0.0
 11
79.83557405505239
 21
37.07079912355502
 31
0.0
 70
32
 71
5
 42
3.899959669119198
 73
0
 74
0
 75
0
100
AcDbAlignedDimension
 13
77.88559422049279
 23
35.16680227515727
 33
0.0
 14
81.78555388961198
 24
35.16680227515727
 34
8.7e-15
 50
0.0
100
AcDbRotatedDimension
  0
DIMENSION
  5
F0E
102
{ACAD_XDICTIONARY
360
F1C
102
}
102
{ACAD_REACTORS
330
F27
102
}
330
1F
100
AcDbEntity
  8
0
100
AcDbDimension
280
0
  2
*D73
  3
Standard
 10
86.23198637476395
 20
29.3668022748776
 30
0.0
 11
86.23198637476393
 21
32.51622572963064
 31
0.0
 70
32
 71
5
 42
6.298846909506149
 73
0
 74
0
 75
0
100
AcDbAlignedDimension
 13
87.18555388970599
 23
35.66564918438374
 33
-8.53533717518e-05
 14
87.18555388970599
 24
29.36680227487759
 34
0.0
 50
90.0
100
AcDbRotatedDimension
  0
DIMENSION
  5
F28
102
{ACAD_XDICTIONARY
360
F36
102
}
102
{ACAD_REACTORS
330
F41
102
}
330
1F
100
AcDbEntity
  8
0
100
AcDbDimension
280
0
  2
*D74
  3
Standard
 10
86.76765400145943
 20
29.16618590114896
 30
0.0
 11
86.76765400145943
 21
24.66653412952152
 31
0.0
 70
32
 71
5
 42
8.999303543254811
 73
0
 74
0
 75
0
100
AcDbAlignedDimension
 13
88.87559313875936
 23
20.16688235789414
 33
0.0
 14
88.8756991693987
 24
29.16618590114895
 34
1.298947e-10
 50
90.0
100
AcDbRotatedDimension
  0
DIMENSION
  5
F42
102
{ACAD_XDICTIONARY
360
F50
102
}
102
{ACAD_REACTORS
330
F5B
102
}
330
1F
100
AcDbEntity
  8
0
100
AcDbDimension
280
0
  2
*D75
  3
Standard
 10
68.0855941935527
 20
22.96586567294702
 30
0.0
 11
72.88302892103052
 21
22.96586567294702
 31
0.0
 70
32
 71
5
 42
9.594869454955642
 73
0
 74
0
 75
0
100
AcDbAlignedDimension
 13
77.68046364850834
 23
21.76453308977878
 33
0.0
 14
68.0855941935527
 24
21.76453308977878
 34
0.0
 50
0.0
100
AcDbRotatedDimension
  0
DIMENSION
  5
F5C
102
{ACAD_XDICTIONARY
360
F6A
102
}
102
{ACAD_REACTORS
330
F75
102
}
330
1F
100
AcDbEntity
  8
0
100
AcDbDimension
280
0
  2
*D76
  3
Standard
 10
95.48559396568866
 20
23.03696892594286
 30
0.0
 11
88.7355739276515
 21
23.03696892594286
 31
0.0
 70
32
 71
5
 42
13.50004007607434
 73
0
 74
0
 75
0
100
AcDbAlignedDimension
 13
81.98555388961432
 23
22.96586567295045
 33
-2e-16
 14
95.48559396568866
 24
22.96586445575371
 34
-8e-16
 50
0.0
100
AcDbRotatedDimension
  0
DIMENSION
  5
F76
102
{ACAD_XDICTIONARY
360
F84
102
}
102
{ACAD_REACTORS
330
F8F
102
}
330
1F
100
AcDbEntity
  8
0
100
AcDbDimension
280
0
  2
*D77
  3
Standard
 10
77.68559419355147
 20
32.05343702866481
 30
0.0
 11
72.88559419355106
 21
32.05343702866481
 31
0.0
 70
32
 71
5
 42
9.600000000000819
 73
0
 74
0
 75
0
100
AcDbAlignedDimension
 13
68.08559419355065
 23
32.2168022757887
 33
-3.72e-14
 14
77.68559419355147
 24
32.26680227466918
 34
-4.14e-14
 50
0.0
100
AcDbRotatedDimension
  0
DIMENSION
  5
F90
102
{ACAD_XDICTIONARY
360
F9E
102
}
102
{ACAD_REACTORS
330
FA9
102
}
330
1F
100
AcDbEntity
  8
0
100
AcDbDimension
280
0
  2
*D78
  3
Standard
 10
80.70107029891977
 20
29.16664947521713
 30
0.0
 11
80.70107029891977
 21
26.66461705388831
 31
0.0
 70
32
 71
5
 42
5.004064842657566
 73
0
 74
0
 75
0
100
AcDbAlignedDimension
 13
81.2116051351225
 23
24.16258463255954
 33
-7.65e-14
 14
81.21493790425882
 24
29.16664947521711
 34
-7.22e-14
 50
90.0
100
AcDbRotatedDimension
  0
HATCH
  5
1045
330
1F
100
AcDbEntity
  8
ARCH-WALL-HATCH
 62
9
100
AcDbHatch
 10
0.0
 20
0.0
 30
0.0
210
0.0
220
0.0
230
1.0
  2
SOLID
 70
1
 71
0
 91
3
 92
3
 72
0
 73
1
 93
14
 10
122.88293312975753
 20
21.657478509854098
 10
122.88293312975753
 20
18.537017149471513
 10
125.55761429579975
 20
18.537017149471513
 10
125.55761429579975
 20
15.5738899753267
 10
126.00339449014012
 20
15.5738899753267
 10
126.00339449014012
 20
21.657478509854098
 10
124.82338809335678
 20
21.657478509854098
 10
124.82338809335678
 20
21.473921959243356
 10
125.58383666017271
 20
21.473921959243356
 10
125.58383666017271
 20
18.72057370008225
 10
123.06648968036828
 20
18.72057370008225
 10
123.06648968036828
 20
21.447699594870393
 10
123.80071588281123
 20
21.447699594870393
 10
123.80071588281123
 20
21.657478509854098
 97
0
 92
3
 72
0
 73
1
 93
44
 10
143.4674891625334
 20
35.58155399189741
 10
142.7594853244634
 20
35.58155399189741
 10
142.7594853244634
 20
35.843777635627035
 10
140.63547381025342
 20
35.843777635627035
 10
140.63547381025342
 20
35.58155399189741
 10
140.0061370653023
 20
35.58155399189741
 10
140.0061370653023
 20
35.843777635627035
 10
129.64830313798197
 20
35.843777635627035
 10
129.64830313798197
 20
35.08332906881111
 10
128.99274402865788
 20
35.08332906881111
 10
128.99274402865788
 20
34.821105425081484
 10
129.64830313798197
 20
34.821105425081484
 10
129.64830313798197
 20
30.441970574796674
 10
129.88430441733863
 20
30.441970574796674
 10
129.88430441733863
 20
35.68644344938926
 10
139.77013578594566
 20
35.68644344938926
 10
139.77013578594566
 20
35.319330348167775
 10
143.23148788317675
 20
35.319330348167775
 10
143.23148788317675
 20
29.13085235614853
 10
129.91052678171158
 20
29.13085235614853
 10
129.91052678171158
 20
29.34063127113223
 10
129.64830313798197
 20
29.34063127113223
 10
129.64830313798197
 20
29.157074720521493
 10
125.81983793952938
 20
29.157074720521493
 10
125.81983793952938
 20
34.76866069633556
 10
128.10118363997714
 20
34.76866069633556
 10
128.10118363997714
 20
35.05710670443815
 10
125.71494848203753
 20
35.05710670443815
 10
125.71494848203753
 20
35.135773797557036
 10
122.33226347792531
 20
35.135773797557036
 10
122.33226347792531
 20
35.34555271254074
 10
115.77667238468459
 20
35.34555271254074
 10
115.77667238468459
 20
30.809083676018155
 10
115.6193381984468
 20
30.809083676018155
 10
115.6193381984468
 20
27.16417502817631
 10
115.9077842065494
 20
27.16417502817631
 10
115.9077842065494
 20
20.477472113070768
 10
115.72422765593865
 20
20.477472113070768
 10
115.72422765593865
 20
15.5738899753267
 10
116.14378548590606
 20
15.5738899753267
 10
116.14378548590606
 20
27.400176307532977
 10
115.96022893529532
 20
27.400176307532977
 10
115.96022893529532
 20
28.947295805537788
 10
143.4674891625334
 20
28.947295805537788
 97
0
 92
2
 72
0
 73
1
 93
6
 10
115.96022893529532
 20
35.135773797557036
 10
122.09626219856864
 20
35.135773797557036
 10
122.09626219856864
 20
34.97843961131926
 10
125.58383666017271
 20
34.97843961131926
 10
125.58383666017271
 20
29.183297084894456
 10
115.96022893529532
 20
29.183297084894456
 97
0
 75
0
 76
1
 98
0
  0
LWPOLYLINE
  5
1046
330
1F
100
AcDbEntity
  8
ARCH-WALL
100
AcDbPolyline
 90
14
 70
1
 10
122.88293312975753
 20
21.657478509854098
 10
122.88293312975753
 20
18.537017149471513
 10
125.55761429579975
 20
18.537017149471513
 10
125.55761429579975
 20
15.5738899753267
 10
126.00339449014012
 20
15.5738899753267
 10
126.00339449014012
 20
21.657478509854098
 10
124.82338809335678
 20
21.657478509854098
 10
124.82338809335678
 20
21.473921959243356
 10
125.58383666017271
 20
21.473921959243356
 10
125.58383666017271
 20
18.72057370008225
 10
123.06648968036828
 20
18.72057370008225
 10
123.06648968036828
 20
21.447699594870393
 10
123.80071588281123
 20
21.447699594870393
 10
123.80071588281123
 20
21.657478509854098
  0
LWPOLYLINE
  5
1047
330
1F
100
AcDbEntity
  8
ARCH-WALL
100
AcDbPolyline
 90
44
 70
1
 10
143.4674891625334
 20
35.58155399189741
 10
142.7594853244634
 20
35.58155399189741
 10
142.7594853244634
 20
35.843777635627035
 10
140.63547381025342
 20
35.843777635627035
 10
140.63547381025342
 20
35.58155399189741
 10
140.0061370653023
 20
35.58155399189741
 10
140.0061370653023
 20
35.843777635627035
 10
129.64830313798197
 20
35.843777635627035
 10
129.64830313798197
 20
35.08332906881111
 10
128.99274402865788
 20
35.08332906881111
 10
128.99274402865788
 20
34.821105425081484
 10
129.64830313798197
 20
34.821105425081484
 10
129.64830313798197
 20
30.441970574796674
 10
129.88430441733863
 20
30.441970574796674
 10
129.88430441733863
 20
35.68644344938926
 10
139.77013578594566
 20
35.68644344938926
 10
139.77013578594566
 20
35.319330348167775
 10
143.23148788317675
 20
35.319330348167775
 10
143.23148788317675
 20
29.13085235614853
 10
129.91052678171158
 20
29.13085235614853
 10
129.91052678171158
 20
29.34063127113223
 10
129.64830313798197
 20
29.34063127113223
 10
129.64830313798197
 20
29.157074720521493
 10
125.81983793952938
 20
29.157074720521493
 10
125.81983793952938
 20
34.76866069633556
 10
128.10118363997714
 20
34.76866069633556
 10
128.10118363997714
 20
35.05710670443815
 10
125.71494848203753
 20
35.05710670443815
 10
125.71494848203753
 20
35.135773797557036
 10
122.33226347792531
 20
35.135773797557036
 10
122.33226347792531
 20
35.34555271254074
 10
115.77667238468459
 20
35.34555271254074
 10
115.77667238468459
 20
30.809083676018155
 10
115.6193381984468
 20
30.809083676018155
 10
115.6193381984468
 20
27.16417502817631
 10
115.9077842065494
 20
27.16417502817631
 10
115.9077842065494
 20
20.477472113070768
 10
115.72422765593865
 20
20.477472113070768
 10
115.72422765593865
 20
15.5738899753267
 10
116.14378548590606
 20
15.5738899753267
 10
116.14378548590606
 20
27.400176307532977
 10
115.96022893529532
 20
27.400176307532977
 10
115.96022893529532
 20
28.947295805537788
 10
143.4674891625334
 20
28.947295805537788
  0
LWPOLYLINE
  5
1048
330
1F
100
AcDbEntity
  8
ARCH-WALL
100
AcDbPolyline
 90
6
 70
1
 10
115.96022893529532
 20
35.135773797557036
 10
122.09626219856864
 20
35.135773797557036
 10
122.09626219856864
 20
34.97843961131926
 10
125.58383666017271
 20
34.97843961131926
 10
125.58383666017271
 20
29.183297084894456
 10
115.96022893529532
 20
29.183297084894456
  0
LINE
  5
1049
330
1F
100
AcDbEntity
  8
ARCH-STAIR
100
AcDbLine
 10
128.17985073309603
 20
35.07021788662463
 30
0.0
 11
128.94029929991197
 21
35.07021788662463
 31
0.0
  0
LINE
  5
104A
330
1F
100
AcDbEntity
  8
ARCH-STAIR
100
AcDbLine
 10
128.17985073309603
 20
34.807994242895
 30
0.0
 11
128.94029929991197
 21
34.807994242895
 31
0.0
  0
LINE
  5
104B
330
1F
100
AcDbEntity
  8
ARCH-STAIR
100
AcDbLine
 10
126.42295232010753
 20
34.06065685826556
 30
0.0
 11
127.18340088692345
 21
34.06065685826556
 31
0.0
  0
LINE
  5
104C
330
1F
100
AcDbEntity
  8
ARCH-STAIR
100
AcDbLine
 10
127.23584561566938
 20
34.06065685826556
 30
0.0
 11
127.47184689502605
 21
34.06065685826556
 31
0.0
  0
LINE
  5
104D
330
1F
100
AcDbEntity
  8
ARCH-STAIR
100
AcDbLine
 10
127.498069259399
 20
34.06065685826556
 30
0.0
 11
127.73407053875567
 21
34.06065685826556
 31
0.0
  0
LINE
  5
104E
330
1F
100
AcDbEntity
  8
ARCH-STAIR
100
AcDbLine
 10
127.76029290312863
 20
34.06065685826556
 30
0.0
 11
128.02251654685827
 21
34.06065685826556
 31
0.0
  0
LINE
  5
104F
330
1F
100
AcDbEntity
  8
ARCH-STAIR
100
AcDbLine
 10
128.04873891123123
 20
34.06065685826556
 30
0.0
 11
129.04518875740382
 21
34.06065685826556
 31
0.0
  0
LINE
  5
1050
330
1F
100
AcDbEntity
  8
ARCH-STAIR
100
AcDbLine
 10
125.8722826682753
 20
33.391986566755
 30
0.0
 11
126.42295232010753
 21
33.391986566755
 31
0.0
  0
LINE
  5
1051
330
1F
100
AcDbEntity
  8
ARCH-STAIR
100
AcDbLine
 10
126.44917468448048
 20
33.391986566755
 30
0.0
 11
127.02606670068567
 21
33.391986566755
 31
0.0
  0
LINE
  5
1052
330
1F
100
AcDbEntity
  8
ARCH-STAIR
100
AcDbLine
 10
126.9998443363127
 20
33.28709710926315
 30
0.0
 11
128.46829674119863
 21
33.28709710926315
 31
0.0
  0
LINE
  5
1053
330
1F
100
AcDbEntity
  8
ARCH-STAIR
100
AcDbLine
 10
125.8722826682753
 20
33.129762923025375
 30
0.0
 11
126.42295232010753
 21
33.129762923025375
 31
0.0
  0
LINE
  5
1054
330
1F
100
AcDbEntity
  8
ARCH-STAIR
100
AcDbLine
 10
126.44917468448048
 20
33.129762923025375
 30
0.0
 11
127.02606670068567
 21
33.129762923025375
 31
0.0
  0
LINE
  5
1055
330
1F
100
AcDbEntity
  8
ARCH-STAIR
100
AcDbLine
 10
128.41585201245272
 20
33.07731819427945
 30
0.0
 11
129.01896639303087
 21
33.07731819427945
 31
0.0
  0
LINE
  5
1056
330
1F
100
AcDbEntity
  8
ARCH-STAIR
100
AcDbLine
 10
129.04518875740382
 20
33.07731819427945
 30
0.0
 11
129.59585840923603
 21
33.07731819427945
 31
0.0
  0
LINE
  5
1057
330
1F
100
AcDbEntity
  8
ARCH-STAIR
100
AcDbLine
 10
125.8722826682753
 20
32.841316914922785
 30
0.0
 11
126.39672995573456
 21
32.841316914922785
 31
0.0
  0
LINE
  5
1058
330
1F
100
AcDbEntity
  8
ARCH-STAIR
100
AcDbLine
 10
126.44917468448048
 20
32.841316914922785
 30
0.0
 11
127.02606670068567
 21
32.841316914922785
 31
0.0
  0
LINE
  5
1059
330
1F
100
AcDbEntity
  8
ARCH-STAIR
100
AcDbLine
 10
128.41585201245272
 20
32.78887218617685
 30
0.0
 11
129.01896639303087
 21
32.78887218617685
 31
0.0
  0
LINE
  5
105A
330
1F
100
AcDbEntity
  8
ARCH-STAIR
100
AcDbLine
 10
129.04518875740382
 20
32.78887218617685
 30
0.0
 11
129.59585840923603
 21
32.78887218617685
 31
0.0
  0
LINE
  5
105B
330
1F
100
AcDbEntity
  8
ARCH-STAIR
100
AcDbLine
 10
125.8722826682753
 20
32.565982089006674
 30
0.0
 11
126.39672995573456
 21
32.565982089006674
 31
0.0
  0
LINE
  5
105C
330
1F
100
AcDbEntity
  8
ARCH-STAIR
100
AcDbLine
 10
126.44917468448048
 20
32.565982089006674
 30
0.0
 11
127.02606670068567
 21
32.565982089006674
 31
0.0
  0
LINE
  5
105D
330
1F
100
AcDbEntity
  8
ARCH-STAIR
100
AcDbLine
 10
128.41585201245272
 20
32.52664854244723
 30
0.0
 11
129.01896639303087
 21
32.52664854244723
 31
0.0
  0
LINE
  5
105E
330
1F
100
AcDbEntity
  8
ARCH-STAIR
100
AcDbLine
 10
129.04518875740382
 20
32.52664854244723
 30
0.0
 11
129.59585840923603
 21
32.52664854244723
 31
0.0
  0
LINE
  5
105F
330
1F
100
AcDbEntity
  8
ARCH-STAIR
100
AcDbLine
 10
125.8722826682753
 20
32.29064726309056
 30
0.0
 11
126.39672995573456
 21
32.29064726309056
 31
0.0
  0
LINE
  5
1060
330
1F
100
AcDbEntity
  8
ARCH-STAIR
100
AcDbLine
 10
126.44917468448048
 20
32.29064726309056
 30
0.0
 11
127.02606670068567
 21
32.29064726309056
 31
0.0
  0
LINE
  5
1061
330
1F
100
AcDbEntity
  8
ARCH-STAIR
100
AcDbLine
 10
128.41585201245272
 20
32.23820253434464
 30
0.0
 11
129.01896639303087
 21
32.23820253434464
 31
0.0
  0
LINE
  5
1062
330
1F
100
AcDbEntity
  8
ARCH-STAIR
100
AcDbLine
 10
129.04518875740382
 20
32.23820253434464
 30
0.0
 11
129.59585840923603
 21
32.23820253434464
 31
0.0
  0
LINE
  5
1063
330
1F
100
AcDbEntity
  8
ARCH-STAIR
100
AcDbLine
 10
125.8722826682753
 20
32.002201254987966
 30
0.0
 11
126.42295232010753
 21
32.002201254987966
 31
0.0
  0
LINE
  5
1064
330
1F
100
AcDbEntity
  8
ARCH-STAIR
100
AcDbLine
 10
126.44917468448048
 20
32.002201254987966
 30
0.0
 11
127.02606670068567
 21
32.002201254987966
 31
0.0
  0
LINE
  5
1065
330
1F
100
AcDbEntity
  8
ARCH-STAIR
100
AcDbLine
 10
128.41585201245272
 20
31.962867708428526
 30
0.0
 11
129.01896639303087
 21
31.962867708428526
 31
0.0
  0
LINE
  5
1066
330
1F
100
AcDbEntity
  8
ARCH-STAIR
100
AcDbLine
 10
129.07141112177678
 20
31.962867708428526
 30
0.0
 11
129.59585840923603
 21
31.962867708428526
 31
0.0
  0
LINE
  5
1067
330
1F
100
AcDbEntity
  8
ARCH-STAIR
100
AcDbLine
 10
125.8722826682753
 20
31.73997761125834
 30
0.0
 11
126.42295232010753
 21
31.73997761125834
 31
0.0
  0
LINE
  5
1068
330
1F
100
AcDbEntity
  8
ARCH-STAIR
100
AcDbLine
 10
126.44917468448048
 20
31.73997761125834
 30
0.0
 11
127.02606670068567
 21
31.73997761125834
 31
0.0
  0
LINE
  5
1069
330
1F
100
AcDbEntity
  8
ARCH-STAIR
100
AcDbLine
 10
128.41585201245272
 20
31.687532882512414
 30
0.0
 11
129.01896639303087
 21
31.687532882512414
 31
0.0
  0
LINE
  5
106A
330
1F
100
AcDbEntity
  8
ARCH-STAIR
100
AcDbLine
 10
129.04518875740382
 20
31.687532882512414
 30
0.0
 11
129.59585840923603
 21
31.687532882512414
 31
0.0
  0
LINE
  5
106B
330
1F
100
AcDbEntity
  8
ARCH-STAIR
100
AcDbLine
 10
125.8722826682753
 20
31.451531603155747
 30
0.0
 11
126.39672995573456
 21
31.451531603155747
 31
0.0
  0
LINE
  5
106C
330
1F
100
AcDbEntity
  8
ARCH-STAIR
100
AcDbLine
 10
126.44917468448048
 20
31.451531603155747
 30
0.0
 11
127.02606670068567
 21
31.451531603155747
 31
0.0
  0
LINE
  5
106D
330
1F
100
AcDbEntity
  8
ARCH-STAIR
100
AcDbLine
 10
128.41585201245272
 20
31.412198056596303
 30
0.0
 11
129.01896639303087
 21
31.412198056596303
 31
0.0
  0
LINE
  5
106E
330
1F
100
AcDbEntity
  8
ARCH-STAIR
100
AcDbLine
 10
129.07141112177678
 20
31.412198056596303
 30
0.0
 11
129.59585840923603
 21
31.412198056596303
 31
0.0
  0
LINE
  5
106F
330
1F
100
AcDbEntity
  8
ARCH-STAIR
100
AcDbLine
 10
125.8722826682753
 20
31.17619677723964
 30
0.0
 11
126.39672995573456
 21
31.17619677723964
 31
0.0
  0
LINE
  5
1070
330
1F
100
AcDbEntity
  8
ARCH-STAIR
100
AcDbLine
 10
126.44917468448048
 20
31.17619677723964
 30
0.0
 11
127.02606670068567
 21
31.17619677723964
 31
0.0
  0
LINE
  5
1071
330
1F
100
AcDbEntity
  8
ARCH-STAIR
100
AcDbLine
 10
128.41585201245272
 20
31.13686323068019
 30
0.0
 11
129.01896639303087
 21
31.13686323068019
 31
0.0
  0
LINE
  5
1072
330
1F
100
AcDbEntity
  8
ARCH-STAIR
100
AcDbLine
 10
129.04518875740382
 20
31.13686323068019
 30
0.0
 11
129.59585840923603
 21
31.13686323068019
 31
0.0
  0
LINE
  5
1073
330
1F
100
AcDbEntity
  8
ARCH-STAIR
100
AcDbLine
 10
125.8722826682753
 20
30.900861951323527
 30
0.0
 11
126.42295232010753
 21
30.900861951323527
 31
0.0
  0
LINE
  5
1074
330
1F
100
AcDbEntity
  8
ARCH-STAIR
100
AcDbLine
 10
126.44917468448048
 20
30.900861951323527
 30
0.0
 11
127.02606670068567
 21
30.900861951323527
 31
0.0
  0
LINE
  5
1075
330
1F
100
AcDbEntity
  8
ARCH-STAIR
100
AcDbLine
 10
128.41585201245272
 20
30.86152840476408
 30
0.0
 11
129.01896639303087
 21
30.86152840476408
 31
0.0
  0
LINE
  5
1076
330
1F
100
AcDbEntity
  8
ARCH-STAIR
100
AcDbLine
 10
129.07141112177678
 20
30.86152840476408
 30
0.0
 11
129.59585840923603
 21
30.86152840476408
 31
0.0
  0
LINE
  5
1077
330
1F
100
AcDbEntity
  8
ARCH-STAIR
100
AcDbLine
 10
126.9998443363127
 20
30.691083036339823
 30
0.0
 11
129.01896639303087
 21
30.691083036339823
 31
0.0
  0
LINE
  5
1078
330
1F
100
AcDbEntity
  8
ARCH-STAIR
100
AcDbLine
 10
129.04518875740382
 20
30.691083036339823
 30
0.0
 11
129.59585840923603
 21
30.691083036339823
 31
0.0
  0
LINE
  5
1079
330
1F
100
AcDbEntity
  8
ARCH-RAIL
100
AcDbLine
 10
141.31725528395046
 20
28.8686287124189
 30
0.0
 11
141.55325656330712
 21
28.8686287124189
 31
0.0
  0
LINE
  5
107A
330
1F
100
AcDbEntity
  8
ARCH-RAIL
100
AcDbLine
 10
141.31725528395046
 20
28.029513052484084
 30
0.0
 11
141.55325656330712
 21
28.029513052484084
 31
0.0
  0
LINE
  5
107B
330
1F
100
AcDbEntity
  8
ARCH-RAIL
100
AcDbLine
 10
141.31725528395046
 20
27.16417502817631
 30
0.0
 11
141.55325656330712
 21
27.16417502817631
 31
0.0
  0
LINE
  5
107C
330
1F
100
AcDbEntity
  8
ARCH-RAIL
100
AcDbLine
 10
141.31725528395046
 20
27.111730299430384
 30
0.0
 11
141.55325656330712
 21
27.111730299430384
 31
0.0
  0
LINE
  5
107D
330
1F
100
AcDbEntity
  8
ARCH-RAIL
100
AcDbLine
 10
141.31725528395046
 20
27.05928557068446
 30
0.0
 11
141.55325656330712
 21
27.05928557068446
 31
0.0
  0
LINE
  5
107E
330
1F
100
AcDbEntity
  8
ARCH-RAIL
100
AcDbLine
 10
141.31725528395046
 20
26.20705872856316
 30
0.0
 11
141.55325656330712
 21
26.20705872856316
 31
0.0
  0
LINE
  5
107F
330
1F
100
AcDbEntity
  8
ARCH-RAIL
100
AcDbLine
 10
141.31725528395046
 20
25.354831886441872
 30
0.0
 11
141.55325656330712
 21
25.354831886441872
 31
0.0
  0
LINE
  5
1080
330
1F
100
AcDbEntity
  8
ARCH-RAIL
100
AcDbLine
 10
141.31725528395046
 20
25.302387157695943
 30
0.0
 11
141.55325656330712
 21
25.302387157695943
 31
0.0
  0
LINE
  5
1081
330
1F
100
AcDbEntity
  8
ARCH-RAIL
100
AcDbLine
 10
141.31725528395046
 20
25.249942428950018
 30
0.0
 11
141.55325656330712
 21
25.249942428950018
 31
0.0
  0
LINE
  5
1082
330
1F
100
AcDbEntity
  8
ARCH-RAIL
100
AcDbLine
 10
141.31725528395046
 20
24.38460440464224
 30
0.0
 11
141.55325656330712
 21
24.38460440464224
 31
0.0
  0
LINE
  5
1083
330
1F
100
AcDbEntity
  8
ARCH-RAIL
100
AcDbLine
 10
141.31725528395046
 20
23.545488744707427
 30
0.0
 11
141.55325656330712
 21
23.545488744707427
 31
0.0
  0
LINE
  5
1084
330
1F
100
AcDbEntity
  8
ARCH-RAIL
100
AcDbLine
 10
141.31725528395046
 20
23.4930440159615
 30
0.0
 11
141.55325656330712
 21
23.4930440159615
 31
0.0
  0
LINE
  5
1085
330
1F
100
AcDbEntity
  8
ARCH-RAIL
100
AcDbLine
 10
141.31725528395046
 20
23.440599287215576
 30
0.0
 11
141.55325656330712
 21
23.440599287215576
 31
0.0
  0
LINE
  5
1086
330
1F
100
AcDbEntity
  8
ARCH-RAIL
100
AcDbLine
 10
141.31725528395046
 20
22.5752612629078
 30
0.0
 11
141.55325656330712
 21
22.5752612629078
 31
0.0
  0
LINE
  5
1087
330
1F
100
AcDbEntity
  8
ARCH-RAIL
100
AcDbLine
 10
141.31725528395046
 20
21.73614560297299
 30
0.0
 11
141.55325656330712
 21
21.73614560297299
 31
0.0
  0
LINE
  5
1088
330
1F
100
AcDbEntity
  8
ARCH-RAIL
100
AcDbLine
 10
123.87938297593013
 20
21.67058969204058
 30
0.0
 11
124.77094336461086
 21
21.67058969204058
 31
0.0
  0
LINE
  5
1089
330
1F
100
AcDbEntity
  8
ARCH-RAIL
100
AcDbLine
 10
126.082061583259
 20
21.67058969204058
 30
0.0
 11
141.55325656330712
 21
21.67058969204058
 31
0.0
  0
LINE
  5
108A
330
1F
100
AcDbEntity
  8
ARCH-RAIL
100
AcDbLine
 10
126.082061583259
 20
21.57881141673521
 30
0.0
 11
141.55325656330712
 21
21.57881141673521
 31
0.0
  0
LINE
  5
108B
330
1F
100
AcDbEntity
  8
ARCH-RAIL
100
AcDbLine
 10
126.082061583259
 20
21.48703314142984
 30
0.0
 11
141.55325656330712
 21
21.48703314142984
 31
0.0
  0
LINE
  5
108C
330
1F
100
AcDbEntity
  8
ARCH-ELEV
100
AcDbLine
 10
123.87938297593013
 20
21.460810777056878
 30
0.0
 11
124.77094336461086
 21
21.460810777056878
 31
0.0
  0
LINE
  5
108D
330
1F
100
AcDbEntity
  8
ARCH-RAIL
100
AcDbLine
 10
126.082061583259
 20
19.41546635596577
 30
0.0
 11
143.7034904418901
 21
19.41546635596577
 31
0.0
  0
LINE
  5
108E
330
1F
100
AcDbEntity
  8
ARCH-RAIL
100
AcDbLine
 10
138.01323737295712
 20
18.655017789149845
 30
0.0
 11
142.26126040137711
 21
18.655017789149845
 31
0.0
  0
LINE
  5
108F
330
1F
100
AcDbEntity
  8
ARCH-RAIL
100
AcDbLine
 10
116.22245257902495
 20
18.52390596728503
 30
0.0
 11
122.8304884010116
 21
18.52390596728503
 31
0.0
  0
LINE
  5
1090
330
1F
100
AcDbEntity
  8
ARCH-RAIL
100
AcDbLine
 10
116.22245257902495
 20
18.419016509793178
 30
0.0
 11
125.53139193142678
 21
18.419016509793178
 31
0.0
  0
LINE
  5
1091
330
1F
100
AcDbEntity
  8
ARCH-RAIL
100
AcDbLine
 10
116.22245257902495
 20
18.34034941667429
 30
0.0
 11
125.53139193142678
 21
18.34034941667429
 31
0.0
  0
LINE
  5
1092
330
1F
100
AcDbEntity
  8
ARCH-RAIL
100
AcDbLine
 10
116.22245257902495
 20
15.56077879314022
 30
0.0
 11
125.53139193142678
 21
15.56077879314022
 31
0.0
  0
LINE
  5
1093
330
1F
100
AcDbEntity
  8
ARCH-RAIL
100
AcDbLine
 10
116.93045641709494
 20
18.537017149471513
 30
0.0
 11
116.93045641709494
 21
18.301015870114846
 31
0.0
  0
LINE
  5
1094
330
1F
100
AcDbEntity
  8
ARCH-RAIL
100
AcDbLine
 10
117.71712734828384
 20
18.537017149471513
 30
0.0
 11
117.71712734828384
 21
18.301015870114846
 31
0.0
  0
LINE
  5
1095
330
1F
100
AcDbEntity
  8
ARCH-RAIL
100
AcDbLine
 10
118.4513535507268
 20
18.537017149471513
 30
0.0
 11
118.4513535507268
 21
18.301015870114846
 31
0.0
  0
LINE
  5
1096
330
1F
100
AcDbEntity
  8
ARCH-RAIL
100
AcDbLine
 10
118.50379827947272
 20
18.537017149471513
 30
0.0
 11
118.50379827947272
 21
18.301015870114846
 31
0.0
  0
LINE
  5
1097
330
1F
100
AcDbEntity
  8
ARCH-RAIL
100
AcDbLine
 10
118.55624300821864
 20
18.537017149471513
 30
0.0
 11
118.55624300821864
 21
18.301015870114846
 31
0.0
  0
LINE
  5
1098
330
1F
100
AcDbEntity
  8
ARCH-RAIL
100
AcDbLine
 10
119.23802448191569
 20
18.537017149471513
 30
0.0
 11
119.23802448191569
 21
18.301015870114846
 31
0.0
  0
LINE
  5
1099
330
1F
100
AcDbEntity
  8
ARCH-RAIL
100
AcDbLine
 10
119.29046921066161
 20
18.537017149471513
 30
0.0
 11
119.29046921066161
 21
18.301015870114846
 31
0.0
  0
LINE
  5
109A
330
1F
100
AcDbEntity
  8
ARCH-RAIL
100
AcDbLine
 10
119.34291393940754
 20
18.537017149471513
 30
0.0
 11
119.34291393940754
 21
18.301015870114846
 31
0.0
  0
LINE
  5
109B
330
1F
100
AcDbEntity
  8
ARCH-RAIL
100
AcDbLine
 10
120.07714014185049
 20
18.537017149471513
 30
0.0
 11
120.07714014185049
 21
18.301015870114846
 31
0.0
  0
LINE
  5
109C
330
1F
100
AcDbEntity
  8
ARCH-RAIL
100
AcDbLine
 10
120.86381107303939
 20
18.537017149471513
 30
0.0
 11
120.86381107303939
 21
18.301015870114846
 31
0.0
  0
LINE
  5
109D
330
1F
100
AcDbEntity
  8
ARCH-RAIL
100
AcDbLine
 10
121.65048200422828
 20
18.537017149471513
 30
0.0
 11
121.65048200422828
 21
18.301015870114846
 31
0.0
  0
LINE
  5
109E
330
1F
100
AcDbEntity
  8
ARCH-RAIL
100
AcDbLine
 10
122.42404175323068
 20
18.537017149471513
 30
0.0
 11
122.42404175323068
 21
18.301015870114846
 31
0.0
  0
LINE
  5
109F
330
1F
100
AcDbEntity
  8
ARCH-RAIL
100
AcDbLine
 10
126.10828394763197
 20
21.68370087422706
 30
0.0
 11
126.10828394763197
 21
21.447699594870393
 31
0.0
  0
LINE
  5
10A0
330
1F
100
AcDbEntity
  8
ARCH-STAIR
100
AcDbLine
 10
126.39672995573456
 20
34.0344344938926
 30
0.0
 11
126.39672995573456
 21
33.405097748941486
 31
0.0
  0
LINE
  5
10A1
330
1F
100
AcDbEntity
  8
ARCH-STAIR
100
AcDbLine
 10
126.39672995573456
 20
33.37887538456852
 30
0.0
 11
126.39672995573456
 21
33.11665174083889
 31
0.0
  0
LINE
  5
10A2
330
1F
100
AcDbEntity
  8
ARCH-STAIR
100
AcDbLine
 10
126.39672995573456
 20
33.09042937646593
 30
0.0
 11
126.39672995573456
 21
32.85442809710926
 31
0.0
  0
LINE
  5
10A3
330
1F
100
AcDbEntity
  8
ARCH-STAIR
100
AcDbLine
 10
126.39672995573456
 20
32.80198336836334
 30
0.0
 11
126.39672995573456
 21
32.565982089006674
 31
0.0
  0
LINE
  5
10A4
330
1F
100
AcDbEntity
  8
ARCH-STAIR
100
AcDbLine
 10
126.39672995573456
 20
32.53975972463371
 30
0.0
 11
126.39672995573456
 21
32.30375844527704
 31
0.0
  0
LINE
  5
10A5
330
1F
100
AcDbEntity
  8
ARCH-STAIR
100
AcDbLine
 10
126.39672995573456
 20
32.251313716531115
 30
0.0
 11
126.39672995573456
 21
32.01531243717445
 31
0.0
  0
LINE
  5
10A6
330
1F
100
AcDbEntity
  8
ARCH-STAIR
100
AcDbLine
 10
126.39672995573456
 20
31.98909007280149
 30
0.0
 11
126.39672995573456
 21
31.72686642907186
 31
0.0
  0
LINE
  5
10A7
330
1F
100
AcDbEntity
  8
ARCH-STAIR
100
AcDbLine
 10
126.39672995573456
 20
31.700644064698896
 30
0.0
 11
126.39672995573456
 21
31.464642785342228
 31
0.0
  0
LINE
  5
10A8
330
1F
100
AcDbEntity
  8
ARCH-STAIR
100
AcDbLine
 10
126.39672995573456
 20
31.412198056596303
 30
0.0
 11
126.39672995573456
 21
31.17619677723964
 31
0.0
  0
LINE
  5
10A9
330
1F
100
AcDbEntity
  8
ARCH-STAIR
100
AcDbLine
 10
126.39672995573456
 20
31.149974412866673
 30
0.0
 11
126.39672995573456
 21
30.94019549788297
 31
0.0
  0
LINE
  5
10AA
330
1F
100
AcDbEntity
  8
ARCH-RAIL
100
AcDbLine
 10
126.8556213322614
 20
21.68370087422706
 30
0.0
 11
126.8556213322614
 21
21.447699594870393
 31
0.0
  0
LINE
  5
10AB
330
1F
100
AcDbEntity
  8
ARCH-STAIR
100
AcDbLine
 10
126.9998443363127
 20
33.405097748941486
 30
0.0
 11
126.9998443363127
 21
30.65174948978038
 31
0.0
  0
LINE
  5
10AC
330
1F
100
AcDbEntity
  8
ARCH-STAIR
100
AcDbLine
 10
127.19651206910993
 20
34.742438331962596
 30
0.0
 11
127.19651206910993
 21
34.06065685826556
 31
0.0
  0
LINE
  5
10AD
330
1F
100
AcDbEntity
  8
ARCH-STAIR
100
AcDbLine
 10
127.19651206910993
 20
34.008212129519634
 30
0.0
 11
127.19651206910993
 21
33.24776356270371
 31
0.0
  0
LINE
  5
10AE
330
1F
100
AcDbEntity
  8
ARCH-STAIR
100
AcDbLine
 10
127.47184689502605
 20
34.742438331962596
 30
0.0
 11
127.47184689502605
 21
34.06065685826556
 31
0.0
  0
LINE
  5
10AF
330
1F
100
AcDbEntity
  8
ARCH-STAIR
100
AcDbLine
 10
127.47184689502605
 20
34.008212129519634
 30
0.0
 11
127.47184689502605
 21
33.24776356270371
 31
0.0
  0
LINE
  5
10B0
330
1F
100
AcDbEntity
  8
ARCH-RAIL
100
AcDbLine
 10
127.65540344563678
 20
21.68370087422706
 30
0.0
 11
127.65540344563678
 21
21.447699594870393
 31
0.0
  0
LINE
  5
10B1
330
1F
100
AcDbEntity
  8
ARCH-STAIR
100
AcDbLine
 10
127.74718172094215
 20
34.742438331962596
 30
0.0
 11
127.74718172094215
 21
34.0344344938926
 31
0.0
  0
LINE
  5
10B2
330
1F
100
AcDbEntity
  8
ARCH-STAIR
100
AcDbLine
 10
127.74718172094215
 20
34.008212129519634
 30
0.0
 11
127.74718172094215
 21
33.24776356270371
 31
0.0
  0
LINE
  5
10B3
330
1F
100
AcDbEntity
  8
ARCH-STAIR
100
AcDbLine
 10
128.00940536467178
 20
34.742438331962596
 30
0.0
 11
128.00940536467178
 21
34.0344344938926
 31
0.0
  0
LINE
  5
10B4
330
1F
100
AcDbEntity
  8
ARCH-STAIR
100
AcDbLine
 10
128.00940536467178
 20
34.008212129519634
 30
0.0
 11
128.00940536467178
 21
33.24776356270371
 31
0.0
  0
LINE
  5
10B5
330
1F
100
AcDbEntity
  8
ARCH-STAIR
100
AcDbLine
 10
128.42896319463918
 20
33.300208291449636
 30
0.0
 11
128.42896319463918
 21
30.65174948978038
 31
0.0
  0
LINE
  5
10B6
330
1F
100
AcDbEntity
  8
ARCH-RAIL
100
AcDbLine
 10
128.46829674119863
 20
21.68370087422706
 30
0.0
 11
128.46829674119863
 21
21.447699594870393
 31
0.0
  0
LINE
  5
10B7
330
1F
100
AcDbEntity
  8
ARCH-STAIR
100
AcDbLine
 10
129.04518875740382
 20
34.0344344938926
 30
0.0
 11
129.04518875740382
 21
33.064207012092965
 31
0.0
  0
LINE
  5
10B8
330
1F
100
AcDbEntity
  8
ARCH-STAIR
100
AcDbLine
 10
129.04518875740382
 20
33.03798464772
 30
0.0
 11
129.04518875740382
 21
32.80198336836334
 31
0.0
  0
LINE
  5
10B9
330
1F
100
AcDbEntity
  8
ARCH-STAIR
100
AcDbLine
 10
129.04518875740382
 20
32.775761003990375
 30
0.0
 11
129.04518875740382
 21
32.51353736026074
 31
0.0
  0
LINE
  5
10BA
330
1F
100
AcDbEntity
  8
ARCH-STAIR
100
AcDbLine
 10
129.04518875740382
 20
32.487314995887786
 30
0.0
 11
129.04518875740382
 21
32.251313716531115
 31
0.0
  0
LINE
  5
10BB
330
1F
100
AcDbEntity
  8
ARCH-STAIR
100
AcDbLine
 10
129.04518875740382
 20
32.22509135215815
 30
0.0
 11
129.04518875740382
 21
31.962867708428526
 31
0.0
  0
LINE
  5
10BC
330
1F
100
AcDbEntity
  8
ARCH-STAIR
100
AcDbLine
 10
129.04518875740382
 20
31.936645344055563
 30
0.0
 11
129.04518875740382
 21
31.412198056596303
 31
0.0
  0
LINE
  5
10BD
330
1F
100
AcDbEntity
  8
ARCH-STAIR
100
AcDbLine
 10
129.04518875740382
 20
31.38597569222334
 30
0.0
 11
129.04518875740382
 21
30.86152840476408
 31
0.0
  0
LINE
  5
10BE
330
1F
100
AcDbEntity
  8
ARCH-RAIL
100
AcDbLine
 10
129.26807885457401
 20
21.68370087422706
 30
0.0
 11
129.26807885457401
 21
21.447699594870393
 31
0.0
  0
LINE
  5
10BF
330
1F
100
AcDbEntity
  8
ARCH-RAIL
100
AcDbLine
 10
130.01541623920343
 20
21.68370087422706
 30
0.0
 11
130.01541623920343
 21
21.447699594870393
 31
0.0
  0
LINE
  5
10C0
330
1F
100
AcDbEntity
  8
ARCH-RAIL
100
AcDbLine
 10
130.06786096794937
 20
21.68370087422706
 30
0.0
 11
130.06786096794937
 21
21.447699594870393
 31
0.0
  0
LINE
  5
10C1
330
1F
100
AcDbEntity
  8
ARCH-RAIL
100
AcDbLine
 10
130.12030569669528
 20
21.68370087422706
 30
0.0
 11
130.12030569669528
 21
21.447699594870393
 31
0.0
  0
LINE
  5
10C2
330
1F
100
AcDbEntity
  8
ARCH-RAIL
100
AcDbLine
 10
130.8283095347653
 20
21.68370087422706
 30
0.0
 11
130.8283095347653
 21
21.447699594870393
 31
0.0
  0
LINE
  5
10C3
330
1F
100
AcDbEntity
  8
ARCH-RAIL
100
AcDbLine
 10
130.90697662788418
 20
21.68370087422706
 30
0.0
 11
130.90697662788418
 21
21.447699594870393
 31
0.0
  0
LINE
  5
10C4
330
1F
100
AcDbEntity
  8
ARCH-RAIL
100
AcDbLine
 10
131.70675874125956
 20
21.68370087422706
 30
0.0
 11
131.70675874125956
 21
21.447699594870393
 31
0.0
  0
LINE
  5
10C5
330
1F
100
AcDbEntity
  8
ARCH-RAIL
100
AcDbLine
 10
132.5196520368214
 20
21.68370087422706
 30
0.0
 11
132.5196520368214
 21
21.447699594870393
 31
0.0
  0
LINE
  5
10C6
330
1F
100
AcDbEntity
  8
ARCH-RAIL
100
AcDbLine
 10
133.34565651456973
 20
21.68370087422706
 30
0.0
 11
133.34565651456973
 21
21.447699594870393
 31
0.0
  0
LINE
  5
10C7
330
1F
100
AcDbEntity
  8
ARCH-RAIL
100
AcDbLine
 10
134.10610508138566
 20
21.68370087422706
 30
0.0
 11
134.10610508138566
 21
21.447699594870393
 31
0.0
  0
LINE
  5
10C8
330
1F
100
AcDbEntity
  8
ARCH-RAIL
100
AcDbLine
 10
134.15854981013157
 20
21.68370087422706
 30
0.0
 11
134.15854981013157
 21
21.447699594870393
 31
0.0
  0
LINE
  5
10C9
330
1F
100
AcDbEntity
  8
ARCH-RAIL
100
AcDbLine
 10
134.21099453887751
 20
21.68370087422706
 30
0.0
 11
134.21099453887751
 21
21.447699594870393
 31
0.0
  0
LINE
  5
10CA
330
1F
100
AcDbEntity
  8
ARCH-RAIL
100
AcDbLine
 10
134.97144310569342
 20
21.68370087422706
 30
0.0
 11
134.97144310569342
 21
21.447699594870393
 31
0.0
  0
LINE
  5
10CB
330
1F
100
AcDbEntity
  8
ARCH-RAIL
100
AcDbLine
 10
135.78433640125527
 20
21.68370087422706
 30
0.0
 11
135.78433640125527
 21
21.447699594870393
 31
0.0
  0
LINE
  5
10CC
330
1F
100
AcDbEntity
  8
ARCH-RAIL
100
AcDbLine
 10
136.61034087900362
 20
21.68370087422706
 30
0.0
 11
136.61034087900362
 21
21.447699594870393
 31
0.0
  0
LINE
  5
10CD
330
1F
100
AcDbEntity
  8
ARCH-RAIL
100
AcDbLine
 10
137.43634535675196
 20
21.68370087422706
 30
0.0
 11
137.43634535675196
 21
21.447699594870393
 31
0.0
  0
LINE
  5
10CE
330
1F
100
AcDbEntity
  8
ARCH-RAIL
100
AcDbLine
 10
138.0263485551436
 20
19.454799902525213
 30
0.0
 11
138.0263485551436
 21
18.6156842425904
 31
0.0
  0
LINE
  5
10CF
330
1F
100
AcDbEntity
  8
ARCH-RAIL
100
AcDbLine
 10
138.19679392356787
 20
21.68370087422706
 30
0.0
 11
138.19679392356787
 21
21.447699594870393
 31
0.0
  0
LINE
  5
10D0
330
1F
100
AcDbEntity
  8
ARCH-RAIL
100
AcDbLine
 10
138.2492386523138
 20
21.68370087422706
 30
0.0
 11
138.2492386523138
 21
21.447699594870393
 31
0.0
  0
LINE
  5
10D1
330
1F
100
AcDbEntity
  8
ARCH-RAIL
100
AcDbLine
 10
138.30168338105972
 20
21.68370087422706
 30
0.0
 11
138.30168338105972
 21
21.447699594870393
 31
0.0
  0
LINE
  5
10D2
330
1F
100
AcDbEntity
  8
ARCH-RAIL
100
AcDbLine
 10
139.00968721912972
 20
21.68370087422706
 30
0.0
 11
139.00968721912972
 21
21.447699594870393
 31
0.0
  0
LINE
  5
10D3
330
1F
100
AcDbEntity
  8
ARCH-RAIL
100
AcDbLine
 10
139.0883543122486
 20
21.68370087422706
 30
0.0
 11
139.0883543122486
 21
21.447699594870393
 31
0.0
  0
LINE
  5
10D4
330
1F
100
AcDbEntity
  8
ARCH-RAIL
100
AcDbLine
 10
139.888136425624
 20
21.68370087422706
 30
0.0
 11
139.888136425624
 21
21.447699594870393
 31
0.0
  0
LINE
  5
10D5
330
1F
100
AcDbEntity
  8
ARCH-RAIL
100
AcDbLine
 10
140.70102972118582
 20
21.68370087422706
 30
0.0
 11
140.70102972118582
 21
21.447699594870393
 31
0.0
  0
LINE
  5
10D6
330
1F
100
AcDbEntity
  8
ARCH-RAIL
100
AcDbLine
 10
141.33036646613695
 20
28.8686287124189
 30
0.0
 11
141.33036646613695
 21
21.631256145481135
 31
0.0
  0
LINE
  5
10D7
330
1F
100
AcDbEntity
  8
ARCH-RAIL
100
AcDbLine
 10
141.4352559236288
 20
28.8686287124189
 30
0.0
 11
141.4352559236288
 21
21.631256145481135
 31
0.0
  0
LINE
  5
10D8
330
1F
100
AcDbEntity
  8
ARCH-RAIL
100
AcDbLine
 10
141.47458947018825
 20
21.68370087422706
 30
0.0
 11
141.47458947018825
 21
21.447699594870393
 31
0.0
  0
LINE
  5
10D9
330
1F
100
AcDbEntity
  8
ARCH-RAIL
100
AcDbLine
 10
141.5139230167477
 20
28.8686287124189
 30
0.0
 11
141.5139230167477
 21
21.447699594870393
 31
0.0
  0
LINE
  5
10DA
330
1F
100
AcDbEntity
  8
ARCH-RAIL
100
AcDbLine
 10
142.2219268548177
 20
19.454799902525213
 30
0.0
 11
142.2219268548177
 21
18.6156842425904
 31
0.0
  0
LINE
  5
10DB
330
1F
100
AcDbEntity
  8
ARCH-RAIL
100
AcDbLine
 10
143.65104571314416
 20
29.524187821742974
 30
0.0
 11
143.65104571314416
 21
19.349910445033363
 31
0.0
  0
LINE
  5
10DC
330
1F
100
AcDbEntity
  8
ARCH-ELEV
100
AcDbLine
 10
123.1189344091142
 20
21.395254866124468
 30
0.0
 11
125.53139193142678
 21
18.773018428828177
 31
0.0
  0
LINE
  5
10DD
330
1F
100
AcDbEntity
  8
ARCH-ELEV
100
AcDbLine
 10
123.1189344091142
 20
18.773018428828177
 30
0.0
 11
125.53139193142678
 21
21.395254866124468
 31
0.0
  0
LINE
  5
10DE
330
1F
100
AcDbEntity
  8
ARCH-STAIR-PATH
100
AcDbLine
 10
126.42295232010753
 20
34.0344344938926
 30
0.0
 11
129.04518875740382
 21
34.0344344938926
 31
0.0
  0
LINE
  5
10DF
330
1F
100
AcDbEntity
  8
ARCH-STAIR-PATH
100
AcDbLine
 10
126.42295232010753
 20
34.0344344938926
 30
0.0
 11
126.42295232010753
 21
30.86152840476408
 31
0.0
  0
LINE
  5
10E0
330
1F
100
AcDbEntity
  8
ARCH-STAIR-PATH
100
AcDbLine
 10
129.01896639303087
 20
34.0344344938926
 30
0.0
 11
129.01896639303087
 21
30.65174948978038
 31
0.0
  0
LINE
  5
10E1
330
1F
100
AcDbEntity
  8
ARCH-STAIR-PATH
100
AcDbLine
 10
126.40613042598147
 20
30.860044119988252
 30
0.0
 11
126.1701291466248
 21
31.2533795855827
 31
0.0
  0
LINE
  5
10E2
330
1F
100
AcDbEntity
  8
ARCH-STAIR-PATH
100
AcDbLine
 10
126.40613042598147
 20
30.860044119988252
 30
0.0
 11
126.64213170533814
 21
31.2533795855827
 31
0.0
  0
CIRCLE
  5
10E3
330
1F
100
AcDbEntity
  8
ARCH-FURN
100
AcDbCircle
 10
143.00859778600656
 20
27.373953943160014
 30
0.0
 40
0.5310028785524991
  0
CIRCLE
  5
10E4
330
1F
100
AcDbEntity
  8
ARCH-FURN
100
AcDbCircle
 10
143.00859778600656
 20
27.373953943160014
 30
0.0
 40
0.05244472874592583
  0
LINE
  5
10E5
330
1F
100
AcDbEntity
  8
ARCH-FURN
100
AcDbLine
 10
142.63132366097963
 20
27.747622635474734
 30
0.0
 11
143.38587191103352
 21
27.747622635474734
 31
0.0
  0
LINE
  5
10E6
330
1F
100
AcDbEntity
  8
ARCH-FURN
100
AcDbLine
 10
142.52366125561161
 20
27.590288449236958
 30
0.0
 11
143.4935343164015
 21
27.590288449236958
 31
0.0
  0
LINE
  5
10E7
330
1F
100
AcDbEntity
  8
ARCH-FURN
100
AcDbLine
 10
142.48088288258813
 20
27.432954262999182
 30
0.0
 11
143.536312689425
 21
27.432954262999182
 31
0.0
  0
LINE
  5
10E8
330
1F
100
AcDbEntity
  8
ARCH-FURN
100
AcDbLine
 10
142.48677932355997
 20
27.275620076761403
 30
0.0
 11
143.53041624845318
 21
27.275620076761403
 31
0.0
  0
LINE
  5
10E9
330
1F
100
AcDbEntity
  8
ARCH-FURN
100
AcDbLine
 10
142.5431969868107
 20
27.118285890523623
 30
0.0
 11
143.47399858520245
 21
27.118285890523623
 31
0.0
  0
LINE
  5
10EA
330
1F
100
AcDbEntity
  8
ARCH-FURN
100
AcDbLine
 10
142.67484157600296
 20
26.960951704285847
 30
0.0
 11
143.34235399601016
 21
26.960951704285847
 31
0.0
  0
CIRCLE
  5
10EB
330
1F
100
AcDbEntity
  8
ARCH-FURN
100
AcDbCircle
 10
143.00859778600656
 20
24.37149322245576
 30
0.0
 40
0.5375584696457397
  0
CIRCLE
  5
10EC
330
1F
100
AcDbEntity
  8
ARCH-FURN
100
AcDbCircle
 10
143.00859778600656
 20
24.37149322245576
 30
0.0
 40
0.05244472874592583
  0
LINE
  5
10ED
330
1F
100
AcDbEntity
  8
ARCH-FURN
100
AcDbLine
 10
142.6285996247021
 20
24.751717505863724
 30
0.0
 11
143.38859594731102
 21
24.751717505863724
 31
0.0
  0
LINE
  5
10EE
330
1F
100
AcDbEntity
  8
ARCH-FURN
100
AcDbLine
 10
142.5194259216569
 20
24.594383319625944
 30
0.0
 11
143.49776965035625
 21
24.594383319625944
 31
0.0
  0
LINE
  5
10EF
330
1F
100
AcDbEntity
  8
ARCH-FURN
100
AcDbLine
 10
142.47505160166102
 20
24.437049133388168
 30
0.0
 11
143.54214397035213
 21
24.437049133388168
 31
0.0
  0
LINE
  5
10F0
330
1F
100
AcDbEntity
  8
ARCH-FURN
100
AcDbLine
 10
142.47893198904603
 20
24.27971494715039
 30
0.0
 11
143.53826358296712
 21
24.27971494715039
 31
0.0
  0
LINE
  5
10F1
330
1F
100
AcDbEntity
  8
ARCH-FURN
100
AcDbLine
 10
142.53224488133213
 20
24.122380760912613
 30
0.0
 11
143.48495069068102
 21
24.122380760912613
 31
0.0
  0
LINE
  5
10F2
330
1F
100
AcDbEntity
  8
ARCH-FURN
100
AcDbLine
 10
142.6567878503943
 20
23.965046574674837
 30
0.0
 11
143.36040772161886
 21
23.965046574674837
 31
0.0
  0
CIRCLE
  5
10F3
330
1F
100
AcDbEntity
  8
ARCH-FURN
100
AcDbCircle
 10
143.00859778600656
 20
21.539477870175766
 30
0.0
 40
0.5375584696457397
  0
CIRCLE
  5
10F4
330
1F
100
AcDbEntity
  8
ARCH-FURN
100
AcDbCircle
 10
143.00859778600656
 20
21.539477870175766
 30
0.0
 40
0.05244472874592583
  0
LINE
  5
10F5
330
1F
100
AcDbEntity
  8
ARCH-FURN
100
AcDbLine
 10
142.6285996247021
 20
21.919702153583728
 30
0.0
 11
143.38859594731102
 21
21.919702153583728
 31
0.0
  0
LINE
  5
10F6
330
1F
100
AcDbEntity
  8
ARCH-FURN
100
AcDbLine
 10
142.5194259216569
 20
21.762367967345952
 30
0.0
 11
143.49776965035625
 21
21.762367967345952
 31
0.0
  0
LINE
  5
10F7
330
1F
100
AcDbEntity
  8
ARCH-FURN
100
AcDbLine
 10
142.47505160166102
 20
21.605033781108173
 30
0.0
 11
143.54214397035213
 21
21.605033781108173
 31
0.0
  0
LINE
  5
10F8
330
1F
100
AcDbEntity
  8
ARCH-FURN
100
AcDbLine
 10
142.47893198904603
 20
21.447699594870393
 30
0.0
 11
143.53826358296712
 21
21.447699594870393
 31
0.0
  0
LINE
  5
10F9
330
1F
100
AcDbEntity
  8
ARCH-FURN
100
AcDbLine
 10
142.53224488133213
 20
21.290365408632617
 30
0.0
 11
143.48495069068102
 21
21.290365408632617
 31
0.0
  0
LINE
  5
10FA
330
1F
100
AcDbEntity
  8
ARCH-FURN
100
AcDbLine
 10
142.6567878503943
 20
21.13303122239484
 30
0.0
 11
143.36040772161886
 21
21.13303122239484
 31
0.0
  0
CIRCLE
  5
10FB
330
1F
100
AcDbEntity
  8
ARCH-FURN
100
AcDbCircle
 10
128.28474019058788
 20
20.071025465289843
 30
0.0
 40
0.5310028785524991
  0
CIRCLE
  5
10FC
330
1F
100
AcDbEntity
  8
ARCH-FURN
100
AcDbCircle
 10
128.28474019058788
 20
20.071025465289843
 30
0.0
 40
0.05244472874592583
  0
LINE
  5
10FD
330
1F
100
AcDbEntity
  8
ARCH-FURN
100
AcDbLine
 10
127.91107149827317
 20
20.448299590316786
 30
0.0
 11
127.91107149827317
 21
19.693751340262896
 31
0.0
  0
LINE
  5
10FE
330
1F
100
AcDbEntity
  8
ARCH-FURN
100
AcDbLine
 10
128.06840568451094
 20
20.555961995684783
 30
0.0
 11
128.06840568451094
 21
19.5860889348949
 31
0.0
  0
LINE
  5
10FF
330
1F
100
AcDbEntity
  8
ARCH-FURN
100
AcDbLine
 10
128.22573987074873
 20
20.598740368708267
 30
0.0
 11
128.22573987074873
 21
19.54331056187142
 31
0.0
  0
LINE
  5
1100
330
1F
100
AcDbEntity
  8
ARCH-FURN
100
AcDbLine
 10
128.38307405698652
 20
20.592843927736446
 30
0.0
 11
128.38307405698652
 21
19.549207002843236
 31
0.0
  0
LINE
  5
1101
330
1F
100
AcDbEntity
  8
ARCH-FURN
100
AcDbLine
 10
128.54040824322428
 20
20.536426264485716
 30
0.0
 11
128.54040824322428
 21
19.60562466609397
 31
0.0
  0
LINE
  5
1102
330
1F
100
AcDbEntity
  8
ARCH-FURN
100
AcDbLine
 10
128.69774242946207
 20
20.404781675293442
 30
0.0
 11
128.69774242946207
 21
19.737269255286243
 31
0.0
  0
CIRCLE
  5
1103
330
1F
100
AcDbEntity
  8
ARCH-FURN
100
AcDbCircle
 10
131.20853381817327
 20
20.071025465289843
 30
0.0
 40
0.5375584696457397
  0
CIRCLE
  5
1104
330
1F
100
AcDbEntity
  8
ARCH-FURN
100
AcDbCircle
 10
131.20853381817327
 20
20.071025465289843
 30
0.0
 40
0.05244472874592583
  0
LINE
  5
1105
330
1F
100
AcDbEntity
  8
ARCH-FURN
100
AcDbLine
 10
130.8283095347653
 20
20.451023626594303
 30
0.0
 11
130.8283095347653
 21
19.691027303985383
 31
0.0
  0
LINE
  5
1106
330
1F
100
AcDbEntity
  8
ARCH-FURN
100
AcDbLine
 10
130.98564372100307
 20
20.560197329639514
 30
0.0
 11
130.98564372100307
 21
19.581853600940168
 31
0.0
  0
LINE
  5
1107
330
1F
100
AcDbEntity
  8
ARCH-FURN
100
AcDbLine
 10
131.14297790724083
 20
20.60457164963539
 30
0.0
 11
131.14297790724083
 21
19.537479280944297
 31
0.0
  0
LINE
  5
1108
330
1F
100
AcDbEntity
  8
ARCH-FURN
100
AcDbLine
 10
131.30031209347862
 20
20.60069126225038
 30
0.0
 11
131.30031209347862
 21
19.541359668329303
 31
0.0
  0
LINE
  5
1109
330
1F
100
AcDbEntity
  8
ARCH-FURN
100
AcDbLine
 10
131.4576462797164
 20
20.54737836996429
 30
0.0
 11
131.4576462797164
 21
19.594672560615393
 31
0.0
  0
LINE
  5
110A
330
1F
100
AcDbEntity
  8
ARCH-FURN
100
AcDbLine
 10
131.61498046595418
 20
20.422835400902123
 30
0.0
 11
131.61498046595418
 21
19.71921552967756
 31
0.0
  0
CIRCLE
  5
110B
330
1F
100
AcDbEntity
  8
ARCH-FURN
100
AcDbCircle
 10
134.25032808543696
 20
20.071025465289843
 30
0.0
 40
0.5375584696457397
  0
CIRCLE
  5
110C
330
1F
100
AcDbEntity
  8
ARCH-FURN
100
AcDbCircle
 10
134.25032808543696
 20
20.071025465289843
 30
0.0
 40
0.05244472874592583
  0
LINE
  5
110D
330
1F
100
AcDbEntity
  8
ARCH-FURN
100
AcDbLine
 10
133.870103802029
 20
20.451023626594303
 30
0.0
 11
133.870103802029
 21
19.691027303985383
 31
0.0
  0
LINE
  5
110E
330
1F
100
AcDbEntity
  8
ARCH-FURN
100
AcDbLine
 10
134.02743798826677
 20
20.560197329639514
 30
0.0
 11
134.02743798826677
 21
19.581853600940168
 31
0.0
  0
LINE
  5
110F
330
1F
100
AcDbEntity
  8
ARCH-FURN
100
AcDbLine
 10
134.18477217450456
 20
20.60457164963539
 30
0.0
 11
134.18477217450456
 21
19.537479280944297
 31
0.0
  0
LINE
  5
1110
330
1F
100
AcDbEntity
  8
ARCH-FURN
100
AcDbLine
 10
134.34210636074232
 20
20.60069126225038
 30
0.0
 11
134.34210636074232
 21
19.541359668329303
 31
0.0
  0
LINE
  5
1111
330
1F
100
AcDbEntity
  8
ARCH-FURN
100
AcDbLine
 10
134.4994405469801
 20
20.54737836996429
 30
0.0
 11
134.4994405469801
 21
19.594672560615393
 31
0.0
  0
LINE
  5
1112
330
1F
100
AcDbEntity
  8
ARCH-FURN
100
AcDbLine
 10
134.65677473321787
 20
20.422835400902123
 30
0.0
 11
134.65677473321787
 21
19.71921552967756
 31
0.0
  0
CIRCLE
  5
1113
330
1F
100
AcDbEntity
  8
ARCH-FURN
100
AcDbCircle
 10
137.13478816646287
 20
20.071025465289843
 30
0.0
 40
0.5375584696457397
  0
CIRCLE
  5
1114
330
1F
100
AcDbEntity
  8
ARCH-FURN
100
AcDbCircle
 10
137.13478816646287
 20
20.071025465289843
 30
0.0
 40
0.05244472874592583
  0
LINE
  5
1115
330
1F
100
AcDbEntity
  8
ARCH-FURN
100
AcDbLine
 10
136.7545638830549
 20
20.451023626594303
 30
0.0
 11
136.7545638830549
 21
19.691027303985383
 31
0.0
  0
LINE
  5
1116
330
1F
100
AcDbEntity
  8
ARCH-FURN
100
AcDbLine
 10
136.9118980692927
 20
20.560197329639514
 30
0.0
 11
136.9118980692927
 21
19.581853600940168
 31
0.0
  0
LINE
  5
1117
330
1F
100
AcDbEntity
  8
ARCH-FURN
100
AcDbLine
 10
137.06923225553047
 20
20.60457164963539
 30
0.0
 11
137.06923225553047
 21
19.537479280944297
 31
0.0
  0
LINE
  5
1118
330
1F
100
AcDbEntity
  8
ARCH-FURN
100
AcDbLine
 10
137.22656644176826
 20
20.60069126225038
 30
0.0
 11
137.22656644176826
 21
19.541359668329303
 31
0.0
  0
LINE
  5
1119
330
1F
100
AcDbEntity
  8
ARCH-FURN
100
AcDbLine
 10
137.38390062800602
 20
20.54737836996429
 30
0.0
 11
137.38390062800602
 21
19.594672560615393
 31
0.0
  0
LINE
  5
111A
330
1F
100
AcDbEntity
  8
ARCH-FURN
100
AcDbLine
 10
137.5412348142438
 20
20.422835400902123
 30
0.0
 11
137.5412348142438
 21
19.71921552967756
 31
0.0
  0
CIRCLE
  5
111B
330
1F
100
AcDbEntity
  8
ARCH-FURN
100
AcDbCircle
 10
140.38636134871027
 20
20.071025465289843
 30
0.0
 40
0.5375584696457397
  0
CIRCLE
  5
111C
330
1F
100
AcDbEntity
  8
ARCH-FURN
100
AcDbCircle
 10
140.38636134871027
 20
20.071025465289843
 30
0.0
 40
0.05244472874592583
  0
LINE
  5
111D
330
1F
100
AcDbEntity
  8
ARCH-FURN
100
AcDbLine
 10
140.0061370653023
 20
20.451023626594303
 30
0.0
 11
140.0061370653023
 21
19.691027303985383
 31
0.0
  0
LINE
  5
111E
330
1F
100
AcDbEntity
  8
ARCH-FURN
100
AcDbLine
 10
140.1634712515401
 20
20.560197329639514
 30
0.0
 11
140.1634712515401
 21
19.581853600940168
 31
0.0
  0
LINE
  5
111F
330
1F
100
AcDbEntity
  8
ARCH-FURN
100
AcDbLine
 10
140.32080543777786
 20
20.60457164963539
 30
0.0
 11
140.32080543777786
 21
19.537479280944297
 31
0.0
  0
LINE
  5
1120
330
1F
100
AcDbEntity
  8
ARCH-FURN
100
AcDbLine
 10
140.47813962401565
 20
20.60069126225038
 30
0.0
 11
140.47813962401565
 21
19.541359668329303
 31
0.0
  0
LINE
  5
1121
330
1F
100
AcDbEntity
  8
ARCH-FURN
100
AcDbLine
 10
140.63547381025342
 20
20.54737836996429
 30
0.0
 11
140.63547381025342
 21
19.594672560615393
 31
0.0
  0
LINE
  5
1122
330
1F
100
AcDbEntity
  8
ARCH-FURN
100
AcDbLine
 10
140.7928079964912
 20
20.422835400902123
 30
0.0
 11
140.7928079964912
 21
19.71921552967756
 31
0.0
  0
LWPOLYLINE
  5
1123
330
1F
100
AcDbEntity
  8
ARCH-FURN
100
AcDbPolyline
 90
4
 70
1
 10
142.7070405957175
 20
28.580182704316307
 10
143.23148788317675
 20
28.580182704316307
 10
143.23148788317675
 20
27.97706832373816
 10
142.7070405957175
 20
27.97706832373816
  0
LINE
  5
1124
330
1F
100
AcDbEntity
  8
ARCH-FURN
100
AcDbLine
 10
142.8381524175823
 20
28.527737975570382
 30
0.0
 11
142.8381524175823
 21
28.029513052484084
 31
0.0
  0
LINE
  5
1125
330
1F
100
AcDbEntity
  8
ARCH-FURN
100
AcDbLine
 10
142.9692642394471
 20
28.527737975570382
 30
0.0
 11
142.9692642394471
 21
28.029513052484084
 31
0.0
  0
LINE
  5
1126
330
1F
100
AcDbEntity
  8
ARCH-FURN
100
AcDbLine
 10
143.10037606131195
 20
28.527737975570382
 30
0.0
 11
143.10037606131195
 21
28.029513052484084
 31
0.0
  0
LWPOLYLINE
  5
1127
330
1F
100
AcDbEntity
  8
ARCH-FURN
100
AcDbPolyline
 90
4
 70
1
 10
142.7857076888364
 20
26.744617198208903
 10
143.31015497629565
 20
26.744617198208903
 10
143.31015497629565
 20
26.14150281763076
 10
142.7857076888364
 20
26.14150281763076
  0
LINE
  5
1128
330
1F
100
AcDbEntity
  8
ARCH-FURN
100
AcDbLine
 10
142.9168195107012
 20
26.692172469462978
 30
0.0
 11
142.9168195107012
 21
26.193947546376684
 31
0.0
  0
LINE
  5
1129
330
1F
100
AcDbEntity
  8
ARCH-FURN
100
AcDbLine
 10
143.047931332566
 20
26.692172469462978
 30
0.0
 11
143.047931332566
 21
26.193947546376684
 31
0.0
  0
LINE
  5
112A
330
1F
100
AcDbEntity
  8
ARCH-FURN
100
AcDbLine
 10
143.17904315443081
 20
26.692172469462978
 30
0.0
 11
143.17904315443081
 21
26.193947546376684
 31
0.0
  0
LWPOLYLINE
  5
112B
330
1F
100
AcDbEntity
  8
ARCH-FURN
100
AcDbPolyline
 90
4
 70
1
 10
142.7070405957175
 20
25.564610801425573
 10
143.23148788317675
 20
25.564610801425573
 10
143.23148788317675
 20
24.961496420847425
 10
142.7070405957175
 20
24.961496420847425
  0
LINE
  5
112C
330
1F
100
AcDbEntity
  8
ARCH-FURN
100
AcDbLine
 10
142.8381524175823
 20
25.512166072679648
 30
0.0
 11
142.8381524175823
 21
25.01394114959335
 31
0.0
  0
LINE
  5
112D
330
1F
100
AcDbEntity
  8
ARCH-FURN
100
AcDbLine
 10
142.9692642394471
 20
25.512166072679648
 30
0.0
 11
142.9692642394471
 21
25.01394114959335
 31
0.0
  0
LINE
  5
112E
330
1F
100
AcDbEntity
  8
ARCH-FURN
100
AcDbLine
 10
143.10037606131195
 20
25.512166072679648
 30
0.0
 11
143.10037606131195
 21
25.01394114959335
 31
0.0
  0
LWPOLYLINE
  5
112F
330
1F
100
AcDbEntity
  8
ARCH-FURN
100
AcDbPolyline
 90
4
 70
1
 10
142.7857076888364
 20
23.755267659691132
 10
143.31015497629565
 20
23.755267659691132
 10
143.31015497629565
 20
23.152153279112987
 10
142.7857076888364
 20
23.152153279112987
  0
LINE
  5
1130
330
1F
100
AcDbEntity
  8
ARCH-FURN
100
AcDbLine
 10
142.9168195107012
 20
23.702822930945207
 30
0.0
 11
142.9168195107012
 21
23.204598007858912
 31
0.0
  0
LINE
  5
1131
330
1F
100
AcDbEntity
  8
ARCH-FURN
100
AcDbLine
 10
143.047931332566
 20
23.702822930945207
 30
0.0
 11
143.047931332566
 21
23.204598007858912
 31
0.0
  0
LINE
  5
1132
330
1F
100
AcDbEntity
  8
ARCH-FURN
100
AcDbLine
 10
143.17904315443081
 20
23.702822930945207
 30
0.0
 11
143.17904315443081
 21
23.204598007858912
 31
0.0
  0
LWPOLYLINE
  5
1133
330
1F
100
AcDbEntity
  8
ARCH-FURN
100
AcDbPolyline
 90
4
 70
1
 10
142.7070405957175
 20
22.732595449145578
 10
143.23148788317675
 20
22.732595449145578
 10
143.23148788317675
 20
22.12948106856743
 10
142.7070405957175
 20
22.12948106856743
  0
LINE
  5
1134
330
1F
100
AcDbEntity
  8
ARCH-FURN
100
AcDbLine
 10
142.8381524175823
 20
22.680150720399652
 30
0.0
 11
142.8381524175823
 21
22.181925797313355
 31
0.0
  0
LINE
  5
1135
330
1F
100
AcDbEntity
  8
ARCH-FURN
100
AcDbLine
 10
142.9692642394471
 20
22.680150720399652
 30
0.0
 11
142.9692642394471
 21
22.181925797313355
 31
0.0
  0
LINE
  5
1136
330
1F
100
AcDbEntity
  8
ARCH-FURN
100
AcDbLine
 10
143.10037606131195
 20
22.680150720399652
 30
0.0
 11
143.10037606131195
 21
22.181925797313355
 31
0.0
  0
LWPOLYLINE
  5
1137
330
1F
100
AcDbEntity
  8
ARCH-FURN
100
AcDbPolyline
 90
4
 70
1
 10
142.7857076888364
 20
20.897029943038174
 10
143.31015497629565
 20
20.897029943038174
 10
143.31015497629565
 20
20.320137926832988
 10
142.7857076888364
 20
20.320137926832988
  0
LINE
  5
1138
330
1F
100
AcDbEntity
  8
ARCH-FURN
100
AcDbLine
 10
142.9168195107012
 20
20.84458521429225
 30
0.0
 11
142.9168195107012
 21
20.372582655578917
 31
0.0
  0
LINE
  5
1139
330
1F
100
AcDbEntity
  8
ARCH-FURN
100
AcDbLine
 10
143.047931332566
 20
20.84458521429225
 30
0.0
 11
143.047931332566
 21
20.372582655578917
 31
0.0
  0
LINE
  5
113A
330
1F
100
AcDbEntity
  8
ARCH-FURN
100
AcDbLine
 10
143.17904315443081
 20
20.84458521429225
 30
0.0
 11
143.17904315443081
 21
20.372582655578917
 31
0.0
  0
LWPOLYLINE
  5
113B
330
1F
100
AcDbEntity
  8
ARCH-FURN
100
AcDbPolyline
 90
4
 70
1
 10
128.91407693553901
 20
20.372582655578917
 10
129.51719131611713
 20
20.372582655578917
 10
129.51719131611713
 20
19.821913003746694
 10
128.91407693553901
 20
19.821913003746694
  0
LINE
  5
113C
330
1F
100
AcDbEntity
  8
ARCH-FURN
100
AcDbLine
 10
128.96652166428493
 20
20.23491524262086
 30
0.0
 11
129.46474658737122
 21
20.23491524262086
 31
0.0
  0
LINE
  5
113D
330
1F
100
AcDbEntity
  8
ARCH-FURN
100
AcDbLine
 10
128.96652166428493
 20
20.097247829662805
 30
0.0
 11
129.46474658737122
 21
20.097247829662805
 31
0.0
  0
LINE
  5
113E
330
1F
100
AcDbEntity
  8
ARCH-FURN
100
AcDbLine
 10
128.96652166428493
 20
19.95958041670475
 30
0.0
 11
129.46474658737122
 21
19.95958041670475
 31
0.0
  0
LWPOLYLINE
  5
113F
330
1F
100
AcDbEntity
  8
ARCH-FURN
100
AcDbPolyline
 90
4
 70
1
 10
131.85098174531083
 20
20.372582655578917
 10
132.454096125889
 20
20.372582655578917
 10
132.454096125889
 20
19.821913003746694
 10
131.85098174531083
 20
19.821913003746694
  0
LINE
  5
1140
330
1F
100
AcDbEntity
  8
ARCH-FURN
100
AcDbLine
 10
131.90342647405677
 20
20.23491524262086
 30
0.0
 11
132.40165139714307
 21
20.23491524262086
 31
0.0
  0
LINE
  5
1141
330
1F
100
AcDbEntity
  8
ARCH-FURN
100
AcDbLine
 10
131.90342647405677
 20
20.097247829662805
 30
0.0
 11
132.40165139714307
 21
20.097247829662805
 31
0.0
  0
LINE
  5
1142
330
1F
100
AcDbEntity
  8
ARCH-FURN
100
AcDbLine
 10
131.90342647405677
 20
19.95958041670475
 30
0.0
 11
132.40165139714307
 21
19.95958041670475
 31
0.0
  0
LWPOLYLINE
  5
1143
330
1F
100
AcDbEntity
  8
ARCH-FURN
100
AcDbPolyline
 90
4
 70
1
 10
134.86655364820157
 20
20.346360291205954
 10
135.46966802877972
 20
20.346360291205954
 10
135.46966802877972
 20
19.821913003746694
 10
134.86655364820157
 20
19.821913003746694
  0
LINE
  5
1144
330
1F
100
AcDbEntity
  8
ARCH-FURN
100
AcDbLine
 10
134.9189983769475
 20
20.215248469341137
 30
0.0
 11
135.4172233000338
 21
20.215248469341137
 31
0.0
  0
LINE
  5
1145
330
1F
100
AcDbEntity
  8
ARCH-FURN
100
AcDbLine
 10
134.9189983769475
 20
20.084136647476324
 30
0.0
 11
135.4172233000338
 21
20.084136647476324
 31
0.0
  0
LINE
  5
1146
330
1F
100
AcDbEntity
  8
ARCH-FURN
100
AcDbLine
 10
134.9189983769475
 20
19.953024825611507
 30
0.0
 11
135.4172233000338
 21
19.953024825611507
 31
0.0
  0
LWPOLYLINE
  5
1147
330
1F
100
AcDbEntity
  8
ARCH-FURN
100
AcDbPolyline
 90
4
 70
1
 10
137.77723609360046
 20
20.346360291205954
 10
138.3803504741786
 20
20.346360291205954
 10
138.3803504741786
 20
19.821913003746694
 10
137.77723609360046
 20
19.821913003746694
  0
LINE
  5
1148
330
1F
100
AcDbEntity
  8
ARCH-FURN
100
AcDbLine
 10
137.8296808223464
 20
20.215248469341137
 30
0.0
 11
138.3279057454327
 21
20.215248469341137
 31
0.0
  0
LINE
  5
1149
330
1F
100
AcDbEntity
  8
ARCH-FURN
100
AcDbLine
 10
137.8296808223464
 20
20.084136647476324
 30
0.0
 11
138.3279057454327
 21
20.084136647476324
 31
0.0
  0
LINE
  5
114A
330
1F
100
AcDbEntity
  8
ARCH-FURN
100
AcDbLine
 10
137.8296808223464
 20
19.953024825611507
 30
0.0
 11
138.3279057454327
 21
19.953024825611507
 31
0.0
  0
LWPOLYLINE
  5
114B
330
1F
100
AcDbEntity
  8
ARCH-FURN
100
AcDbPolyline
 90
4
 70
1
 10
141.02880927584786
 20
20.372582655578917
 10
141.631923656426
 20
20.372582655578917
 10
141.631923656426
 20
19.821913003746694
 10
141.02880927584786
 20
19.821913003746694
  0
LINE
  5
114C
330
1F
100
AcDbEntity
  8
ARCH-FURN
100
AcDbLine
 10
141.0812540045938
 20
20.23491524262086
 30
0.0
 11
141.5794789276801
 21
20.23491524262086
 31
0.0
  0
LINE
  5
114D
330
1F
100
AcDbEntity
  8
ARCH-FURN
100
AcDbLine
 10
141.0812540045938
 20
20.097247829662805
 30
0.0
 11
141.5794789276801
 21
20.097247829662805
 31
0.0
  0
LINE
  5
114E
330
1F
100
AcDbEntity
  8
ARCH-FURN
100
AcDbLine
 10
141.0812540045938
 20
19.95958041670475
 30
0.0
 11
141.5794789276801
 21
19.95958041670475
 31
0.0
  0
LWPOLYLINE
  5
114F
330
1F
100
AcDbEntity
  8
ARCH-FURN
100
AcDbPolyline
 90
4
 70
1
 10
127.10473379380456
 20
20.293915562460025
 10
127.68162581000975
 20
20.293915562460025
 10
127.68162581000975
 20
19.76946827500077
 10
127.10473379380456
 20
19.76946827500077
  0
LINE
  5
1150
330
1F
100
AcDbEntity
  8
ARCH-FURN
100
AcDbLine
 10
127.15717852255048
 20
20.162803740595212
 30
0.0
 11
127.62918108126382
 21
20.162803740595212
 31
0.0
  0
LINE
  5
1151
330
1F
100
AcDbEntity
  8
ARCH-FURN
100
AcDbLine
 10
127.15717852255048
 20
20.0316919187304
 30
0.0
 11
127.62918108126382
 21
20.0316919187304
 31
0.0
  0
LINE
  5
1152
330
1F
100
AcDbEntity
  8
ARCH-FURN
100
AcDbLine
 10
127.15717852255048
 20
19.900580096865582
 30
0.0
 11
127.62918108126382
 21
19.900580096865582
 31
0.0
  0
LWPOLYLINE
  5
1153
330
1F
100
AcDbEntity
  8
ARCH-FURN
100
AcDbPolyline
 90
4
 70
1
 10
130.01541623920343
 20
20.293915562460025
 10
130.61853061978158
 20
20.293915562460025
 10
130.61853061978158
 20
19.76946827500077
 10
130.01541623920343
 20
19.76946827500077
  0
LINE
  5
1154
330
1F
100
AcDbEntity
  8
ARCH-FURN
100
AcDbLine
 10
130.06786096794937
 20
20.162803740595212
 30
0.0
 11
130.56608589103567
 21
20.162803740595212
 31
0.0
  0
LINE
  5
1155
330
1F
100
AcDbEntity
  8
ARCH-FURN
100
AcDbLine
 10
130.06786096794937
 20
20.0316919187304
 30
0.0
 11
130.56608589103567
 21
20.0316919187304
 31
0.0
  0
LINE
  5
1156
330
1F
100
AcDbEntity
  8
ARCH-FURN
100
AcDbLine
 10
130.06786096794937
 20
19.900580096865582
 30
0.0
 11
130.56608589103567
 21
19.900580096865582
 31
0.0
  0
LWPOLYLINE
  5
1157
330
1F
100
AcDbEntity
  8
ARCH-FURN
100
AcDbPolyline
 90
4
 70
1
 10
133.05721050646713
 20
20.293915562460025
 10
133.66032488704528
 20
20.293915562460025
 10
133.66032488704528
 20
19.76946827500077
 10
133.05721050646713
 20
19.76946827500077
  0
LINE
  5
1158
330
1F
100
AcDbEntity
  8
ARCH-FURN
100
AcDbLine
 10
133.10965523521307
 20
20.162803740595212
 30
0.0
 11
133.60788015829937
 21
20.162803740595212
 31
0.0
  0
LINE
  5
1159
330
1F
100
AcDbEntity
  8
ARCH-FURN
100
AcDbLine
 10
133.10965523521307
 20
20.0316919187304
 30
0.0
 11
133.60788015829937
 21
20.0316919187304
 31
0.0
  0
LINE
  5
115A
330
1F
100
AcDbEntity
  8
ARCH-FURN
100
AcDbLine
 10
133.10965523521307
 20
19.900580096865582
 30
0.0
 11
133.60788015829937
 21
19.900580096865582
 31
0.0
  0
LWPOLYLINE
  5
115B
330
1F
100
AcDbEntity
  8
ARCH-FURN
100
AcDbPolyline
 90
4
 70
1
 10
135.94167058749306
 20
20.293915562460025
 10
136.5447849680712
 20
20.293915562460025
 10
136.5447849680712
 20
19.76946827500077
 10
135.94167058749306
 20
19.76946827500077
  0
LINE
  5
115C
330
1F
100
AcDbEntity
  8
ARCH-FURN
100
AcDbLine
 10
135.994115316239
 20
20.162803740595212
 30
0.0
 11
136.49234023932527
 21
20.162803740595212
 31
0.0
  0
LINE
  5
115D
330
1F
100
AcDbEntity
  8
ARCH-FURN
100
AcDbLine
 10
135.994115316239
 20
20.0316919187304
 30
0.0
 11
136.49234023932527
 21
20.0316919187304
 31
0.0
  0
LINE
  5
115E
330
1F
100
AcDbEntity
  8
ARCH-FURN
100
AcDbLine
 10
135.994115316239
 20
19.900580096865582
 30
0.0
 11
136.49234023932527
 21
19.900580096865582
 31
0.0
  0
LWPOLYLINE
  5
115F
330
1F
100
AcDbEntity
  8
ARCH-FURN
100
AcDbPolyline
 90
4
 70
1
 10
139.19324376974046
 20
20.293915562460025
 10
139.7963581503186
 20
20.293915562460025
 10
139.7963581503186
 20
19.76946827500077
 10
139.19324376974046
 20
19.76946827500077
  0
LINE
  5
1160
330
1F
100
AcDbEntity
  8
ARCH-FURN
100
AcDbLine
 10
139.2456884984864
 20
20.162803740595212
 30
0.0
 11
139.7439134215727
 21
20.162803740595212
 31
0.0
  0
LINE
  5
1161
330
1F
100
AcDbEntity
  8
ARCH-FURN
100
AcDbLine
 10
139.2456884984864
 20
20.0316919187304
 30
0.0
 11
139.7439134215727
 21
20.0316919187304
 31
0.0
  0
LINE
  5
1162
330
1F
100
AcDbEntity
  8
ARCH-FURN
100
AcDbLine
 10
139.2456884984864
 20
19.900580096865582
 30
0.0
 11
139.7439134215727
 21
19.900580096865582
 31
0.0
  0
TEXT
  5
1163
330
1F
100
AcDbEntity
  8
ARCH-TEXT
100
AcDbText
 10
120.70647688680161
 20
32.001108656472425
 30
0.0
 40
0.25
  1
SERVICES
 72
1
 11
120.70647688680161
 21
32.001108656472425
 31
0.0
100
AcDbText
 73
2
  0
TEXT
  5
1164
330
1F
100
AcDbEntity
  8
ARCH-TEXT
100
AcDbText
 10
136.29567250652806
 20
32.002201254987966
 30
0.0
 40
0.25
  1
KITCHEN
 72
1
 11
136.29567250652806
 21
32.002201254987966
 31
0.0
100
AcDbText
 73
2
  0
TEXT
  5
1165
330
1F
100
AcDbEntity
  8
ARCH-TEXT
100
AcDbText
 10
142.68553236426553
 20
25.92229563680509
 30
0.0
 40
0.25
  1
TERRACE
 72
1
 11
142.68553236426553
 21
25.92229563680509
 31
0.0
100
AcDbText
 73
2
  0
TEXT
  5
1166
330
1F
100
AcDbEntity
  8
ARCH-TEXT
100
AcDbText
 10
128.4092243818969
 20
25.07877666590013
 30
0.0
 40
0.25
  1
SEATING
 72
1
 11
128.4092243818969
 21
25.07877666590013
 31
0.0
100
AcDbText
 73
2
  0
TEXT
  5
1167
330
1F
100
AcDbEntity
  8
ARCH-TEXT
100
AcDbText
 10
134.1320484844355
 20
21.095092482450976
 30
0.0
 40
0.25
  1
TERRACE
 72
1
 11
134.1320484844355
 21
21.095092482450976
 31
0.0
100
AcDbText
 73
2
  0
TEXT
  5
1168
330
1F
100
AcDbEntity
  8
ARCH-TEXT
100
AcDbText
 10
124.38367883551521
 20
21.016408022090186
 30
0.0
 40
0.25
  1
ELEVATOR
 72
1
 11
124.38367883551521
 21
21.016408022090186
 31
0.0
100
AcDbText
 73
2
  0
TEXT
  5
1169
330
1F
100
AcDbEntity
  8
ARCH-TEXT
100
AcDbText
 10
121.10452648531704
 20
16.980469385624737
 30
0.0
 40
0.25
  1
TERRACE
 72
1
 11
121.10452648531704
 21
16.980469385624737
 31
0.0
100
AcDbText
 73
2
  0
LWPOLYLINE
  5
116A
330
1F
100
AcDbEntity
  8
ARCH-COLUMN
100
AcDbPolyline
 90
4
 70
1
 10
143.3504500203116
 20
35.47
 10
143.55045002031162
 20
35.47
 10
143.55045002031162
 20
35.87
 10
143.3504500203116
 20
35.87
  0
HATCH
  5
116B
330
1F
100
AcDbEntity
  8
ARCH-COLUMN
 62
153
100
AcDbHatch
 10
0.0
 20
0.0
 30
0.0
210
0.0
220
0.0
230
1.0
  2
SOLID
 70
1
 71
0
 91
1
 92
3
 72
0
 73
1
 93
4
 10
143.3504500203116
 20
35.47
 10
143.55045002031162
 20
35.47
 10
143.55045002031162
 20
35.87
 10
143.3504500203116
 20
35.87
 97
0
 75
0
 76
1
 98
0
  0
LWPOLYLINE
  5
116C
330
1F
100
AcDbEntity
  8
ARCH-COLUMN
100
AcDbPolyline
 90
4
 70
1
 10
129.6504500203116
 20
35.47
 10
129.8504500203116
 20
35.47
 10
129.8504500203116
 20
35.87
 10
129.6504500203116
 20
35.87
  0
HATCH
  5
116D
330
1F
100
AcDbEntity
  8
ARCH-COLUMN
 62
153
100
AcDbHatch
 10
0.0
 20
0.0
 30
0.0
210
0.0
220
0.0
230
1.0
  2
SOLID
 70
1
 71
0
 91
1
 92
3
 72
0
 73
1
 93
4
 10
129.6504500203116
 20
35.47
 10
129.8504500203116
 20
35.47
 10
129.8504500203116
 20
35.87
 10
129.6504500203116
 20
35.87
 97
0
 75
0
 76
1
 98
0
  0
LWPOLYLINE
  5
116E
330
1F
100
AcDbEntity
  8
ARCH-COLUMN
100
AcDbPolyline
 90
4
 70
1
 10
125.55045002031162
 20
34.97
 10
125.75045002031162
 20
34.97
 10
125.75045002031162
 20
35.37
 10
125.55045002031162
 20
35.37
  0
HATCH
  5
116F
330
1F
100
AcDbEntity
  8
ARCH-COLUMN
 62
153
100
AcDbHatch
 10
0.0
 20
0.0
 30
0.0
210
0.0
220
0.0
230
1.0
  2
SOLID
 70
1
 71
0
 91
1
 92
3
 72
0
 73
1
 93
4
 10
125.55045002031162
 20
34.97
 10
125.75045002031162
 20
34.97
 10
125.75045002031162
 20
35.37
 10
125.55045002031162
 20
35.37
 97
0
 75
0
 76
1
 98
0
  0
LWPOLYLINE
  5
1170
330
1F
100
AcDbEntity
  8
ARCH-COLUMN
100
AcDbPolyline
 90
4
 70
1
 10
115.75045002031162
 20
34.97
 10
115.95045002031162
 20
34.97
 10
115.95045002031162
 20
35.37
 10
115.75045002031162
 20
35.37
  0
HATCH
  5
1171
330
1F
100
AcDbEntity
  8
ARCH-COLUMN
 62
153
100
AcDbHatch
 10
0.0
 20
0.0
 30
0.0
210
0.0
220
0.0
230
1.0
  2
SOLID
 70
1
 71
0
 91
1
 92
3
 72
0
 73
1
 93
4
 10
115.75045002031162
 20
34.97
 10
115.95045002031162
 20
34.97
 10
115.95045002031162
 20
35.37
 10
115.75045002031162
 20
35.37
 97
0
 75
0
 76
1
 98
0
  0
LWPOLYLINE
  5
1172
330
1F
100
AcDbEntity
  8
ARCH-COLUMN
100
AcDbPolyline
 90
4
 70
1
 10
119.75045002031162
 20
35.17
 10
120.15045002031162
 20
35.17
 10
120.15045002031162
 20
35.37
 10
119.75045002031162
 20
35.37
  0
HATCH
  5
1173
330
1F
100
AcDbEntity
  8
ARCH-COLUMN
 62
153
100
AcDbHatch
 10
0.0
 20
0.0
 30
0.0
210
0.0
220
0.0
230
1.0
  2
SOLID
 70
1
 71
0
 91
1
 92
3
 72
0
 73
1
 93
4
 10
119.75045002031162
 20
35.17
 10
120.15045002031162
 20
35.17
 10
120.15045002031162
 20
35.37
 10
119.75045002031162
 20
35.37
 97
0
 75
0
 76
1
 98
0
  0
LWPOLYLINE
  5
1174
330
1F
100
AcDbEntity
  8
ARCH-COLUMN
100
AcDbPolyline
 90
4
 70
1
 10
140.14045002031162
 20
35.67
 10
140.54045002031162
 20
35.67
 10
140.54045002031162
 20
35.87
 10
140.14045002031162
 20
35.87
  0
HATCH
  5
1175
330
1F
100
AcDbEntity
  8
ARCH-COLUMN
 62
153
100
AcDbHatch
 10
0.0
 20
0.0
 30
0.0
210
0.0
220
0.0
230
1.0
  2
SOLID
 70
1
 71
0
 91
1
 92
3
 72
0
 73
1
 93
4
 10
140.14045002031162
 20
35.67
 10
140.54045002031162
 20
35.67
 10
140.54045002031162
 20
35.87
 10
140.14045002031162
 20
35.87
 97
0
 75
0
 76
1
 98
0
  0
LWPOLYLINE
  5
1176
330
1F
100
AcDbEntity
  8
ARCH-COLUMN
100
AcDbPolyline
 90
4
 70
1
 10
134.8504500203116
 20
35.67
 10
135.25045002031163
 20
35.67
 10
135.25045002031163
 20
35.87
 10
134.8504500203116
 20
35.87
  0
HATCH
  5
1177
330
1F
100
AcDbEntity
  8
ARCH-COLUMN
 62
153
100
AcDbHatch
 10
0.0
 20
0.0
 30
0.0
210
0.0
220
0.0
230
1.0
  2
SOLID
 70
1
 71
0
 91
1
 92
3
 72
0
 73
1
 93
4
 10
134.8504500203116
 20
35.67
 10
135.25045002031163
 20
35.67
 10
135.25045002031163
 20
35.87
 10
134.8504500203116
 20
35.87
 97
0
 75
0
 76
1
 98
0
  0
LWPOLYLINE
  5
1178
330
1F
100
AcDbEntity
  8
ARCH-COLUMN
100
AcDbPolyline
 90
4
 70
1
 10
129.44045002031163
 20
29.17
 10
129.8404500203116
 20
29.17
 10
129.8404500203116
 20
29.37
 10
129.44045002031163
 20
29.37
  0
HATCH
  5
1179
330
1F
100
AcDbEntity
  8
ARCH-COLUMN
 62
153
100
AcDbHatch
 10
0.0
 20
0.0
 30
0.0
210
0.0
220
0.0
230
1.0
  2
SOLID
 70
1
 71
0
 91
1
 92
3
 72
0
 73
1
 93
4
 10
129.44045002031163
 20
29.17
 10
129.8404500203116
 20
29.17
 10
129.8404500203116
 20
29.37
 10
129.44045002031163
 20
29.37
 97
0
 75
0
 76
1
 98
0
  0
LWPOLYLINE
  5
117A
330
1F
100
AcDbEntity
  8
ARCH-COLUMN
100
AcDbPolyline
 90
4
 70
1
 10
143.14045002031162
 20
29.17
 10
143.54045002031162
 20
29.17
 10
143.54045002031162
 20
29.37
 10
143.14045002031162
 20
29.37
  0
HATCH
  5
117B
330
1F
100
AcDbEntity
  8
ARCH-COLUMN
 62
153
100
AcDbHatch
 10
0.0
 20
0.0
 30
0.0
210
0.0
220
0.0
230
1.0
  2
SOLID
 70
1
 71
0
 91
1
 92
3
 72
0
 73
1
 93
4
 10
143.14045002031162
 20
29.17
 10
143.54045002031162
 20
29.17
 10
143.54045002031162
 20
29.37
 10
143.14045002031162
 20
29.37
 97
0
 75
0
 76
1
 98
0
  0
LWPOLYLINE
  5
117C
330
1F
100
AcDbEntity
  8
ARCH-COLUMN
100
AcDbPolyline
 90
4
 70
1
 10
140.14045002031162
 20
29.17
 10
140.54045002031162
 20
29.17
 10
140.54045002031162
 20
29.37
 10
140.14045002031162
 20
29.37
  0
HATCH
  5
117D
330
1F
100
AcDbEntity
  8
ARCH-COLUMN
 62
153
100
AcDbHatch
 10
0.0
 20
0.0
 30
0.0
210
0.0
220
0.0
230
1.0
  2
SOLID
 70
1
 71
0
 91
1
 92
3
 72
0
 73
1
 93
4
 10
140.14045002031162
 20
29.17
 10
140.54045002031162
 20
29.17
 10
140.54045002031162
 20
29.37
 10
140.14045002031162
 20
29.37
 97
0
 75
0
 76
1
 98
0
  0
LWPOLYLINE
  5
117E
330
1F
100
AcDbEntity
  8
ARCH-COLUMN
100
AcDbPolyline
 90
4
 70
1
 10
134.8504500203116
 20
29.17
 10
135.25045002031163
 20
29.17
 10
135.25045002031163
 20
29.37
 10
134.8504500203116
 20
29.37
  0
HATCH
  5
117F
330
1F
100
AcDbEntity
  8
ARCH-COLUMN
 62
153
100
AcDbHatch
 10
0.0
 20
0.0
 30
0.0
210
0.0
220
0.0
230
1.0
  2
SOLID
 70
1
 71
0
 91
1
 92
3
 72
0
 73
1
 93
4
 10
134.8504500203116
 20
29.17
 10
135.25045002031163
 20
29.17
 10
135.25045002031163
 20
29.37
 10
134.8504500203116
 20
29.37
 97
0
 75
0
 76
1
 98
0
  0
LWPOLYLINE
  5
1180
330
1F
100
AcDbEntity
  8
ARCH-COLUMN
100
AcDbPolyline
 90
4
 70
1
 10
125.55045002031162
 20
29.17
 10
125.95045002031162
 20
29.17
 10
125.95045002031162
 20
29.37
 10
125.55045002031162
 20
29.37
  0
HATCH
  5
1181
330
1F
100
AcDbEntity
  8
ARCH-COLUMN
 62
153
100
AcDbHatch
 10
0.0
 20
0.0
 30
0.0
210
0.0
220
0.0
230
1.0
  2
SOLID
 70
1
 71
0
 91
1
 92
3
 72
0
 73
1
 93
4
 10
125.55045002031162
 20
29.17
 10
125.95045002031162
 20
29.17
 10
125.95045002031162
 20
29.37
 10
125.55045002031162
 20
29.37
 97
0
 75
0
 76
1
 98
0
  0
LWPOLYLINE
  5
1182
330
1F
100
AcDbEntity
  8
ARCH-COLUMN
100
AcDbPolyline
 90
4
 70
1
 10
115.75045002031162
 20
29.17
 10
115.95045002031162
 20
29.17
 10
115.95045002031162
 20
29.57
 10
115.75045002031162
 20
29.57
  0
HATCH
  5
1183
330
1F
100
AcDbEntity
  8
ARCH-COLUMN
 62
153
100
AcDbHatch
 10
0.0
 20
0.0
 30
0.0
210
0.0
220
0.0
230
1.0
  2
SOLID
 70
1
 71
0
 91
1
 92
3
 72
0
 73
1
 93
4
 10
115.75045002031162
 20
29.17
 10
115.95045002031162
 20
29.17
 10
115.95045002031162
 20
29.57
 10
115.75045002031162
 20
29.57
 97
0
 75
0
 76
1
 98
0
  0
LWPOLYLINE
  5
1184
330
1F
100
AcDbEntity
  8
ARCH-COLUMN
100
AcDbPolyline
 90
4
 70
1
 10
119.75045002031162
 20
29.17
 10
120.15045002031162
 20
29.17
 10
120.15045002031162
 20
29.37
 10
119.75045002031162
 20
29.37
  0
HATCH
  5
1185
330
1F
100
AcDbEntity
  8
ARCH-COLUMN
 62
153
100
AcDbHatch
 10
0.0
 20
0.0
 30
0.0
210
0.0
220
0.0
230
1.0
  2
SOLID
 70
1
 71
0
 91
1
 92
3
 72
0
 73
1
 93
4
 10
119.75045002031162
 20
29.17
 10
120.15045002031162
 20
29.17
 10
120.15045002031162
 20
29.37
 10
119.75045002031162
 20
29.37
 97
0
 75
0
 76
1
 98
0
  0
LWPOLYLINE
  5
1186
330
1F
100
AcDbEntity
  8
ARCH-COLUMN
100
AcDbPolyline
 90
4
 70
1
 10
143.1504500203116
 20
19.97
 10
143.55045002031162
 20
19.97
 10
143.55045002031162
 20
20.17
 10
143.1504500203116
 20
20.17
  0
HATCH
  5
1187
330
1F
100
AcDbEntity
  8
ARCH-COLUMN
 62
153
100
AcDbHatch
 10
0.0
 20
0.0
 30
0.0
210
0.0
220
0.0
230
1.0
  2
SOLID
 70
1
 71
0
 91
1
 92
3
 72
0
 73
1
 93
4
 10
143.1504500203116
 20
19.97
 10
143.55045002031162
 20
19.97
 10
143.55045002031162
 20
20.17
 10
143.1504500203116
 20
20.17
 97
0
 75
0
 76
1
 98
0
  0
LWPOLYLINE
  5
1188
330
1F
100
AcDbEntity
  8
ARCH-COLUMN
100
AcDbPolyline
 90
4
 70
1
 10
136.54045002031162
 20
19.97
 10
136.94045002031163
 20
19.97
 10
136.94045002031163
 20
20.17
 10
136.54045002031162
 20
20.17
  0
HATCH
  5
1189
330
1F
100
AcDbEntity
  8
ARCH-COLUMN
 62
153
100
AcDbHatch
 10
0.0
 20
0.0
 30
0.0
210
0.0
220
0.0
230
1.0
  2
SOLID
 70
1
 71
0
 91
1
 92
3
 72
0
 73
1
 93
4
 10
136.54045002031162
 20
19.97
 10
136.94045002031163
 20
19.97
 10
136.94045002031163
 20
20.17
 10
136.54045002031162
 20
20.17
 97
0
 75
0
 76
1
 98
0
  0
LWPOLYLINE
  5
118A
330
1F
100
AcDbEntity
  8
ARCH-COLUMN
100
AcDbPolyline
 90
4
 70
1
 10
129.45045002031162
 20
19.97
 10
129.8504500203116
 20
19.97
 10
129.8504500203116
 20
20.17
 10
129.45045002031162
 20
20.17
  0
HATCH
  5
118B
330
1F
100
AcDbEntity
  8
ARCH-COLUMN
 62
153
100
AcDbHatch
 10
0.0
 20
0.0
 30
0.0
210
0.0
220
0.0
230
1.0
  2
SOLID
 70
1
 71
0
 91
1
 92
3
 72
0
 73
1
 93
4
 10
129.45045002031162
 20
19.97
 10
129.8504500203116
 20
19.97
 10
129.8504500203116
 20
20.17
 10
129.45045002031162
 20
20.17
 97
0
 75
0
 76
1
 98
0
  0
LWPOLYLINE
  5
118C
330
1F
100
AcDbEntity
  8
ARCH-COLUMN
100
AcDbPolyline
 90
4
 70
1
 10
143.3504500203116
 20
24.26
 10
143.55045002031162
 20
24.26
 10
143.55045002031162
 20
24.66
 10
143.3504500203116
 20
24.66
  0
HATCH
  5
118D
330
1F
100
AcDbEntity
  8
ARCH-COLUMN
 62
153
100
AcDbHatch
 10
0.0
 20
0.0
 30
0.0
210
0.0
220
0.0
230
1.0
  2
SOLID
 70
1
 71
0
 91
1
 92
3
 72
0
 73
1
 93
4
 10
143.3504500203116
 20
24.26
 10
143.55045002031162
 20
24.26
 10
143.55045002031162
 20
24.66
 10
143.3504500203116
 20
24.66
 97
0
 75
0
 76
1
 98
0
  0
LWPOLYLINE
  5
118E
330
1F
100
AcDbEntity
  8
ARCH-COLUMN
100
AcDbPolyline
 90
4
 70
1
 10
129.6504500203116
 20
24.26
 10
129.8504500203116
 20
24.26
 10
129.8504500203116
 20
24.66
 10
129.6504500203116
 20
24.66
  0
HATCH
  5
118F
330
1F
100
AcDbEntity
  8
ARCH-COLUMN
 62
153
100
AcDbHatch
 10
0.0
 20
0.0
 30
0.0
210
0.0
220
0.0
230
1.0
  2
SOLID
 70
1
 71
0
 91
1
 92
3
 72
0
 73
1
 93
4
 10
129.6504500203116
 20
24.26
 10
129.8504500203116
 20
24.26
 10
129.8504500203116
 20
24.66
 10
129.6504500203116
 20
24.66
 97
0
 75
0
 76
1
 98
0
  0
LWPOLYLINE
  5
1190
330
1F
100
AcDbEntity
  8
ARCH-COLUMN
100
AcDbPolyline
 90
4
 70
1
 10
115.75045002031162
 20
15.67
 10
115.95045002031162
 20
15.67
 10
115.95045002031162
 20
16.07
 10
115.75045002031162
 20
16.07
  0
HATCH
  5
1191
330
1F
100
AcDbEntity
  8
ARCH-COLUMN
 62
153
100
AcDbHatch
 10
0.0
 20
0.0
 30
0.0
210
0.0
220
0.0
230
1.0
  2
SOLID
 70
1
 71
0
 91
1
 92
3
 72
0
 73
1
 93
4
 10
115.75045002031162
 20
15.67
 10
115.95045002031162
 20
15.67
 10
115.95045002031162
 20
16.07
 10
115.75045002031162
 20
16.07
 97
0
 75
0
 76
1
 98
0
  0
LWPOLYLINE
  5
1192
330
1F
100
AcDbEntity
  8
ARCH-COLUMN
100
AcDbPolyline
 90
4
 70
1
 10
119.75045002031162
 20
15.67
 10
119.95045002031162
 20
15.67
 10
119.95045002031162
 20
16.07
 10
119.75045002031162
 20
16.07
  0
HATCH
  5
1193
330
1F
100
AcDbEntity
  8
ARCH-COLUMN
 62
153
100
AcDbHatch
 10
0.0
 20
0.0
 30
0.0
210
0.0
220
0.0
230
1.0
  2
SOLID
 70
1
 71
0
 91
1
 92
3
 72
0
 73
1
 93
4
 10
119.75045002031162
 20
15.67
 10
119.95045002031162
 20
15.67
 10
119.95045002031162
 20
16.07
 10
119.75045002031162
 20
16.07
 97
0
 75
0
 76
1
 98
0
  0
LWPOLYLINE
  5
1194
330
1F
100
AcDbEntity
  8
ARCH-COLUMN
100
AcDbPolyline
 90
4
 70
1
 10
122.55045002031162
 20
15.87
 10
122.95045002031162
 20
15.87
 10
122.95045002031162
 20
16.07
 10
122.55045002031162
 20
16.07
  0
HATCH
  5
1195
330
1F
100
AcDbEntity
  8
ARCH-COLUMN
 62
153
100
AcDbHatch
 10
0.0
 20
0.0
 30
0.0
210
0.0
220
0.0
230
1.0
  2
SOLID
 70
1
 71
0
 91
1
 92
3
 72
0
 73
1
 93
4
 10
122.55045002031162
 20
15.87
 10
122.95045002031162
 20
15.87
 10
122.95045002031162
 20
16.07
 10
122.55045002031162
 20
16.07
 97
0
 75
0
 76
1
 98
0
  0
LWPOLYLINE
  5
1196
330
1F
100
AcDbEntity
  8
ARCH-COLUMN
100
AcDbPolyline
 90
4
 70
1
 10
125.54045002031162
 20
15.67
 10
125.74045002031161
 20
15.67
 10
125.74045002031161
 20
16.07
 10
125.54045002031162
 20
16.07
  0
HATCH
  5
1197
330
1F
100
AcDbEntity
  8
ARCH-COLUMN
 62
153
100
AcDbHatch
 10
0.0
 20
0.0
 30
0.0
210
0.0
220
0.0
230
1.0
  2
SOLID
 70
1
 71
0
 91
1
 92
3
 72
0
 73
1
 93
4
 10
125.54045002031162
 20
15.67
 10
125.74045002031161
 20
15.67
 10
125.74045002031161
 20
16.07
 10
125.54045002031162
 20
16.07
 97
0
 75
0
 76
1
 98
0
  0
LWPOLYLINE
  5
1198
330
1F
100
AcDbEntity
  8
ARCH-COLUMN
100
AcDbPolyline
 90
4
 70
1
 10
125.54045002031162
 20
24.26
 10
125.74045002031161
 20
24.26
 10
125.74045002031161
 20
24.66
 10
125.54045002031162
 20
24.66
  0
HATCH
  5
1199
330
1F
100
AcDbEntity
  8
ARCH-COLUMN
 62
153
100
AcDbHatch
 10
0.0
 20
0.0
 30
0.0
210
0.0
220
0.0
230
1.0
  2
SOLID
 70
1
 71
0
 91
1
 92
3
 72
0
 73
1
 93
4
 10
125.54045002031162
 20
24.26
 10
125.74045002031161
 20
24.26
 10
125.74045002031161
 20
24.66
 10
125.54045002031162
 20
24.66
 97
0
 75
0
 76
1
 98
0
  0
LWPOLYLINE
  5
119A
330
1F
100
AcDbEntity
  8
ARCH-COLUMN
100
AcDbPolyline
 90
4
 70
1
 10
115.75045002031162
 20
21.56
 10
115.95045002031162
 20
21.56
 10
115.95045002031162
 20
21.96
 10
115.75045002031162
 20
21.96
  0
HATCH
  5
119B
330
1F
100
AcDbEntity
  8
ARCH-COLUMN
 62
153
100
AcDbHatch
 10
0.0
 20
0.0
 30
0.0
210
0.0
220
0.0
230
1.0
  2
SOLID
 70
1
 71
0
 91
1
 92
3
 72
0
 73
1
 93
4
 10
115.75045002031162
 20
21.56
 10
115.95045002031162
 20
21.56
 10
115.95045002031162
 20
21.96
 10
115.75045002031162
 20
21.96
 97
0
 75
0
 76
1
 98
0
  0
LWPOLYLINE
  5
119C
330
1F
100
AcDbEntity
  8
ARCH-COLUMN
100
AcDbPolyline
 90
4
 70
1
 10
115.75045002031162
 20
26.17
 10
115.95045002031162
 20
26.17
 10
115.95045002031162
 20
26.57
 10
115.75045002031162
 20
26.57
  0
HATCH
  5
119D
330
1F
100
AcDbEntity
  8
ARCH-COLUMN
 62
153
100
AcDbHatch
 10
0.0
 20
0.0
 30
0.0
210
0.0
220
0.0
230
1.0
  2
SOLID
 70
1
 71
0
 91
1
 92
3
 72
0
 73
1
 93
4
 10
115.75045002031162
 20
26.17
 10
115.95045002031162
 20
26.17
 10
115.95045002031162
 20
26.57
 10
115.75045002031162
 20
26.57
 97
0
 75
0
 76
1
 98
0
  0
LWPOLYLINE
  5
119E
330
1F
100
AcDbEntity
  8
ARCH-COLUMN
100
AcDbPolyline
 90
4
 70
1
 10
125.54045002031162
 20
21.56
 10
125.74045002031161
 20
21.56
 10
125.74045002031161
 20
21.96
 10
125.54045002031162
 20
21.96
  0
HATCH
  5
119F
330
1F
100
AcDbEntity
  8
ARCH-COLUMN
 62
153
100
AcDbHatch
 10
0.0
 20
0.0
 30
0.0
210
0.0
220
0.0
230
1.0
  2
SOLID
 70
1
 71
0
 91
1
 92
3
 72
0
 73
1
 93
4
 10
125.54045002031162
 20
21.56
 10
125.74045002031161
 20
21.56
 10
125.74045002031161
 20
21.96
 10
125.54045002031162
 20
21.96
 97
0
 75
0
 76
1
 98
0
  0
TEXT
  5
11A0
330
1F
100
AcDbEntity
  8
ARCH-COLUMN
 62
7
420
16777215
100
AcDbText
 10
143.30152768010953
 20
36.1325819877986
 30
0.0
 40
0.2555652996806926
  1
C1
100
AcDbText
  0
TEXT
  5
11A1
330
1F
100
AcDbEntity
  8
ARCH-COLUMN
 62
7
420
16777215
100
AcDbText
 10
140.19798940669875
 20
36.1325819877986
 30
0.0
 40
0.2555652996806926
  1
C1
100
AcDbText
  0
TEXT
  5
11A2
330
1F
100
AcDbEntity
  8
ARCH-COLUMN
 62
7
420
16777215
100
AcDbText
 10
134.81690924825466
 20
36.22460434236174
 30
0.0
 40
0.2555652996806926
  1
C1
100
AcDbText
  0
TEXT
  5
11A3
330
1F
100
AcDbEntity
  8
ARCH-COLUMN
 62
7
420
16777215
100
AcDbText
 10
129.53834131910733
 20
36.146141270686
 30
0.0
 40
0.2555652996806926
  1
C1
100
AcDbText
  0
TEXT
  5
11A4
330
1F
100
AcDbEntity
  8
ARCH-COLUMN
 62
7
420
16777215
100
AcDbText
 10
125.48530568283674
 20
35.621481477998
 30
0.0
 40
0.2555652996806926
  1
C1
100
AcDbText
  0
TEXT
  5
11A5
330
1F
100
AcDbEntity
  8
ARCH-COLUMN
 62
7
420
16777215
100
AcDbText
 10
119.80029258789706
 20
35.60854559199558
 30
0.0
 40
0.2555652996806926
  1
C1
100
AcDbText
  0
TEXT
  5
11A6
330
1F
100
AcDbEntity
  8
ARCH-COLUMN
 62
7
420
16777215
100
AcDbText
 10
115.73384436885385
 20
35.59581002632896
 30
0.0
 40
0.2555652996806926
  1
C1
100
AcDbText
  0
TEXT
  5
11A7
330
1F
100
AcDbEntity
  8
ARCH-COLUMN
 62
7
420
16777215
100
AcDbText
 10
115.1522030361755
 20
29.19838939865937
 30
0.0
 40
0.2555652996806926
  1
C1
100
AcDbText
  0
TEXT
  5
11A8
330
1F
100
AcDbEntity
  8
ARCH-COLUMN
 62
7
420
16777215
100
AcDbText
 10
119.79003639533198
 20
29.68690018483627
 30
0.0
 40
0.2555652996806926
  1
C1
100
AcDbText
  0
TEXT
  5
11A9
330
1F
100
AcDbEntity
  8
ARCH-COLUMN
 62
7
420
16777215
100
AcDbText
 10
124.91022566304015
 20
29.6614482842551
 30
0.0
 40
0.2555652996806926
  1
C1
100
AcDbText
  0
TEXT
  5
11AA
330
1F
100
AcDbEntity
  8
ARCH-COLUMN
 62
7
420
16777215
100
AcDbText
 10
129.14245887291577
 20
29.79177188701689
 30
0.0
 40
0.2555652996806926
  1
C1
100
AcDbText
  0
TEXT
  5
11AB
330
1F
100
AcDbEntity
  8
ARCH-COLUMN
 62
7
420
16777215
100
AcDbText
 10
134.83210299550933
 20
29.76525428224929
 30
0.0
 40
0.2555652996806926
  1
C1
100
AcDbText
  0
TEXT
  5
11AC
330
1F
100
AcDbEntity
  8
ARCH-COLUMN
 62
7
420
16777215
100
AcDbText
 10
140.0719368105399
 20
29.70436651555244
 30
0.0
 40
0.2555652996806926
  1
C1
100
AcDbText
  0
TEXT
  5
11AD
330
1F
100
AcDbEntity
  8
ARCH-COLUMN
 62
7
420
16777215
100
AcDbText
 10
144.10963786329353
 20
29.86458272009869
 30
0.0
 40
0.2555652996806926
  1
C1
100
AcDbText
  0
TEXT
  5
11AE
330
1F
100
AcDbEntity
  8
ARCH-COLUMN
 62
7
420
16777215
100
AcDbText
 10
143.97261246547873
 20
24.3303904961285
 30
0.0
 40
0.2555652996806926
  1
C1
100
AcDbText
  0
TEXT
  5
11AF
330
1F
100
AcDbEntity
  8
ARCH-COLUMN
 62
7
420
16777215
100
AcDbText
 10
144.1135274294527
 20
19.46529223205968
 30
0.0
 40
0.2555652996806926
  1
C1
100
AcDbText
  0
TEXT
  5
11B0
330
1F
100
AcDbEntity
  8
ARCH-COLUMN
 62
7
420
16777215
100
AcDbText
 10
136.4141042926119
 20
18.7275989738159
 30
0.0
 40
0.2555652996806926
  1
C1
100
AcDbText
  0
TEXT
  5
11B1
330
1F
100
AcDbEntity
  8
ARCH-COLUMN
 62
7
420
16777215
100
AcDbText
 10
128.62015517094164
 20
19.46501178358946
 30
0.0
 40
0.2555652996806926
  1
C1
100
AcDbText
  0
TEXT
  5
11B2
330
1F
100
AcDbEntity
  8
ARCH-COLUMN
 62
7
420
16777215
100
AcDbText
 10
130.0688466621839
 20
24.33512606886595
 30
0.0
 40
0.2555652996806926
  1
C1
100
AcDbText
  0
TEXT
  5
11B3
330
1F
100
AcDbEntity
  8
ARCH-COLUMN
 62
7
420
16777215
100
AcDbText
 10
124.96886791358635
 20
24.33512606886595
 30
0.0
 40
0.2555652996806926
  1
C1
100
AcDbText
  0
TEXT
  5
11B4
330
1F
100
AcDbEntity
  8
ARCH-COLUMN
 62
7
420
16777215
100
AcDbText
 10
115.20478856094475
 20
21.56671694361441
 30
0.0
 40
0.2555652996806926
  1
C1
100
AcDbText
  0
TEXT
  5
11B5
330
1F
100
AcDbEntity
  8
ARCH-COLUMN
 62
7
420
16777215
100
AcDbText
 10
115.1900601791133
 20
26.20976970179512
 30
0.0
 40
0.2555652996806926
  1
C1
100
AcDbText
  0
TEXT
  5
11B6
330
1F
100
AcDbEntity
  8
ARCH-COLUMN
 62
7
420
16777215
100
AcDbText
 10
126.01505645960516
 20
21.68698694952226
 30
0.0
 40
0.2555652996806926
  1
C1
100
AcDbText
  0
TEXT
  5
11B7
330
1F
100
AcDbEntity
  8
ARCH-COLUMN
 62
7
420
16777215
100
AcDbText
 10
125.44674140068288
 20
15.21332804145456
 30
0.0
 40
0.2555652996806926
  1
C1
100
AcDbText
  0
TEXT
  5
11B8
330
1F
100
AcDbEntity
  8
ARCH-COLUMN
 62
7
420
16777215
100
AcDbText
 10
122.58774458390485
 20
16.31269540813432
 30
0.0
 40
0.2555652996806926
  1
C1
100
AcDbText
  0
TEXT
  5
11B9
330
1F
100
AcDbEntity
  8
ARCH-COLUMN
 62
7
420
16777215
100
AcDbText
 10
119.71650071196133
 20
16.31269540813534
 30
0.0
 40
0.2555652996806926
  1
C1
100
AcDbText
  0
TEXT
  5
11BA
330
1F
100
AcDbEntity
  8
ARCH-COLUMN
 62
7
420
16777215
100
AcDbText
 10
115.77637277754162
 20
15.04857498194403
 30
0.0
 40
0.2555652996806926
  1
C1
100
AcDbText
  0
ENDSEC
  0
SECTION
  2
OBJECTS
  0
DICTIONARY
  5
C
330
0
100
AcDbDictionary
281
1
  3
ACAD_ASSOCNETWORK
350
69E
  3
ACAD_CIP_PREVIOUS_PRODUCT_INFO
350
1A5
  3
ACAD_COLOR
350
73
  3
ACAD_DETAILVIEWSTYLE
350
1AB
  3
ACAD_GROUP
350
D
  3
ACAD_LAYOUT
350
1A
  3
ACAD_MATERIAL
350
72
  3
ACAD_MLEADERSTYLE
350
D7
  3
ACAD_MLINESTYLE
350
17
  3
ACAD_PLOTSETTINGS
350
19
  3
ACAD_PLOTSTYLENAME
350
E
  3
ACAD_SCALELIST
350
B6
  3
ACAD_SECTIONVIEWSTYLE
350
1A8
  3
ACAD_TABLESTYLE
350
86
  3
ACAD_VISUALSTYLE
350
99
  3
ACDB_RECOMPOSE_DATA
350
FBC
  3
AcDbVariableDictionary
350
66
  3
AcDsDecomposeData
350
FC2
  3
EZDXF_META
350
11BD
  0
DICTIONARY
  5
18E
330
2
100
AcDbDictionary
280
1
281
1
  3
ACAD_LAYERSTATES
360
18F
  0
DICTIONARY
  5
E6
330
10
100
AcDbDictionary
280
1
281
1
  0
DICTIONARY
  5
3AC
330
3AB
100
AcDbDictionary
280
1
281
1
  0
DICTIONARY
  5
3B0
330
3AF
100
AcDbDictionary
280
1
281
1
  0
DICTIONARY
  5
3B2
330
3B1
100
AcDbDictionary
280
1
281
1
  0
DICTIONARY
  5
3B7
330
3B6
100
AcDbDictionary
280
1
281
1
  0
DICTIONARY
  5
3B9
330
3B8
100
AcDbDictionary
280
1
281
1
  0
DICTIONARY
  5
15D
330
1F
100
AcDbDictionary
280
1
281
1
  3
ACAD_ASSOCNETWORK
360
989
  0
DICTIONARY
  5
E39
330
E2B
100
AcDbDictionary
280
1
281
1
  3
ACAD_DIMASSOC
360
E44
  0
DICTIONARY
  5
F1C
330
F0E
100
AcDbDictionary
280
1
281
1
  3
ACAD_DIMASSOC
360
F27
  0
DICTIONARY
  5
F36
330
F28
100
AcDbDictionary
280
1
281
1
  3
ACAD_DIMASSOC
360
F41
  0
DICTIONARY
  5
F50
330
F42
100
AcDbDictionary
280
1
281
1
  3
ACAD_DIMASSOC
360
F5B
  0
DICTIONARY
  5
F6A
330
F5C
100
AcDbDictionary
280
1
281
1
  3
ACAD_DIMASSOC
360
F75
  0
DICTIONARY
  5
F84
330
F76
100
AcDbDictionary
280
1
281
1
  3
ACAD_DIMASSOC
360
F8F
  0
DICTIONARY
  5
F9E
330
F90
100
AcDbDictionary
280
1
281
1
  3
ACAD_DIMASSOC
360
FA9
  0
DICTIONARY
  5
69E
102
{ACAD_REACTORS
330
C
102
}
330
C
100
AcDbDictionary
281
1
  3
ACAD_ASSOCNETWORK
350
69F
  0
XRECORD
  5
1A5
102
{ACAD_REACTORS
330
C
102
}
330
C
100
AcDbXrecord
280
1
300
ACD
300
2021
300

  0
DICTIONARY
  5
73
102
{ACAD_REACTORS
330
C
102
}
330
C
100
AcDbDictionary
281
1
  0
DICTIONARY
  5
1AB
102
{ACAD_REACTORS
330
C
102
}
330
C
100
AcDbDictionary
281
1
  3
Imperial24
350
1AC
  0
DICTIONARY
  5
D
102
{ACAD_REACTORS
330
C
102
}
330
C
100
AcDbDictionary
281
1
  0
DICTIONARY
  5
1A
102
{ACAD_REACTORS
330
C
102
}
330
C
100
AcDbDictionary
281
1
  3
Layout1
350
59
  3
Layout2
350
5E
  3
Model
350
22
  0
DICTIONARY
  5
72
102
{ACAD_REACTORS
330
C
102
}
330
C
100
AcDbDictionary
281
1
  3
ByBlock
350
97
  3
ByLayer
350
96
  3
Global
350
98
  0
DICTIONARY
  5
D7
102
{ACAD_REACTORS
330
C
102
}
330
C
100
AcDbDictionary
281
1
  3
Annotative
350
E5
  3
Standard
350
D8
  0
DICTIONARY
  5
17
102
{ACAD_REACTORS
330
C
102
}
330
C
100
AcDbDictionary
281
1
  3
Standard
350
18
  0
DICTIONARY
  5
19
102
{ACAD_REACTORS
330
C
102
}
330
C
100
AcDbDictionary
281
1
  0
ACDBDICTIONARYWDFLT
  5
E
102
{ACAD_REACTORS
330
C
102
}
330
C
100
AcDbDictionary
281
1
  3
Normal
350
F
100
AcDbDictionaryWithDefault
340
F
  0
DICTIONARY
  5
B6
102
{ACAD_REACTORS
330
C
102
}
330
C
100
AcDbDictionary
281
1
  3
A0
350
B7
  3
A1
350
124
  3
A2
350
125
  3
A3
350
126
  3
A4
350
127
  3
A5
350
128
  3
A6
350
129
  3
A7
350
12A
  3
A8
350
12B
  3
A9
350
12C
  3
B0
350
12D
  3
B1
350
12E
  3
B2
350
12F
  3
B3
350
130
  3
B4
350
131
  3
B5
350
132
  3
B6
350
133
  3
B7
350
134
  3
B8
350
135
  3
B9
350
136
  3
C0
350
137
  3
C1
350
138
  3
C2
350
139
  3
C3
350
13A
  3
C4
350
13B
  3
C5
350
13C
  3
C6
350
13D
  3
C7
350
13E
  3
C8
350
13F
  3
C9
350
140
  3
D0
350
141
  3
D1
350
142
  3
D2
350
143
  0
DICTIONARY
  5
1A8
102
{ACAD_REACTORS
330
C
102
}
330
C
100
AcDbDictionary
281
1
  3
Imperial24
350
1AA
  0
DICTIONARY
  5
86
102
{ACAD_REACTORS
330
C
102
}
330
C
100
AcDbDictionary
281
1
  3
Standard
350
87
  0
DICTIONARY
  5
99
102
{ACAD_REACTORS
330
C
102
}
330
C
100
AcDbDictionary
281
1
  3
2dWireframe
350
9F
  3
Basic
350
9E
  3
Brighten
350
A5
  3
ColorChange
350
A9
  3
Conceptual
350
A2
  3
Dim
350
A4
  3
EdgeColorOff
350
175
  3
Facepattern
350
A8
  3
Flat
350
9A
  3
FlatWithEdges
350
9B
  3
Gouraud
350
9C
  3
GouraudWithEdges
350
9D
  3
Hidden
350
A1
  3
JitterOff
350
173
  3
Linepattern
350
A7
  3
OverhangOff
350
174
  3
Realistic
350
A3
  3
Shaded
350
182
  3
Shaded with edges
350
181
  3
Shades of Gray
350
17E
  3
Sketchy
350
17F
  3
Thicken
350
A6
  3
Wireframe
350
A0
  3
X-Ray
350
180
  0
XRECORD
  5
FBC
102
{ACAD_REACTORS
330
C
102
}
330
C
100
AcDbXrecord
280
1
 90
1
330
87
  0
DICTIONARY
  5
66
102
{ACAD_REACTORS
330
C
102
}
330
C
100
AcDbDictionary
281
1
  3
CANNOSCALE
350
F0
  3
CMLEADERSTYLE
350
EF
  3
CTABLESTYLE
350
89
  3
CVIEWDETAILSTYLE
350
1B7
  3
CVIEWSECTIONSTYLE
350
1B8
  3
DIMASSOC
350
67
  3
HIDETEXT
350
6B
  3
LAYEREVAL
350
14D
  3
LAYERNOTIFY
350
14E
  0
DICTIONARY
  5
FC2
102
{ACAD_REACTORS
330
C
102
}
330
C
100
AcDbDictionary
281
1
  3
AcDsRecords
350
FC4
  3
AcDsSchemas
350
FC3
1001
ACAD
1070
2
  0
DICTIONARY
  5
18F
102
{ACAD_REACTORS
330
18E
102
}
330
18E
100
AcDbDictionary
281
1
  0
DICTIONARY
  5
989
102
{ACAD_REACTORS
330
15D
102
}
330
15D
100
AcDbDictionary
281
1
  3
ACAD_ASSOCNETWORK
350
98A
  0
DIMASSOC
  5
E44
102
{ACAD_REACTORS
330
E39
102
}
330
E39
100
AcDbDimAssoc
330
E2B
 90
3
 70
0
 71
0
  1
AcDbOsnapPointRef
 72
11
331
D14
 73
2
 91
4
 40
0.5000000000001421
 10
0.0
 20
0.0
 30
0.0
332
CA1
 74
2
 92
0
 75
0
  1
AcDbOsnapPointRef
 72
8
331
B75
 73
2
 91
0
 40
2.41e-14
 10
0.0
 20
0.0
 30
0.0
 75
1
  1
AcDbOsnapPointRef
 72
11
331
D14
 73
2
 91
4
 40
0.5000000000001421
 10
0.0
 20
0.0
 30
0.0
332
CA1
 74
2
 92
0
 75
0
  0
DIMASSOC
  5
F27
102
{ACAD_REACTORS
330
F1C
102
}
330
F1C
100
AcDbDimAssoc
330
F0E
 90
3
 70
0
 71
0
  1
AcDbOsnapPointRef
 72
2
331
D1D
 73
2
 91
2
 40
0.5
 10
0.0
 20
0.0
 30
0.0
 75
0
  1
AcDbOsnapPointRef
 72
2
331
D2B
 73
2
 91
4
 40
0.5
 10
0.0
 20
0.0
 30
0.0
 75
0
  0
DIMASSOC
  5
F41
102
{ACAD_REACTORS
330
F36
102
}
330
F36
100
AcDbDimAssoc
330
F28
 90
3
 70
0
 71
0
  1
AcDbOsnapPointRef
 72
2
331
D52
 73
2
 91
4
 40
0.5
 10
0.0
 20
0.0
 30
0.0
 75
0
  1
AcDbOsnapPointRef
 72
8
331
C81
 73
2
 91
0
 40
0.5103845094670679
 10
0.0
 20
0.0
 30
0.0
 75
1
  1
AcDbOsnapPointRef
 72
2
331
D52
 73
2
 91
4
 40
0.5
 10
0.0
 20
0.0
 30
0.0
 75
0
  0
DIMASSOC
  5
F5B
102
{ACAD_REACTORS
330
F50
102
}
330
F50
100
AcDbDimAssoc
330
F42
 90
3
 70
0
 71
0
  1
AcDbOsnapPointRef
 72
2
331
DA6
 73
2
 91
2
 40
0.5000000000000001
 10
0.0
 20
0.0
 30
0.0
 75
0
  1
AcDbOsnapPointRef
 72
2
331
DA0
 73
2
 91
4
 40
0.5000000000000001
 10
0.0
 20
0.0
 30
0.0
 75
0
  0
DIMASSOC
  5
F75
102
{ACAD_REACTORS
330
F6A
102
}
330
F6A
100
AcDbDimAssoc
330
F5C
 90
3
 70
0
 71
0
  1
AcDbOsnapPointRef
 72
8
331
B71
 73
2
 91
0
 40
0.5034262885678685
 10
0.0
 20
0.0
 30
0.0
 75
1
  1
AcDbOsnapPointRef
 72
0
 40
0.0
 10
69.11484463105351
 20
22.96586567294702
 30
0.0
 75
0
  1
AcDbOsnapPointRef
 72
8
331
CB0
 73
2
 91
0
 40
0.4353292645526027
 10
0.0
 20
0.0
 30
0.0
 75
1
  1
AcDbOsnapPointRef
 72
8
331
B71
 73
2
 91
0
 40
0.5034262885678685
 10
0.0
 20
0.0
 30
0.0
 75
1
  1
AcDbOsnapPointRef
 72
0
 40
0.0
 10
69.11484463105351
 20
22.96586567294702
 30
0.0
 75
0
  0
DIMASSOC
  5
F8F
102
{ACAD_REACTORS
330
F84
102
}
330
F84
100
AcDbDimAssoc
330
F76
 90
3
 70
0
 71
0
  1
AcDbOsnapPointRef
 72
2
331
BC2
 73
2
 91
0
 40
0.5000000000000001
 10
0.0
 20
0.0
 30
0.0
 75
0
  1
AcDbOsnapPointRef
 72
2
331
B88
 73
2
 91
0
 40
0.5
 10
0.0
 20
0.0
 30
0.0
 75
0
  0
DIMASSOC
  5
FA9
102
{ACAD_REACTORS
330
F9E
102
}
330
F9E
100
AcDbDimAssoc
330
F90
 90
3
 70
0
 71
0
  1
AcDbOsnapPointRef
 72
2
331
B93
 73
2
 91
0
 40
0.5
 10
0.0
 20
0.0
 30
0.0
 75
0
  1
AcDbOsnapPointRef
 72
8
331
B60
 73
2
 91
0
 40
0.7406271937374461
 10
0.0
 20
0.0
 30
0.0
 75
1
  1
AcDbOsnapPointRef
 72
2
331
B93
 73
2
 91
0
 40
0.5
 10
0.0
 20
0.0
 30
0.0
 75
0
  0
ACDBASSOCNETWORK
  5
69F
102
{ACAD_REACTORS
330
69E
102
}
330
69E
100
AcDbAssocAction
 90
2
 90
0
330
0
360
0
 90
0
 90
0
 90
0
 90
0
 90
0
 90
0
 90
0
100
AcDbAssocNetwork
 90
0
 90
2
 90
1
330
98A
 90
0
  0
ACDBDETAILVIEWSTYLE
  5
1AC
102
{ACAD_XDICTIONARY
360
FC7
102
}
102
{ACAD_REACTORS
330
1AB
102
}
330
1AB
100
AcDbModelDocViewStyle
 70
0
  3
Imperial24
290
0
100
AcDbDetailViewStyle
 70
0
 71
0
 90
3
 71
1
340
11
 62
256
 40
0.24
340
0
 62
256
 40
0.24
300

 40
0.36
280
3
 71
2
340
16
 90
25
 62
256
 71
3
340
11
 62
256
 40
0.24
 90
1
 40
0.75
 90
1
300
%<\AcVar ViewType \f "%tc1">% %<\AcVar ViewDetailId>%\PSCALE %<\AcVar ViewScale \f "%sn">%
 71
4
340
16
 90
25
 62
256
340
16
 90
25
 62
256
280
0
  0
LAYOUT
  5
59
102
{ACAD_REACTORS
330
1A
102
}
330
1A
100
AcDbPlotSettings
  1

  2
None
  4

  6

 40
0.0
 41
0.0
 42
0.0
 43
0.0
 44
0.0
 45
0.0
 46
0.0
 47
0.0
 48
0.0
 49
0.0
140
0.0
141
0.0
142
1.0
143
1.0
 70
688
 72
0
 73
0
 74
5
  7

 75
16
 76
0
 77
2
 78
300
147
1.0
148
0.0
149
0.0
100
AcDbLayout
  1
Layout1
 70
1
 71
1
 10
0.0
 20
0.0
 11
12.0
 21
9.0
 12
0.0
 22
0.0
 32
0.0
 14
0.0
 24
0.0
 34
0.0
 15
0.0
 25
0.0
 35
0.0
146
0.0
 13
0.0
 23
0.0
 33
0.0
 16
1.0
 26
0.0
 36
0.0
 17
0.0
 27
1.0
 37
0.0
 76
0
330
58
  0
LAYOUT
  5
5E
102
{ACAD_REACTORS
330
1A
102
}
330
1A
100
AcDbPlotSettings
  1

  2
None
  4

  6

 40
0.0
 41
0.0
 42
0.0
 43
0.0
 44
0.0
 45
0.0
 46
0.0
 47
0.0
 48
0.0
 49
0.0
140
0.0
141
0.0
142
1.0
143
1.0
 70
688
 72
0
 73
0
 74
5
  7

 75
16
 76
0
 77
2
 78
300
147
1.0
148
0.0
149
0.0
100
AcDbLayout
  1
Layout2
 70
1
 71
2
 10
0.0
 20
0.0
 11
12.0
 21
9.0
 12
0.0
 22
0.0
 32
0.0
 14
0.0
 24
0.0
 34
0.0
 15
0.0
 25
0.0
 35
0.0
146
0.0
 13
0.0
 23
0.0
 33
0.0
 16
1.0
 26
0.0
 36
0.0
 17
0.0
 27
1.0
 37
0.0
 76
0
330
5D
  0
LAYOUT
  5
22
102
{ACAD_XDICTIONARY
360
194
102
}
102
{ACAD_REACTORS
330
1A
102
}
330
1A
100
AcDbPlotSettings
  1

  2
none_device
  4
ANSI_A_(8.50_x_11.00_Inches)
  6

 40
6.349999904632568
 41
19.04999923706055
 42
6.350006103515625
 43
19.04998779296875
 44
215.8999938964844
 45
279.3999938964844
 46
0.0
 47
0.0
 48
0.0
 49
0.0
140
0.0
141
0.0
142
1.0
143
2.584895464708373
 70
11952
 72
0
 73
1
 74
0
  7

 75
0
 76
0
 77
2
 78
300
147
0.3868628397755418
148
0.0
149
0.0
100
AcDbLayout
  1
Model
 70
1
 71
0
 10
0.0
 20
0.0
 11
12.0
 21
9.0
 12
0.0
 22
0.0
 32
0.0
 14
0.0
 24
0.0
 34
0.0
 15
0.0
 25
0.0
 35
0.0
146
0.0
 13
0.0
 23
0.0
 33
0.0
 16
1.0
 26
0.0
 36
0.0
 17
0.0
 27
1.0
 37
0.0
 76
0
330
1F
331
94
  0
MATERIAL
  5
97
102
{ACAD_XDICTIONARY
360
188
102
}
102
{ACAD_REACTORS
330
72
102
}
330
72
100
AcDbMaterial
  1
ByBlock
  2

 70
0
 40
1.0
 71
0
 41
1.0
 91
-1023410177
 42
1.0
 72
1
  3

 73
1
 74
1
 75
1
 44
0.5
 73
0
 45
1.0
 46
1.0
 77
1
  4

 78
1
 79
1
170
1
 48
1.0
171
1
  6

172
1
173
1
174
1
140
1.0
141
1.0
175
1
  7

176
1
177
1
178
1
143
1.0
179
1
  8

270
1
271
1
272
1
145
1.0
146
1.0
273
1
  9

274
1
275
1
276
1
 42
1.0
 72
1
  3

 73
1
 74
1
 75
1
 94
63
  0
MATERIAL
  5
96
102
{ACAD_XDICTIONARY
360
186
102
}
102
{ACAD_REACTORS
330
72
102
}
330
72
100
AcDbMaterial
  1
ByLayer
  2

 70
0
 40
1.0
 71
0
 41
1.0
 91
-1023410177
 42
1.0
 72
1
  3

 73
1
 74
1
 75
1
 44
0.5
 73
0
 45
1.0
 46
1.0
 77
1
  4

 78
1
 79
1
170
1
 48
1.0
171
1
  6

172
1
173
1
174
1
140
1.0
141
1.0
175
1
  7

176
1
177
1
178
1
143
1.0
179
1
  8

270
1
271
1
272
1
145
1.0
146
1.0
273
1
  9

274
1
275
1
276
1
 42
1.0
 72
1
  3

 73
1
 74
1
 75
1
 94
63
  0
MATERIAL
  5
98
102
{ACAD_XDICTIONARY
360
110
102
}
102
{ACAD_REACTORS
330
72
102
}
330
72
100
AcDbMaterial
  1
Global
  2

 70
0
 40
1.0
 71
0
 41
1.0
 91
-1023410177
 42
1.0
 72
1
  3

 73
1
 74
1
 75
1
 43
0.0208000000566244
 43
0.0
 43
0.0
 43
0.0
 43
0.0
 43
0.0208000000566244
 43
0.0
 43
0.0
 43
0.0
 43
0.0
 43
1.0
 43
0.0
 43
0.0
 43
0.0
 43
0.0
 43
1.0
 44
0.5
 73
0
 45
1.0
 46
1.0
 77
1
  4

 78
1
 79
1
170
1
 48
1.0
171
1
  6

172
1
173
1
174
1
 49
0.0208000000566244
 49
0.0
 49
0.0
 49
0.0
 49
0.0
 49
0.0208000000566244
 49
0.0
 49
0.0
 49
0.0
 49
0.0
 49
1.0
 49
0.0
 49
0.0
 49
0.0
 49
0.0
 49
1.0
140
1.0
141
1.0
175
1
  7

176
1
177
1
178
1
142
0.0208000000566244
142
0.0
142
0.0
142
0.0
142
0.0
142
0.0208000000566244
142
0.0
142
0.0
142
0.0
142
0.0
142
1.0
142
0.0
142
0.0
142
0.0
142
0.0
142
1.0
143
1.0
179
1
  8

270
1
271
1
272
1
144
0.0208000000566244
144
0.0
144
0.0
144
0.0
144
0.0
144
0.0208000000566244
144
0.0
144
0.0
144
0.0
144
0.0
144
1.0
144
0.0
144
0.0
144
0.0
144
0.0
144
1.0
145
1.0
146
1.0
273
1
  9

274
1
275
1
276
1
 42
1.0
 72
1
  3

 73
1
 74
1
 75
1
 94
63
1001
ACAD
1070
-1
1070
3
1070
0
1000

1071
0
1070
0
  0
MLEADERSTYLE
  5
E5
102
{ACAD_REACTORS
330
D7
102
}
330
D7
100
AcDbMLeaderStyle
179
2
170
2
171
1
172
0
 90
2
 40
0.0
 41
0.0
173
1
 91
-1056964608
340
14
 92
-2
290
1
 42
0.09
291
1
 43
0.36
  3
Standard
 44
0.18
300

342
11
174
1
175
1
176
0
178
1
 93
-1056964608
 45
0.18
292
0
297
0
 46
0.18
293
1
 94
-1056964608
 47
1.0
 49
1.0
140
1.0
294
1
141
0.0
177
0
142
1.0
295
0
296
1
143
0.125
271
0
272
9
273
9
298
0
  0
MLEADERSTYLE
  5
D8
102
{ACAD_REACTORS
330
D7
102
}
330
D7
100
AcDbMLeaderStyle
179
2
170
2
171
1
172
0
 90
2
 40
0.0
 41
0.0
173
1
 91
-1056964608
340
14
 92
-2
290
1
 42
0.09
291
1
 43
0.36
  3
Standard
 44
0.18
300

342
11
174
1
175
1
176
0
178
1
 93
-1056964608
 45
0.18
292
0
297
0
 46
0.18
293
1
 94
-1056964608
 47
1.0
 49
1.0
140
1.0
294
1
141
0.0
177
0
142
1.0
295
0
296
0
143
0.125
271
0
272
9
273
9
298
0
  0
MLINESTYLE
  5
18
102
{ACAD_REACTORS
330
17
102
}
330
17
100
AcDbMlineStyle
  2
STANDARD
 70
0
  3

 62
256
 51
90.0
 52
90.0
 71
2
 49
0.5
 62
256
  6
BYLAYER
 49
-0.5
 62
256
  6
BYLAYER
  0
ACDBPLACEHOLDER
  5
F
102
{ACAD_REACTORS
330
E
102
}
330
E
  0
SCALE
  5
B7
102
{ACAD_REACTORS
330
B6
102
}
330
B6
100
AcDbScale
 70
0
300
1:1
140
1.0
141
1.0
290
1
  0
SCALE
  5
124
102
{ACAD_REACTORS
330
B6
102
}
330
B6
100
AcDbScale
 70
0
300
1:2
140
1.0
141
2.0
290
0
  0
SCALE
  5
125
102
{ACAD_REACTORS
330
B6
102
}
330
B6
100
AcDbScale
 70
0
300
1:4
140
1.0
141
4.0
290
0
  0
SCALE
  5
126
102
{ACAD_REACTORS
330
B6
102
}
330
B6
100
AcDbScale
 70
0
300
1:5
140
1.0
141
5.0
290
0
  0
SCALE
  5
127
102
{ACAD_REACTORS
330
B6
102
}
330
B6
100
AcDbScale
 70
0
300
1:8
140
1.0
141
8.0
290
0
  0
SCALE
  5
128
102
{ACAD_REACTORS
330
B6
102
}
330
B6
100
AcDbScale
 70
0
300
1:10
140
1.0
141
10.0
290
0
  0
SCALE
  5
129
102
{ACAD_REACTORS
330
B6
102
}
330
B6
100
AcDbScale
 70
0
300
1:16
140
1.0
141
16.0
290
0
  0
SCALE
  5
12A
102
{ACAD_REACTORS
330
B6
102
}
330
B6
100
AcDbScale
 70
0
300
1:20
140
1.0
141
20.0
290
0
  0
SCALE
  5
12B
102
{ACAD_REACTORS
330
B6
102
}
330
B6
100
AcDbScale
 70
0
300
1:30
140
1.0
141
30.0
290
0
  0
SCALE
  5
12C
102
{ACAD_REACTORS
330
B6
102
}
330
B6
100
AcDbScale
 70
0
300
1:40
140
1.0
141
40.0
290
0
  0
SCALE
  5
12D
102
{ACAD_REACTORS
330
B6
102
}
330
B6
100
AcDbScale
 70
0
300
1:50
140
1.0
141
50.0
290
0
  0
SCALE
  5
12E
102
{ACAD_REACTORS
330
B6
102
}
330
B6
100
AcDbScale
 70
0
300
1:100
140
1.0
141
100.0
290
0
  0
SCALE
  5
12F
102
{ACAD_REACTORS
330
B6
102
}
330
B6
100
AcDbScale
 70
0
300
2:1
140
2.0
141
1.0
290
0
  0
SCALE
  5
130
102
{ACAD_REACTORS
330
B6
102
}
330
B6
100
AcDbScale
 70
0
300
4:1
140
4.0
141
1.0
290
0
  0
SCALE
  5
131
102
{ACAD_REACTORS
330
B6
102
}
330
B6
100
AcDbScale
 70
0
300
8:1
140
8.0
141
1.0
290
0
  0
SCALE
  5
132
102
{ACAD_REACTORS
330
B6
102
}
330
B6
100
AcDbScale
 70
0
300
10:1
140
10.0
141
1.0
290
0
  0
SCALE
  5
133
102
{ACAD_REACTORS
330
B6
102
}
330
B6
100
AcDbScale
 70
0
300
100:1
140
100.0
141
1.0
290
0
  0
SCALE
  5
134
102
{ACAD_REACTORS
330
B6
102
}
330
B6
100
AcDbScale
 70
0
300
1/128" = 1'-0"
140
0.0078125
141
12.0
290
0
  0
SCALE
  5
135
102
{ACAD_REACTORS
330
B6
102
}
330
B6
100
AcDbScale
 70
0
300
1/64" = 1'-0"
140
0.015625
141
12.0
290
0
  0
SCALE
  5
136
102
{ACAD_REACTORS
330
B6
102
}
330
B6
100
AcDbScale
 70
0
300
1/32" = 1'-0"
140
0.03125
141
12.0
290
0
  0
SCALE
  5
137
102
{ACAD_REACTORS
330
B6
102
}
330
B6
100
AcDbScale
 70
0
300
1/16" = 1'-0"
140
0.0625
141
12.0
290
0
  0
SCALE
  5
138
102
{ACAD_REACTORS
330
B6
102
}
330
B6
100
AcDbScale
 70
0
300
3/32" = 1'-0"
140
0.09375
141
12.0
290
0
  0
SCALE
  5
139
102
{ACAD_REACTORS
330
B6
102
}
330
B6
100
AcDbScale
 70
0
300
1/8" = 1'-0"
140
0.125
141
12.0
290
0
  0
SCALE
  5
13A
102
{ACAD_REACTORS
330
B6
102
}
330
B6
100
AcDbScale
 70
0
300
3/16" = 1'-0"
140
0.1875
141
12.0
290
0
  0
SCALE
  5
13B
102
{ACAD_REACTORS
330
B6
102
}
330
B6
100
AcDbScale
 70
0
300
1/4" = 1'-0"
140
0.25
141
12.0
290
0
  0
SCALE
  5
13C
102
{ACAD_REACTORS
330
B6
102
}
330
B6
100
AcDbScale
 70
0
300
3/8" = 1'-0"
140
0.375
141
12.0
290
0
  0
SCALE
  5
13D
102
{ACAD_REACTORS
330
B6
102
}
330
B6
100
AcDbScale
 70
0
300
1/2" = 1'-0"
140
0.5
141
12.0
290
0
  0
SCALE
  5
13E
102
{ACAD_REACTORS
330
B6
102
}
330
B6
100
AcDbScale
 70
0
300
3/4" = 1'-0"
140
0.75
141
12.0
290
0
  0
SCALE
  5
13F
102
{ACAD_REACTORS
330
B6
102
}
330
B6
100
AcDbScale
 70
0
300
1" = 1'-0"
140
1.0
141
12.0
290
0
  0
SCALE
  5
140
102
{ACAD_REACTORS
330
B6
102
}
330
B6
100
AcDbScale
 70
0
300
1-1/2" = 1'-0"
140
1.5
141
12.0
290
0
  0
SCALE
  5
141
102
{ACAD_REACTORS
330
B6
102
}
330
B6
100
AcDbScale
 70
0
300
3" = 1'-0"
140
3.0
141
12.0
290
0
  0
SCALE
  5
142
102
{ACAD_REACTORS
330
B6
102
}
330
B6
100
AcDbScale
 70
0
300
6" = 1'-0"
140
6.0
141
12.0
290
0
  0
SCALE
  5
143
102
{ACAD_REACTORS
330
B6
102
}
330
B6
100
AcDbScale
 70
0
300
1'-0" = 1'-0"
140
12.0
141
12.0
290
0
  0
ACDBSECTIONVIEWSTYLE
  5
1AA
102
{ACAD_XDICTIONARY
360
FC5
102
}
102
{ACAD_REACTORS
330
1A8
102
}
330
1A8
100
AcDbModelDocViewStyle
 70
0
  3
Imperial24
290
0
100
AcDbSectionViewStyle
 70
0
 71
0
 90
78
 71
1
340
11
 62
256
 40
0.24
340
0
340
0
 62
256
 40
0.24
300
I, O, Q, S, X, Z
 40
0.48
 90
3
 40
0.18
 90
1
 71
2
340
16
 90
25
 62
256
340
16
 90
50
 62
256
 40
0.24
 40
0.0
 40
0.24
 71
3
340
11
 62
256
 40
0.24
 90
1
 40
0.75
 90
1
300
%<\AcVar ViewType \f "%tc1">% %<\AcVar ViewSectionStartId>%-%<\AcVar ViewSectionEndId>%\PSCALE %<\AcVar ViewScale \f "%sn">%
 71
4
 62
256
 62
257
300
ANSI31
 40
1.0
 90
0
290
0
290
0
 90
6
 40
0.0
 40
1.570796326794896
 40
0.2617993877991494
 40
1.308996938995747
 40
-0.2617993877991494
 40
1.832595714594046
  0
TABLESTYLE
  5
87
102
{ACAD_XDICTIONARY
360
104
102
}
102
{ACAD_REACTORS
330
86
102
}
330
86
100
AcDbTableStyle
280
0
  3
Standard
 70
0
 71
0
 40
0.06
 41
0.06
280
0
281
0
  7
Standard
140
0.18
170
2
 62
0
 63
7
283
0
 90
512
 91
0
  1

274
-2
284
1
 64
0
275
-2
285
1
 65
0
276
-2
286
1
 66
0
277
-2
287
1
 67
0
278
-2
288
1
 68
0
279
-2
289
1
 69
0
  7
Standard
140
0.25
170
5
 62
0
 63
7
283
0
 90
512
 91
0
  1

274
-2
284
1
 64
0
275
-2
285
1
 65
0
276
-2
286
1
 66
0
277
-2
287
1
 67
0
278
-2
288
1
 68
0
279
-2
289
1
 69
0
  7
Standard
140
0.18
170
5
 62
0
 63
7
283
0
 90
512
 91
0
  1

274
-2
284
1
 64
0
275
-2
285
1
 65
0
276
-2
286
1
 66
0
277
-2
287
1
 67
0
278
-2
288
1
 68
0
279
-2
289
1
 69
0
  0
VISUALSTYLE
  5
9F
102
{ACAD_REACTORS
330
99
102
}
330
99
100
AcDbVisualStyle
  2
2dWireframe
 70
4
177
3
291
0
 70
58
 90
0
176
1
 90
2
176
1
 90
1
176
1
 90
0
176
1
 40
0.6
176
1
 40
30.0
176
1
 62
7
420
16777215
176
1
 90
1
176
1
 90
4
176
1
 62
7
176
1
 62
257
176
1
 90
1
176
1
 90
1
176
1
 40
1.0
176
1
 90
0
176
1
 62
257
176
1
 40
1.0
176
1
 90
1
176
1
 90
6
176
1
 90
2
176
1
 62
7
176
1
 90
5
176
1
 90
0
176
1
 90
0
176
1
290
0
176
1
 90
1
176
1
 40
0.0
176
1
 90
0
176
1
290
1
176
1
290
1
176
1
290
0
176
1
290
0
176
1
290
0
176
1
290
0
176
1
290
0
176
1
290
0
176
1
290
0
176
1
 90
50
176
1
 40
0.0
176
1
 40
1.0
176
1
 90
0
176
1
 62
18
420
0
176
1
 90
50
176
1
 90
3
176
1
 62
5
420
255
176
1
290
0
176
1
 90
50
176
1
 90
50
176
1
 90
50
176
1
290
0
176
1
 90
50
176
1
 62
256
176
0
 40
1.0
176
0
 90
2
176
1
  1
strokes_ogs.tif
176
1
290
0
176
1
 40
1.0
176
1
 40
1.0
176
1
1001
ACAD
1000
AcDbSavedByObjectVersion
1070
0
  0
VISUALSTYLE
  5
9E
102
{ACAD_REACTORS
330
99
102
}
330
99
100
AcDbVisualStyle
  2
Basic
 70
7
177
3
291
1
 70
58
 90
1
176
1
 90
0
176
1
 90
1
176
1
 90
0
176
1
 40
0.6
176
1
 40
30.0
176
1
 62
7
420
16777215
176
1
 90
0
176
1
 90
4
176
1
 62
7
176
1
 62
257
176
1
 90
1
176
1
 90
1
176
1
 40
1.0
176
1
 90
8
176
1
 62
7
176
1
 40
1.0
176
1
 90
1
176
1
 90
6
176
1
 90
2
176
1
 62
7
176
1
 90
5
176
1
 90
0
176
1
 90
0
176
1
290
0
176
1
 90
1
176
1
 40
0.0
176
1
 90
0
176
1
290
0
176
1
290
1
176
1
290
1
176
1
290
0
176
1
290
0
176
1
290
0
176
1
290
0
176
1
290
0
176
1
290
0
176
1
 90
50
176
1
 40
0.0
176
1
 40
1.0
176
1
 90
0
176
1
 62
18
420
0
176
1
 90
50
176
1
 90
3
176
1
 62
5
420
255
176
1
290
0
176
1
 90
50
176
1
 90
50
176
1
 90
50
176
1
290
0
176
1
 90
50
176
1
 62
256
176
0
 40
1.0
176
0
 90
2
176
1
  1
strokes_ogs.tif
176
1
290
0
176
1
 40
1.0
176
1
 40
1.0
176
1
1001
ACAD
1000
AcDbSavedByObjectVersion
1070
0
  0
VISUALSTYLE
  5
A5
102
{ACAD_REACTORS
330
99
102
}
330
99
100
AcDbVisualStyle
  2
Brighten
 70
12
177
3
291
1
 70
58
 90
2
176
1
 90
2
176
1
 90
1
176
1
 90
0
176
1
 40
0.6
176
1
 40
30.0
176
1
 62
7
420
16777215
176
1
 90
1
176
1
 90
4
176
1
 62
7
176
1
 62
257
176
1
 90
1
176
1
 90
1
176
1
 40
1.0
176
1
 90
8
176
1
 62
7
176
1
 40
1.0
176
1
 90
1
176
1
 90
6
176
1
 90
2
176
1
 62
7
176
1
 90
5
176
1
 90
0
176
1
 90
0
176
1
290
0
176
1
 90
1
176
1
 40
50.0
176
1
 90
0
176
1
290
0
176
1
290
1
176
1
290
1
176
1
290
0
176
1
290
0
176
1
290
0
176
1
290
0
176
1
290
0
176
1
290
0
176
1
 90
50
176
1
 40
0.0
176
1
 40
1.0
176
1
 90
0
176
1
 62
18
420
0
176
1
 90
50
176
1
 90
3
176
1
 62
5
420
255
176
1
290
0
176
1
 90
50
176
1
 90
50
176
1
 90
50
176
1
290
0
176
1
 90
50
176
1
 62
256
176
0
 40
1.0
176
0
 90
2
176
1
  1
strokes_ogs.tif
176
1
290
0
176
1
 40
1.0
176
1
 40
1.0
176
1
1001
ACAD
1000
AcDbSavedByObjectVersion
1070
0
  0
VISUALSTYLE
  5
A9
102
{ACAD_REACTORS
330
99
102
}
330
99
100
AcDbVisualStyle
  2
ColorChange
 70
16
177
3
291
1
 70
58
 90
2
176
1
 90
2
176
1
 90
3
176
1
 90
0
176
1
 40
0.6
176
1
 40
30.0
176
1
 62
8
420
8421504
176
1
 90
1
176
1
 90
4
176
1
 62
7
176
1
 62
257
176
1
 90
1
176
1
 90
1
176
1
 40
1.0
176
1
 90
8
176
1
 62
8
420
8421504
176
1
 40
1.0
176
1
 90
1
176
1
 90
6
176
1
 90
2
176
1
 62
7
176
1
 90
5
176
1
 90
0
176
1
 90
0
176
1
290
0
176
1
 90
1
176
1
 40
0.0
176
1
 90
0
176
1
290
0
176
1
290
1
176
1
290
1
176
1
290
0
176
1
290
0
176
1
290
0
176
1
290
0
176
1
290
0
176
1
290
0
176
1
 90
50
176
1
 40
0.0
176
1
 40
1.0
176
1
 90
0
176
1
 62
18
420
0
176
1
 90
50
176
1
 90
3
176
1
 62
5
420
255
176
1
290
0
176
1
 90
50
176
1
 90
50
176
1
 90
50
176
1
290
0
176
1
 90
50
176
1
 62
256
176
0
 40
1.0
176
0
 90
2
176
1
  1
strokes_ogs.tif
176
1
290
0
176
1
 40
1.0
176
1
 40
1.0
176
1
1001
ACAD
1000
AcDbSavedByObjectVersion
1070
0
  0
VISUALSTYLE
  5
A2
102
{ACAD_REACTORS
330
99
102
}
330
99
100
AcDbVisualStyle
  2
Conceptual
 70
9
177
3
291
0
 70
58
 90
3
176
1
 90
2
176
1
 90
1
176
1
 90
0
176
1
 40
0.6
176
1
 40
30.0
176
1
 62
7
420
16777215
176
1
 90
2
176
1
 90
2
176
1
 62
7
176
1
 62
257
176
1
 90
1
176
1
 90
1
176
1
 40
40.0
176
1
 90
8
176
1
 62
7
176
1
 40
1.0
176
1
 90
1
176
1
 90
6
176
1
 90
2
176
1
 62
7
176
1
 90
3
176
1
 90
0
176
1
 90
0
176
1
290
0
176
1
 90
1
176
1
 40
0.0
176
1
 90
0
176
1
290
0
176
1
290
1
176
1
290
1
176
1
290
0
176
1
290
0
176
1
290
0
176
1
290
0
176
1
290
0
176
1
290
0
176
1
 90
50
176
1
 40
0.0
176
1
 40
1.0
176
1
 90
0
176
1
 62
18
420
0
176
1
 90
50
176
1
 90
3
176
1
 62
5
420
255
176
1
290
0
176
1
 90
50
176
1
 90
50
176
1
 90
50
176
1
290
0
176
1
 90
50
176
1
 62
256
176
0
 40
1.0
176
0
 90
2
176
1
  1
strokes_ogs.tif
176
1
290
0
176
1
 40
1.0
176
1
 40
1.0
176
1
1001
ACAD
1000
AcDbSavedByObjectVersion
1070
0
  0
VISUALSTYLE
  5
A4
102
{ACAD_REACTORS
330
99
102
}
330
99
100
AcDbVisualStyle
  2
Dim
 70
11
177
3
291
1
 70
58
 90
2
176
1
 90
2
176
1
 90
1
176
1
 90
0
176
1
 40
0.6
176
1
 40
30.0
176
1
 62
7
420
16777215
176
1
 90
1
176
1
 90
4
176
1
 62
7
176
1
 62
257
176
1
 90
1
176
1
 90
1
176
1
 40
1.0
176
1
 90
8
176
1
 62
7
176
1
 40
1.0
176
1
 90
1
176
1
 90
6
176
1
 90
2
176
1
 62
7
176
1
 90
5
176
1
 90
0
176
1
 90
0
176
1
290
0
176
1
 90
1
176
1
 40
-50.0
176
1
 90
0
176
1
290
0
176
1
290
1
176
1
290
1
176
1
290
0
176
1
290
0
176
1
290
0
176
1
290
0
176
1
290
0
176
1
290
0
176
1
 90
50
176
1
 40
0.0
176
1
 40
1.0
176
1
 90
0
176
1
 62
18
420
0
176
1
 90
50
176
1
 90
3
176
1
 62
5
420
255
176
1
290
0
176
1
 90
50
176
1
 90
50
176
1
 90
50
176
1
290
0
176
1
 90
50
176
1
 62
256
176
0
 40
1.0
176
0
 90
2
176
1
  1
strokes_ogs.tif
176
1
290
0
176
1
 40
1.0
176
1
 40
1.0
176
1
1001
ACAD
1000
AcDbSavedByObjectVersion
1070
0
  0
VISUALSTYLE
  5
175
102
{ACAD_REACTORS
330
99
102
}
330
99
100
AcDbVisualStyle
  2
EdgeColorOff
 70
22
177
3
291
1
 70
58
 90
2
176
0
 90
2
176
0
 90
0
176
0
 90
0
176
0
 40
0.6
176
0
 40
30.0
176
0
 62
7
420
16777215
176
0
 90
1
176
0
 90
4
176
0
 62
7
176
0
 62
257
176
0
 90
1
176
0
 90
1
176
0
 40
1.0
176
0
 90
8
176
2
 62
7
176
0
 40
1.0
176
0
 90
1
176
0
 90
6
176
0
 90
2
176
0
 62
7
176
0
 90
5
176
0
 90
0
176
0
 90
0
176
0
290
0
176
0
 90
1
176
0
 40
0.0
176
0
 90
0
176
0
290
0
176
1
290
1
176
1
290
1
176
1
290
0
176
1
290
0
176
1
290
0
176
1
290
0
176
1
290
0
176
1
290
0
176
1
 90
50
176
1
 40
0.0
176
1
 40
1.0
176
1
 90
0
176
1
 62
18
420
0
176
1
 90
50
176
1
 90
3
176
1
 62
5
420
255
176
1
290
0
176
1
 90
50
176
1
 90
50
176
1
 90
50
176
1
290
0
176
1
 90
50
176
1
 62
256
176
0
 40
1.0
176
0
 90
2
176
1
  1
strokes_ogs.tif
176
1
290
0
176
1
 40
1.0
176
1
 40
1.0
176
1
1001
ACAD
1000
AcDbSavedByObjectVersion
1070
0
  0
VISUALSTYLE
  5
A8
102
{ACAD_REACTORS
330
99
102
}
330
99
100
AcDbVisualStyle
  2
Facepattern
 70
15
177
3
291
1
 70
58
 90
2
176
1
 90
2
176
1
 90
1
176
1
 90
0
176
1
 40
0.6
176
1
 40
30.0
176
1
 62
7
420
16777215
176
1
 90
1
176
1
 90
4
176
1
 62
7
176
1
 62
257
176
1
 90
1
176
1
 90
1
176
1
 40
1.0
176
1
 90
8
176
1
 62
7
176
1
 40
1.0
176
1
 90
1
176
1
 90
6
176
1
 90
2
176
1
 62
7
176
1
 90
5
176
1
 90
0
176
1
 90
0
176
1
290
0
176
1
 90
1
176
1
 40
0.0
176
1
 90
0
176
1
290
0
176
1
290
1
176
1
290
1
176
1
290
0
176
1
290
0
176
1
290
0
176
1
290
0
176
1
290
0
176
1
290
0
176
1
 90
50
176
1
 40
0.0
176
1
 40
1.0
176
1
 90
0
176
1
 62
18
420
0
176
1
 90
50
176
1
 90
3
176
1
 62
5
420
255
176
1
290
0
176
1
 90
50
176
1
 90
50
176
1
 90
50
176
1
290
0
176
1
 90
50
176
1
 62
256
176
0
 40
1.0
176
0
 90
2
176
1
  1
strokes_ogs.tif
176
1
290
0
176
1
 40
1.0
176
1
 40
1.0
176
1
1001
ACAD
1000
AcDbSavedByObjectVersion
1070
0
  0
VISUALSTYLE
  5
9A
102
{ACAD_REACTORS
330
99
102
}
330
99
100
AcDbVisualStyle
  2
Flat
 70
0
177
3
291
1
 70
58
 90
2
176
1
 90
1
176
1
 90
1
176
1
 90
2
176
1
 40
0.6
176
1
 40
30.0
176
1
 62
7
420
16777215
176
1
 90
0
176
1
 90
0
176
1
 62
7
176
1
 62
257
176
1
 90
1
176
1
 90
1
176
1
 40
1.0
176
1
 90
8
176
1
 62
7
176
1
 40
1.0
176
1
 90
1
176
1
 90
6
176
1
 90
2
176
1
 62
7
176
1
 90
5
176
1
 90
0
176
1
 90
0
176
1
290
0
176
1
 90
13
176
1
 40
0.0
176
1
 90
0
176
1
290
0
176
1
290
1
176
1
290
1
176
1
290
0
176
1
290
0
176
1
290
0
176
1
290
0
176
1
290
0
176
1
290
0
176
1
 90
50
176
1
 40
0.0
176
1
 40
1.0
176
1
 90
0
176
1
 62
18
420
0
176
1
 90
50
176
1
 90
3
176
1
 62
5
420
255
176
1
290
0
176
1
 90
50
176
1
 90
50
176
1
 90
50
176
1
290
0
176
1
 90
50
176
1
 62
256
176
0
 40
1.0
176
0
 90
2
176
1
  1
strokes_ogs.tif
176
1
290
0
176
1
 40
1.0
176
1
 40
1.0
176
1
1001
ACAD
1000
AcDbSavedByObjectVersion
1070
0
  0
VISUALSTYLE
  5
9B
102
{ACAD_REACTORS
330
99
102
}
330
99
100
AcDbVisualStyle
  2
FlatWithEdges
 70
1
177
3
291
1
 70
58
 90
2
176
1
 90
1
176
1
 90
1
176
1
 90
2
176
1
 40
0.6
176
1
 40
30.0
176
1
 62
7
420
16777215
176
1
 90
1
176
1
 90
0
176
1
 62
7
176
1
 62
257
176
1
 90
1
176
1
 90
1
176
1
 40
1.0
176
1
 90
0
176
1
 62
257
176
1
 40
1.0
176
1
 90
1
176
1
 90
6
176
1
 90
2
176
1
 62
7
176
1
 90
5
176
1
 90
0
176
1
 90
0
176
1
290
0
176
1
 90
13
176
1
 40
0.0
176
1
 90
0
176
1
290
0
176
1
290
1
176
1
290
1
176
1
290
0
176
1
290
0
176
1
290
0
176
1
290
0
176
1
290
0
176
1
290
0
176
1
 90
50
176
1
 40
0.0
176
1
 40
1.0
176
1
 90
0
176
1
 62
18
420
0
176
1
 90
50
176
1
 90
3
176
1
 62
5
420
255
176
1
290
0
176
1
 90
50
176
1
 90
50
176
1
 90
50
176
1
290
0
176
1
 90
50
176
1
 62
256
176
0
 40
1.0
176
0
 90
2
176
1
  1
strokes_ogs.tif
176
1
290
0
176
1
 40
1.0
176
1
 40
1.0
176
1
1001
ACAD
1000
AcDbSavedByObjectVersion
1070
0
  0
VISUALSTYLE
  5
9C
102
{ACAD_REACTORS
330
99
102
}
330
99
100
AcDbVisualStyle
  2
Gouraud
 70
2
177
3
291
1
 70
58
 90
2
176
1
 90
2
176
1
 90
1
176
1
 90
2
176
1
 40
0.6
176
1
 40
30.0
176
1
 62
7
420
16777215
176
1
 90
0
176
1
 90
0
176
1
 62
7
176
1
 62
257
176
1
 90
1
176
1
 90
1
176
1
 40
1.0
176
1
 90
0
176
1
 62
7
176
1
 40
1.0
176
1
 90
1
176
1
 90
6
176
1
 90
2
176
1
 62
7
176
1
 90
5
176
1
 90
0
176
1
 90
0
176
1
290
0
176
1
 90
13
176
1
 40
0.0
176
1
 90
0
176
1
290
0
176
1
290
1
176
1
290
1
176
1
290
0
176
1
290
0
176
1
290
0
176
1
290
0
176
1
290
0
176
1
290
0
176
1
 90
50
176
1
 40
0.0
176
1
 40
1.0
176
1
 90
0
176
1
 62
18
420
0
176
1
 90
50
176
1
 90
3
176
1
 62
5
420
255
176
1
290
0
176
1
 90
50
176
1
 90
50
176
1
 90
50
176
1
290
0
176
1
 90
50
176
1
 62
256
176
0
 40
1.0
176
0
 90
2
176
1
  1
strokes_ogs.tif
176
1
290
0
176
1
 40
1.0
176
1
 40
1.0
176
1
1001
ACAD
1000
AcDbSavedByObjectVersion
1070
0
  0
VISUALSTYLE
  5
9D
102
{ACAD_REACTORS
330
99
102
}
330
99
100
AcDbVisualStyle
  2
GouraudWithEdges
 70
3
177
3
291
1
 70
58
 90
2
176
1
 90
2
176
1
 90
1
176
1
 90
2
176
1
 40
0.6
176
1
 40
30.0
176
1
 62
7
420
16777215
176
1
 90
1
176
1
 90
0
176
1
 62
7
176
1
 62
257
176
1
 90
1
176
1
 90
1
176
1
 40
1.0
176
1
 90
0
176
1
 62
257
176
1
 40
1.0
176
1
 90
1
176
1
 90
6
176
1
 90
2
176
1
 62
7
176
1
 90
5
176
1
 90
0
176
1
 90
0
176
1
290
0
176
1
 90
13
176
1
 40
0.0
176
1
 90
0
176
1
290
0
176
1
290
1
176
1
290
1
176
1
290
0
176
1
290
0
176
1
290
0
176
1
290
0
176
1
290
0
176
1
290
0
176
1
 90
50
176
1
 40
0.0
176
1
 40
1.0
176
1
 90
0
176
1
 62
18
420
0
176
1
 90
50
176
1
 90
3
176
1
 62
5
420
255
176
1
290
0
176
1
 90
50
176
1
 90
50
176
1
 90
50
176
1
290
0
176
1
 90
50
176
1
 62
256
176
0
 40
1.0
176
0
 90
2
176
1
  1
strokes_ogs.tif
176
1
290
0
176
1
 40
1.0
176
1
 40
1.0
176
1
1001
ACAD
1000
AcDbSavedByObjectVersion
1070
0
  0
VISUALSTYLE
  5
A1
102
{ACAD_REACTORS
330
99
102
}
330
99
100
AcDbVisualStyle
  2
Hidden
 70
6
177
3
291
0
 70
58
 90
1
176
1
 90
2
176
1
 90
2
176
1
 90
0
176
1
 40
0.6
176
1
 40
30.0
176
1
 62
7
420
16777215
176
1
 90
2
176
1
 90
2
176
1
 62
7
176
1
 62
257
176
1
 90
2
176
1
 90
1
176
1
 40
40.0
176
1
 90
0
176
1
 62
257
176
1
 40
1.0
176
1
 90
1
176
1
 90
6
176
1
 90
2
176
1
 62
7
176
1
 90
3
176
1
 90
0
176
1
 90
0
176
1
290
0
176
1
 90
1
176
1
 40
0.0
176
1
 90
0
176
1
290
0
176
1
290
1
176
1
290
1
176
1
290
0
176
1
290
0
176
1
290
0
176
1
290
0
176
1
290
0
176
1
290
0
176
1
 90
50
176
1
 40
0.0
176
1
 40
1.0
176
1
 90
0
176
1
 62
18
420
0
176
1
 90
50
176
1
 90
3
176
1
 62
5
420
255
176
1
290
0
176
1
 90
50
176
1
 90
50
176
1
 90
50
176
1
290
0
176
1
 90
50
176
1
 62
256
176
0
 40
1.0
176
0
 90
2
176
1
  1
strokes_ogs.tif
176
1
290
0
176
1
 40
1.0
176
1
 40
1.0
176
1
1001
ACAD
1000
AcDbSavedByObjectVersion
1070
0
  0
VISUALSTYLE
  5
173
102
{ACAD_REACTORS
330
99
102
}
330
99
100
AcDbVisualStyle
  2
JitterOff
 70
20
177
3
291
1
 70
58
 90
2
176
0
 90
2
176
0
 90
0
176
0
 90
0
176
0
 40
0.6
176
0
 40
30.0
176
0
 62
7
420
16777215
176
0
 90
1
176
0
 90
4
176
0
 62
7
176
0
 62
257
176
0
 90
1
176
0
 90
1
176
0
 40
1.0
176
0
 90
10
176
2
 62
7
176
0
 40
1.0
176
0
 90
1
176
0
 90
6
176
0
 90
2
176
0
 62
7
176
0
 90
5
176
0
 90
0
176
0
 90
0
176
0
290
0
176
0
 90
1
176
0
 40
0.0
176
0
 90
0
176
0
290
0
176
1
290
1
176
1
290
1
176
1
290
0
176
1
290
0
176
1
290
0
176
1
290
0
176
1
290
0
176
1
290
0
176
1
 90
50
176
1
 40
0.0
176
1
 40
1.0
176
1
 90
0
176
1
 62
18
420
0
176
1
 90
50
176
1
 90
3
176
1
 62
5
420
255
176
1
290
0
176
1
 90
50
176
1
 90
50
176
1
 90
50
176
1
290
0
176
1
 90
50
176
1
 62
256
176
0
 40
1.0
176
0
 90
2
176
1
  1
strokes_ogs.tif
176
1
290
0
176
1
 40
1.0
176
1
 40
1.0
176
1
1001
ACAD
1000
AcDbSavedByObjectVersion
1070
0
  0
VISUALSTYLE
  5
A7
102
{ACAD_REACTORS
330
99
102
}
330
99
100
AcDbVisualStyle
  2
Linepattern
 70
14
177
3
291
1
 70
58
 90
2
176
1
 90
2
176
1
 90
1
176
1
 90
0
176
1
 40
0.6
176
1
 40
30.0
176
1
 62
7
420
16777215
176
1
 90
1
176
1
 90
4
176
1
 62
7
176
1
 62
257
176
1
 90
7
176
1
 90
7
176
1
 40
1.0
176
1
 90
8
176
1
 62
7
176
1
 40
1.0
176
1
 90
1
176
1
 90
6
176
1
 90
2
176
1
 62
7
176
1
 90
5
176
1
 90
0
176
1
 90
0
176
1
290
0
176
1
 90
1
176
1
 40
0.0
176
1
 90
0
176
1
290
0
176
1
290
1
176
1
290
1
176
1
290
0
176
1
290
0
176
1
290
0
176
1
290
0
176
1
290
0
176
1
290
0
176
1
 90
50
176
1
 40
0.0
176
1
 40
1.0
176
1
 90
0
176
1
 62
18
420
0
176
1
 90
50
176
1
 90
3
176
1
 62
5
420
255
176
1
290
0
176
1
 90
50
176
1
 90
50
176
1
 90
50
176
1
290
0
176
1
 90
50
176
1
 62
256
176
0
 40
1.0
176
0
 90
2
176
1
  1
strokes_ogs.tif
176
1
290
0
176
1
 40
1.0
176
1
 40
1.0
176
1
1001
ACAD
1000
AcDbSavedByObjectVersion
1070
0
  0
VISUALSTYLE
  5
174
102
{ACAD_REACTORS
330
99
102
}
330
99
100
AcDbVisualStyle
  2
OverhangOff
 70
21
177
3
291
1
 70
58
 90
2
176
0
 90
2
176
0
 90
0
176
0
 90
0
176
0
 40
0.6
176
0
 40
30.0
176
0
 62
7
420
16777215
176
0
 90
1
176
0
 90
4
176
0
 62
7
176
0
 62
257
176
0
 90
1
176
0
 90
1
176
0
 40
1.0
176
0
 90
9
176
2
 62
7
176
0
 40
1.0
176
0
 90
1
176
0
 90
6
176
0
 90
2
176
0
 62
7
176
0
 90
5
176
0
 90
0
176
0
 90
0
176
0
290
0
176
0
 90
1
176
0
 40
0.0
176
0
 90
0
176
0
290
0
176
1
290
1
176
1
290
1
176
1
290
0
176
1
290
0
176
1
290
0
176
1
290
0
176
1
290
0
176
1
290
0
176
1
 90
50
176
1
 40
0.0
176
1
 40
1.0
176
1
 90
0
176
1
 62
18
420
0
176
1
 90
50
176
1
 90
3
176
1
 62
5
420
255
176
1
290
0
176
1
 90
50
176
1
 90
50
176
1
 90
50
176
1
290
0
176
1
 90
50
176
1
 62
256
176
0
 40
1.0
176
0
 90
2
176
1
  1
strokes_ogs.tif
176
1
290
0
176
1
 40
1.0
176
1
 40
1.0
176
1
1001
ACAD
1000
AcDbSavedByObjectVersion
1070
0
  0
VISUALSTYLE
  5
A3
102
{ACAD_REACTORS
330
99
102
}
330
99
100
AcDbVisualStyle
  2
Realistic
 70
8
177
3
291
0
 70
58
 90
2
176
1
 90
3
176
1
 90
0
176
1
 90
2
176
1
 40
0.6
176
1
 40
30.0
176
1
 62
7
420
16777215
176
1
 90
0
176
1
 90
0
176
1
 62
7
176
1
 62
257
176
1
 90
1
176
1
 90
1
176
1
 40
1.0
176
1
 90
8
176
1
 62
257
176
1
 40
1.0
176
1
 90
1
176
1
 90
6
176
1
 90
2
176
1
 62
7
176
1
 90
3
176
1
 90
0
176
1
 90
0
176
1
290
0
176
1
 90
13
176
1
 40
0.0
176
1
 90
0
176
1
290
0
176
1
290
1
176
1
290
1
176
1
290
0
176
1
290
0
176
1
290
0
176
1
290
0
176
1
290
0
176
1
290
0
176
1
 90
50
176
1
 40
0.0
176
1
 40
1.0
176
1
 90
0
176
1
 62
18
420
0
176
1
 90
50
176
1
 90
3
176
1
 62
5
420
255
176
1
290
0
176
1
 90
50
176
1
 90
50
176
1
 90
50
176
1
290
0
176
1
 90
50
176
1
 62
256
176
0
 40
1.0
176
0
 90
2
176
1
  1
strokes_ogs.tif
176
1
290
0
176
1
 40
1.0
176
1
 40
1.0
176
1
1001
ACAD
1000
AcDbSavedByObjectVersion
1070
0
  0
VISUALSTYLE
  5
182
102
{ACAD_REACTORS
330
99
102
}
330
99
100
AcDbVisualStyle
  2
Shaded
 70
27
177
3
291
0
 70
58
 90
2
176
1
 90
2
176
1
 90
1
176
1
 90
2
176
1
 40
0.6
176
1
 40
30.0
176
1
 62
7
420
16777215
176
1
 90
0
176
1
 90
4
176
1
 62
7
176
1
 62
257
176
1
 90
1
176
1
 90
1
176
1
 40
1.0
176
1
 90
8
176
1
 62
257
176
1
 40
1.0
176
1
 90
1
176
1
 90
6
176
1
 90
2
176
1
 62
8
420
7895160
176
1
 90
3
176
1
 90
0
176
1
 90
0
176
1
290
0
176
1
 90
5
176
1
 40
0.0
176
1
 90
0
176
1
290
0
176
1
290
1
176
1
290
1
176
1
290
0
176
1
290
0
176
1
290
0
176
1
290
0
176
1
290
0
176
1
290
0
176
1
 90
50
176
1
 40
0.0
176
1
 40
1.0
176
1
 90
0
176
1
 62
18
420
0
176
1
 90
50
176
1
 90
3
176
1
 62
5
420
255
176
1
290
0
176
1
 90
50
176
1
 90
50
176
1
 90
50
176
1
290
0
176
1
 90
50
176
1
 62
256
176
0
 40
1.0
176
0
 90
2
176
1
  1
strokes_ogs.tif
176
1
290
0
176
1
 40
1.0
176
1
 40
1.0
176
1
1001
ACAD
1000
AcDbSavedByObjectVersion
1070
0
  0
VISUALSTYLE
  5
181
102
{ACAD_REACTORS
330
99
102
}
330
99
100
AcDbVisualStyle
  2
Shaded with edges
 70
26
177
3
291
0
 70
58
 90
2
176
1
 90
2
176
1
 90
1
176
1
 90
2
176
1
 40
0.6
176
1
 40
30.0
176
1
 62
7
420
16777215
176
1
 90
1
176
1
 90
2
176
1
 62
7
176
1
 62
257
176
1
 90
2
176
1
 90
1
176
1
 40
1.0
176
1
 90
8
176
1
 62
257
176
1
 40
1.0
176
1
 90
1
176
1
 90
6
176
1
 90
2
176
1
 62
7
176
1
 90
3
176
1
 90
0
176
1
 90
0
176
1
290
0
176
1
 90
5
176
1
 40
0.0
176
1
 90
0
176
1
290
0
176
1
290
1
176
1
290
1
176
1
290
0
176
1
290
0
176
1
290
0
176
1
290
0
176
1
290
0
176
1
290
0
176
1
 90
50
176
1
 40
0.0
176
1
 40
1.0
176
1
 90
0
176
1
 62
18
420
0
176
1
 90
50
176
1
 90
3
176
1
 62
5
420
255
176
1
290
0
176
1
 90
50
176
1
 90
50
176
1
 90
50
176
1
290
0
176
1
 90
50
176
1
 62
256
176
0
 40
1.0
176
0
 90
2
176
1
  1
strokes_ogs.tif
176
1
290
0
176
1
 40
1.0
176
1
 40
1.0
176
1
1001
ACAD
1000
AcDbSavedByObjectVersion
1070
0
  0
VISUALSTYLE
  5
17E
102
{ACAD_REACTORS
330
99
102
}
330
99
100
AcDbVisualStyle
  2
Shades of Gray
 70
23
177
3
291
0
 70
58
 90
2
176
1
 90
2
176
1
 90
3
176
1
 90
0
176
1
 40
0.6
176
1
 40
30.0
176
1
 62
7
420
16777215
176
1
 90
2
176
1
 90
2
176
1
 62
7
176
1
 62
7
176
1
 90
1
176
1
 90
1
176
1
 40
40.0
176
1
 90
8
176
1
 62
7
176
1
 40
1.0
176
1
 90
1
176
1
 90
6
176
1
 90
2
176
1
 62
7
176
1
 90
3
176
1
 90
0
176
1
 90
0
176
1
290
0
176
1
 90
1
176
1
 40
0.0
176
1
 90
0
176
1
290
0
176
1
290
1
176
1
290
1
176
1
290
0
176
1
290
0
176
1
290
0
176
1
290
0
176
1
290
0
176
1
290
0
176
1
 90
50
176
1
 40
0.0
176
1
 40
1.0
176
1
 90
0
176
1
 62
18
420
0
176
1
 90
50
176
1
 90
3
176
1
 62
5
420
255
176
1
290
0
176
1
 90
50
176
1
 90
50
176
1
 90
50
176
1
290
0
176
1
 90
50
176
1
 62
256
176
0
 40
1.0
176
0
 90
2
176
1
  1
strokes_ogs.tif
176
1
290
0
176
1
 40
1.0
176
1
 40
1.0
176
1
1001
ACAD
1000
AcDbSavedByObjectVersion
1070
0
  0
VISUALSTYLE
  5
17F
102
{ACAD_REACTORS
330
99
102
}
330
99
100
AcDbVisualStyle
  2
Sketchy
 70
24
177
3
291
0
 70
58
 90
1
176
1
 90
2
176
1
 90
2
176
1
 90
0
176
1
 40
0.6
176
1
 40
30.0
176
1
 62
7
420
16777215
176
1
 90
2
176
1
 90
2
176
1
 62
7
176
1
 62
7
176
1
 90
1
176
1
 90
1
176
1
 40
40.0
176
1
 90
11
176
1
 62
7
176
1
 40
1.0
176
1
 90
1
176
1
 90
6
176
1
 90
2
176
1
 62
7
176
1
 90
6
176
1
 90
0
176
1
 90
0
176
1
290
0
176
1
 90
1
176
1
 40
0.0
176
1
 90
0
176
1
290
0
176
1
290
1
176
1
290
1
176
1
290
0
176
1
290
0
176
1
290
0
176
1
290
0
176
1
290
0
176
1
290
0
176
1
 90
50
176
1
 40
0.0
176
1
 40
1.0
176
1
 90
0
176
1
 62
18
420
0
176
1
 90
50
176
1
 90
3
176
1
 62
5
420
255
176
1
290
0
176
1
 90
50
176
1
 90
50
176
1
 90
50
176
1
290
0
176
1
 90
50
176
1
 62
256
176
0
 40
1.0
176
0
 90
2
176
1
  1
strokes_ogs.tif
176
1
290
0
176
1
 40
1.0
176
1
 40
1.0
176
1
1001
ACAD
1000
AcDbSavedByObjectVersion
1070
0
  0
VISUALSTYLE
  5
A6
102
{ACAD_REACTORS
330
99
102
}
330
99
100
AcDbVisualStyle
  2
Thicken
 70
13
177
3
291
1
 70
58
 90
2
176
1
 90
2
176
1
 90
1
176
1
 90
0
176
1
 40
0.6
176
1
 40
30.0
176
1
 62
7
420
16777215
176
1
 90
1
176
1
 90
4
176
1
 62
7
176
1
 62
257
176
1
 90
1
176
1
 90
1
176
1
 40
1.0
176
1
 90
12
176
1
 62
7
176
1
 40
1.0
176
1
 90
1
176
1
 90
6
176
1
 90
2
176
1
 62
7
176
1
 90
5
176
1
 90
0
176
1
 90
0
176
1
290
0
176
1
 90
1
176
1
 40
0.0
176
1
 90
0
176
1
290
0
176
1
290
1
176
1
290
1
176
1
290
0
176
1
290
0
176
1
290
0
176
1
290
0
176
1
290
0
176
1
290
0
176
1
 90
50
176
1
 40
0.0
176
1
 40
1.0
176
1
 90
0
176
1
 62
18
420
0
176
1
 90
50
176
1
 90
3
176
1
 62
5
420
255
176
1
290
0
176
1
 90
50
176
1
 90
50
176
1
 90
50
176
1
290
0
176
1
 90
50
176
1
 62
256
176
0
 40
1.0
176
0
 90
2
176
1
  1
strokes_ogs.tif
176
1
290
0
176
1
 40
1.0
176
1
 40
1.0
176
1
1001
ACAD
1000
AcDbSavedByObjectVersion
1070
0
  0
VISUALSTYLE
  5
A0
102
{ACAD_REACTORS
330
99
102
}
330
99
100
AcDbVisualStyle
  2
Wireframe
 70
5
177
3
291
0
 70
58
 90
0
176
1
 90
2
176
1
 90
0
176
1
 90
0
176
1
 40
0.6
176
1
 40
30.0
176
1
 62
7
420
16777215
176
1
 90
1
176
1
 90
4
176
1
 62
7
176
1
 62
257
176
1
 90
1
176
1
 90
1
176
1
 40
1.0
176
1
 90
0
176
1
 62
257
176
1
 40
1.0
176
1
 90
1
176
1
 90
6
176
1
 90
2
176
1
 62
7
176
1
 90
3
176
1
 90
0
176
1
 90
0
176
1
290
0
176
1
 90
1
176
1
 40
0.0
176
1
 90
0
176
1
290
0
176
1
290
1
176
1
290
1
176
1
290
0
176
1
290
0
176
1
290
0
176
1
290
0
176
1
290
0
176
1
290
0
176
1
 90
50
176
1
 40
0.0
176
1
 40
1.0
176
1
 90
0
176
1
 62
18
420
0
176
1
 90
50
176
1
 90
3
176
1
 62
5
420
255
176
1
290
0
176
1
 90
50
176
1
 90
50
176
1
 90
50
176
1
290
0
176
1
 90
50
176
1
 62
256
176
0
 40
1.0
176
0
 90
2
176
1
  1
strokes_ogs.tif
176
1
290
0
176
1
 40
1.0
176
1
 40
1.0
176
1
1001
ACAD
1000
AcDbSavedByObjectVersion
1070
0
  0
VISUALSTYLE
  5
180
102
{ACAD_REACTORS
330
99
102
}
330
99
100
AcDbVisualStyle
  2
X-Ray
 70
25
177
3
291
0
 70
58
 90
2
176
1
 90
2
176
1
 90
1
176
1
 90
1
176
1
 40
0.5
176
1
 40
30.0
176
1
 62
7
420
16777215
176
1
 90
1
176
1
 90
0
176
1
 62
7
176
1
 62
257
176
1
 90
1
176
1
 90
1
176
1
 40
1.0
176
1
 90
8
176
1
 62
7
176
1
 40
1.0
176
1
 90
1
176
1
 90
6
176
1
 90
2
176
1
 62
7
176
1
 90
3
176
1
 90
0
176
1
 90
0
176
1
290
0
176
1
 90
13
176
1
 40
0.0
176
1
 90
0
176
1
290
0
176
1
290
1
176
1
290
1
176
1
290
0
176
1
290
0
176
1
290
0
176
1
290
0
176
1
290
0
176
1
290
0
176
1
 90
50
176
1
 40
0.0
176
1
 40
1.0
176
1
 90
0
176
1
 62
18
420
0
176
1
 90
50
176
1
 90
3
176
1
 62
5
420
255
176
1
290
0
176
1
 90
50
176
1
 90
50
176
1
 90
50
176
1
290
0
176
1
 90
50
176
1
 62
256
176
0
 40
1.0
176
0
 90
2
176
1
  1
strokes_ogs.tif
176
1
290
0
176
1
 40
1.0
176
1
 40
1.0
176
1
1001
ACAD
1000
AcDbSavedByObjectVersion
1070
0
  0
DICTIONARYVAR
  5
F0
102
{ACAD_REACTORS
330
66
102
}
330
66
100
DictionaryVariables
280
0
  1
1:1
  0
DICTIONARYVAR
  5
EF
102
{ACAD_REACTORS
330
66
102
}
330
66
100
DictionaryVariables
280
0
  1
STANDARD
  0
DICTIONARYVAR
  5
89
102
{ACAD_REACTORS
330
66
102
}
330
66
100
DictionaryVariables
280
0
  1
STANDARD
  0
DICTIONARYVAR
  5
1B7
102
{ACAD_REACTORS
330
66
102
}
330
66
100
DictionaryVariables
280
0
  1
Imperial24
  0
DICTIONARYVAR
  5
1B8
102
{ACAD_REACTORS
330
66
102
}
330
66
100
DictionaryVariables
280
0
  1
Imperial24
  0
DICTIONARYVAR
  5
67
102
{ACAD_REACTORS
330
66
102
}
330
66
100
DictionaryVariables
280
0
  1
2
  0
DICTIONARYVAR
  5
6B
102
{ACAD_REACTORS
330
66
102
}
330
66
100
DictionaryVariables
280
0
  1
1
  0
DICTIONARYVAR
  5
14D
102
{ACAD_REACTORS
330
66
102
}
330
66
100
DictionaryVariables
280
0
  1
0
  0
DICTIONARYVAR
  5
14E
102
{ACAD_REACTORS
330
66
102
}
330
66
100
DictionaryVariables
280
0
  1
0
  0
DICTIONARY
  5
FC4
102
{ACAD_REACTORS
330
FC2
102
}
330
FC2
100
AcDbDictionary
281
1
  0
DICTIONARY
  5
FC3
102
{ACAD_REACTORS
330
FC2
102
}
330
FC2
100
AcDbDictionary
281
1
  3
1860499832144
350
FBD
  3
1860499832160
350
FBE
  3
1860499832176
350
FBF
  3
1860499832192
350
FC0
  3
1860499832208
350
FC1
  0
ACDBASSOCNETWORK
  5
98A
102
{ACAD_REACTORS
330
989
102
}
330
989
100
AcDbAssocAction
 90
2
 90
0
330
69F
360
0
 90
2
 90
0
 90
0
 90
0
 90
0
 90
0
 90
0
100
AcDbAssocNetwork
 90
0
 90
3
 90
1
360
978
 90
0
  0
DICTIONARY
  5
FC7
330
1AC
100
AcDbDictionary
280
1
281
1
  3
ACAD_XREC_ROUNDTRIP
360
FC8
  0
DICTIONARY
  5
194
330
22
100
AcDbDictionary
280
1
281
1
  0
DICTIONARY
  5
188
330
97
100
AcDbDictionary
280
1
281
1
  3
FBXASSET
360
189
  0
DICTIONARY
  5
186
330
96
100
AcDbDictionary
280
1
281
1
  3
FBXASSET
360
187
  0
DICTIONARY
  5
110
330
98
100
AcDbDictionary
280
1
281
1
  3
BUMPTILE
360
112
  3
DIFFUSETILE
360
111
  3
FBXASSET
360
18A
  3
OPACITYTILE
360
113
  3
REFLECTIONTILE
360
114
  0
DICTIONARY
  5
FC5
330
1AA
100
AcDbDictionary
280
1
281
1
  3
ACAD_XREC_ROUNDTRIP
360
FC6
  0
DICTIONARY
  5
104
330
87
100
AcDbDictionary
280
1
281
1
  3
ACAD_ROUNDTRIP_2008_TABLESTYLE_CELLSTYLEMAP
360
FBB
  0
XRECORD
  5
FBD
102
{ACAD_REACTORS
330
FC3
102
}
330
FC3
100
AcDbXrecord
280
1
  1
AcDb_Thumbnail_Schema
102
{ATTRRECORD
341
FBE
  2
AcDbDs::TreatedAsObjectData
280
1
291
1
102
ATTRRECORD}
102
{ATTRRECORD
341
FBF
  2
AcDbDs::Legacy
280
1
291
1
102
ATTRRECORD}
  2
AcDbDs::ID
280
10
 91
8
102
{ATTRRECORD
341
FC0
  2
AcDs:Indexable
280
1
291
1
102
ATTRRECORD}
102
{ATTRRECORD
341
FC1
  2
AcDbDs::HandleAttribute
280
7
282
1
102
ATTRRECORD}
  2
Thumbnail_Data
280
15
 91
0
  0
XRECORD
  5
FBE
102
{ACAD_REACTORS
330
FC3
102
}
330
FC3
100
AcDbXrecord
280
1
  1
AcDbDs::TreatedAsObjectDataSchema
  2
AcDbDs::TreatedAsObjectData
280
1
 91
0
  0
XRECORD
  5
FBF
102
{ACAD_REACTORS
330
FC3
102
}
330
FC3
100
AcDbXrecord
280
1
  1
AcDbDs::LegacySchema
  2
AcDbDs::Legacy
280
1
 91
0
  0
XRECORD
  5
FC0
102
{ACAD_REACTORS
330
FC3
102
}
330
FC3
100
AcDbXrecord
280
1
  1
AcDbDs::IndexedPropertySchema
  2
AcDs:Indexable
280
1
 91
0
  0
XRECORD
  5
FC1
102
{ACAD_REACTORS
330
FC3
102
}
330
FC3
100
AcDbXrecord
280
1
  1
AcDbDs::HandleAttributeSchema
  2
AcDbDs::HandleAttribute
280
7
 91
1
284
1
  0
ACDBASSOC2DCONSTRAINTGROUP
  5
978
330
98A
100
AcDbAssocAction
 90
2
 90
0
330
98A
360
0
 90
1
 90
573
 90
0
 90
0
 90
0
 90
0
 90
0
 90
2
 70
0
 10
-1397.924019566954
 20
287.7704313093165
 30
0.0
 10
1.0
 20
0.0
 30
0.0
 10
0.0
 20
1.0
 30
0.0
360
0
 90
2
360
DDE
360
DDD
 90
3508
 90
0
 90
0
290
0
 90
11
  1
AcConstrainedBoundedLine
 90
3492
  1
AcConstrainedImplicitPoint
 90
3493
  1
AcPointCurveConstraint
 90
3494
  1
AcConstrainedImplicitPoint
 90
3495
  1
AcPointCurveConstraint
 90
3496
  1
AcConstrainedBoundedLine
 90
3503
  1
AcConstrainedImplicitPoint
 90
3504
  1
AcPointCurveConstraint
 90
3505
  1
AcConstrainedImplicitPoint
 90
3506
  1
AcPointCurveConstraint
 90
3507
  1
AcPointCurveConstraint
 90
3508
 90
3492
 90
3
 90
3494
 90
3496
 90
3508
 70
1
330
DDE
 90
0
 10
1475.604483215462
 20
-266.0514809715747
 30
-1.24e-14
 10
-9.674533203e-06
 20
-0.9999999999532178
 30
-9e-16
290
0
 10
1475.604483215462
 20
-266.0514809715747
 30
-1.24e-14
 11
1475.604428549002
 21
-271.7020336588972
 31
-1.74e-14
 90
3493
 90
1
 90
3494
 70
1
330
0
 90
0
280
0
 90
-1
 90
3492
 90
3494
 90
2
 90
3493
 90
3492
 70
0
 90
0
290
1
290
1
 90
3495
 90
1
 90
3496
 70
1
330
0
 90
0
280
1
 90
-1
 90
3492
 90
3496
 90
2
 90
3495
 90
3492
 70
0
 90
0
290
1
290
1
 90
3503
 90
2
 90
3505
 90
3507
 70
1
330
DDD
 90
0
 10
1475.604483215462
 20
-267.4018910628475
 30
-1.24e-14
 10
0.0
 20
1.0
 30
-8e-16
290
0
 10
1475.604483215462
 20
-267.4018910628475
 30
-1.24e-14
 11
1475.604483215462
 21
-266.0514809715747
 31
-1.34e-14
 90
3504
 90
1
 90
3505
 70
1
330
0
 90
0
280
0
 90
-1
 90
3503
 90
3505
 90
2
 90
3504
 90
3503
 70
0
 90
0
290
1
290
1
 90
3506
 90
2
 90
3507
 90
3508
 70
1
330
0
 90
0
280
1
 90
-1
 90
3503
 90
3507
 90
2
 90
3506
 90
3503
 70
0
 90
0
290
1
290
1
 90
3508
 90
2
 90
3492
 90
3506
 70
0
 90
0
290
0
290
1
  0
XRECORD
  5
FC8
102
{ACAD_REACTORS
330
FC7
102
}
330
FC7
100
AcDbXrecord
280
1
102
DISPLAYNAME
  1
Imperial24
102
FLAGS
 90
0
  0
XRECORD
  5
189
102
{ACAD_REACTORS
330
188
102
}
330
188
100
AcDbXrecord
280
1
 70
1
 90
429727718
  1
508B35C9-AEE7-456F-BE74-D52651303AC6
310
504B03040A0000080000B670623B3DEE336E79000000790000001B0000006175746F6465736B2D64657369676E2D7061636B6167652E786D6C3C3F786D6C2076657273696F6E3D22312E302220656E636F64696E673D227574662D3822203F3E3C666F726D6174733E3C666F726D61743E687474703A2F2F736368656D612E
310
6175746F6465736B2E636F6D2F64657369676E2D7061636B6167652F323030393C2F666F726D61743E3C2F666F726D6174733E504B0304140006080800B670623BD486FD9CA0000000F4000000130000005B436F6E74656E745F54797065735D2E786D6C7D8EC10E82300C865F65E91D8A1E8C310C0EEA1BF002731658846E
310
D98AC1B77784ABF1D8FE5FBFBF75BBCE937A534CCEB38643598122B6FEE978D0B0485F9C41B54DDD7D022595594E1A469170414C76A4D9A4D207E29CF43ECE46F218070CC6BECC4078ACAA135ACF422C856C0E68EA1BF5669944DDD7BCDE7B1F8E415D77AECB980613C2E4AC91FC167A2B244592486606FC29C8FD7F045B9A
310
EF7053A7E60B504B0304140006080800B670623B28ED286BEB0000007C01000008000000636F72652E786D6C8D90416EC3201045AF82665B6183218D6D61A254764FD00B204C5C94182C03558F5F9C3852BBEB6A467FFE9B197D71FA9E6FE8CBACC17AD7012D0820E3B41FAD9B3A48F1826B40272956EFE32F1B20A766D3C1
310
268314D3EAD3B24BDABB685CCCAAF3A3D94515828980F42D371D04FD696655A814B3235C8B45E9AB9A4C419F5D8653B2237A1CB163DE672FD6AC209BF3C08E0D1B30EB19C3FC9D72FCC6EB231EFA33EDE96BDD341517E5064B11EDFCBCAF57A3A2194156843498524CAA0FCA5B7268F9E185D42D21A2DCEC7FA0B48CFF8492
310
759155FBBB0F2C80A4F991FB408A72CB22977B50B96EB9C91F504B0304140006080800B670623B55019EA25F0000007C00000007000000636E782E786D6C4DCB3B0E80201045D1AD90E915ED2CF8AC45050C11660C8261F98AB1B07AC9C97D42D718D865D3E909258CFD00CCE24AC6E326A164D74DC0B4128928FF32603847
310
2BA13128B1252AC747C6BAB984FC68F0B87FE8960A5C09FE86CFB69FBA01504B0304140006080800B670623B7BC41AC871010000D40300000C0000006662782F636F72652E786D6CC553ED6E8320147D15C2DF4501B56B6D90A64BBB27D80B50A5CE54C120983EFEAE1F4DD7A56BBA5FF3879273EEE59E7310BE393735EA95
310
ED2AA333CC428A91D2B9292A5D66D8BB63B0C26823B835C67D2BC348CB46657880B1E0A535BE9DA1DC68A7B403549B42CDA0EC3AE530CA6B5864B8CB3F552343E91D5474A7B095F949962A6421D0502778E72C0840D390E18DC5F170E664C205F7BE2A66B62A605A75AC94C522DDEEE3651AEF837817C741F2CE92E02D592D
310
83FD6ECB76EC7595A651C2C9D02CB8AB9A8BBADC2AE954814544691A3016D0E883256BBA58278B17BA5A53CAC9507ED3E4DBE2C9265F691747B3DCA9ADC382819091F8E1162272A8933DE82182932144F88C09DF060D8140C84E1EEA8B8F1340BDCA9DB1093085F157AA97B557309586747CD0EF0B4EA64E983A6E0EAEEFCE
310
889E9EF17847386AA94B30211D2C0FDE0D3AF9A4610EAD5536E8DD1969631B593F67E381C33F5157F17725E5A636F6BF1491F980C8FC7B90E13E8A2F504B0304140006080800B670623B70102A487D0000009D0000000B0000006662782F636E782E786D6C4DCCD10A83201886E15B91FFDC95A5C30335ACCDFB886521330D
310
A76397BF1A1DECE883878F57749FD5A3B74D2F17830472A901D9F088930B8B849267CC01754AA418F3DF0D5018572BE160506249B16C274D761E8BCFBB7A179E27F65CB39A0F14D396184C9921B81F34C3ACA1B4B99ABB6E6F062A25AA5F69DF23ACBE504B0304140006080800B670623B3610CA3329010000120200003100
310
00006662782F42384135303843342D343331462D343546312D424341352D3532343432364645413344462F636F72652E786D6C8D515B6EC32010BC0AE22B55850D0E446E848992B43E412FE000495162B07854397EA176A4F62F3F2C9A9D991D58BEBB8F37F0AD7D30CE76905418026DA553C65E3A98E219B510EC04F7CEC5
310
3F3408EC30EA0E16180A7EF12E4D0B249D8DDAC68C5AA7F4020E21E80881BCE54B0783FCD2E3500D296646B856D320AFC34557A4CAEDCC133C449F0380794839A138B47B86DB2345744D7A44594FD0E1B867883594369BFE63BF7EEF793D0B054FC9A8456E548E63CE46FB674D8A58F068C6477CE9F510B582A2C1F80D1182
310
70F349E816B32D65AFB8DD62CCEB42FF274A937A52948C8DEB66893BCB021484D7734370E5D2E9F608A3EF93F3119479ABA0E50B14B8C298119A43CCC4FCFCECB8A18B6388CEE7EF5D5D4F994BD86CBBA182D76543B9FCAE2FD7B24DF103504B0304140006080800B670623B1B8617914E0100003303000030000000666278
310
2F42384135303843342D343331462D343546312D424341352D3532343432364645413344462F636E782E786D6CD593C16EC32010447F0571AD6CE3D489D20813A9877E410FBD62D82434182CC055F3F75D1292E692438FBD206B7698593D61BEFD1E2DF982108D773D6D6B460938E5B571FB9ECE6957AD29D90A1EBC4F7736
310
4A9C1CA1A759A682EF839FA72269D8C9D92654AD71C72206887E0E0A22CAF926B15E498B01E0AA19451807D01A34B919F16B070157417138917400F2F6FA41FCF0092A45DEE414C19BDC21783E4BD39D891265658C3D8DEA00A3ACE59CBC8678ACB54CB26EEB6BD7839D7E9348BE70AD9C8321B9BCA7F9A4A26C542347DEE0
310
50F09802D22BA6749A800A394DD62899107273365E3C82CFC6A55557BC06C10774B7ABE7AEC3B0F34CF06446280E154026D0542C187BA9DAB6628BF7B6DBB0E5A65B3EB1F58631DE64BBE083F7B65CC218087E22CABB042E51D1F2268F1FE12B3EA24D40D63E9CFE00120194D60B9D5BC67FE6D39CDF37E20AF817881F504B
310
0304140006080800B670623BBFEF2E3B690500003C100000340000006662782F42384135303843342D343331462D343546312D424341352D3532343432364645413344462F6F626A656374732E786D6CAD575D739B3814FD2B0CFB0C98D84E931D4227B6938EA793B6534F3BFB90198F0099B001899144EAECAFDF231018B0
310
D37A3FFC609090EEE7B94757C1FB7D915B2F54C88CB31BDB7727B64559CC938CA53776A576CE956DBD0F03C1B9EA2DB32D460A7A63EB693B0C52C1ABD24C257447AA5C8D66EF177F5832A68CDA569C13296F6C193FD182B8A4523CA1F2D94D88226EBADBBBBEDB2C1C8A4D05299F46424B222853B014F30C52ACC6287F389C
310
D85E1878FA7B18E87FB36AFAF62AAFF667A83F635211161F291B8999FAB3D5DDC5FCDA99CF6653677679E13B8BFBC5CAF1DF4D27CBCBE5F2FAF6EE1A8AA51290642C117467871F101B91C581D77CEA2C36869F3229E68CD1B8F61F1ED6361B89092D294B90C78C4A68EB793D190E7D1D9BDEE7A91E1B95FDE9F3BCEAEFE809
310
6A6D6F9F7D4B79F4275C90E7A04248AA51D5C4C738DAE06F72885AC4796EBE65D22A88A22223B995679120E2D50EB1542F098381188D4EA111AE3DB043FF20AF6F2B4AE3D7D83D65E5AECA730D4D3BAC91BD05FEA992B565D95F549CD6069B90AB2A63EACA38A45E4B6A87D781574F86817E4C2FCCC72690D62E2729520E37
310
9BAF234797BAF6D62B3BFC781FED37BA1E4F2B2F052FA9501A3E80569BB8F6A9A364D4FA67654E6F803383981F82F21591FF84F23D9882BC896C3FDBCF8C162508933B2E0AE4C69DD43F6BD2BE38DDDBF10BF86CB4FA784D37F3AF16075E67EC9030DECA1FC0A55373F5DFF3378C591FA9BDF485C10B0A8C8BA909E5262639
310
A8E72163488806A595734C81CB77D1DE0ED7604A303B76913CEC0272F412782FF88EFF4636D8AA56DF7B322474C4B767303F625997056C7B032C473C592B36CEBD15F3F9FF5233B7ABCDC74D257624A60F8658567497B14CE1EC3C80B76FD02011038F9EE9EB0F2E12387A9C844D3F09855125116D1D731DF8B43D2CF4E0A0
310
79A020C6BE946BCE0B7EA1E1219331CD73C228AF5A2DDD31A4B1DA918CE91350854D40A71723140BFA92E94E62B0626016CEFA5864A50E5977E8753CEDBEE1CBB7F52780D20E17AF0BA0F5F9B02A3AD07DCC732EB6D1EBB661421BE0C39E21BABF0FE16D22EA6929407C8DE596724C88B749B6DB5512BC7B228ADFD7CB7EA6
310
3A22397E690BA8D5D8D4E40CEC8CDA23C2C0B7D5898640101CEC9C6D331CE328CB93CAFBBAC70A642DF70DF95155945B52F08AA973C23469FD69ADEF84F7BB18F983A8F8C90E37F5D35980B2139A1C523540813E824EF83448CF7C72B598CE97D7CEEDDDDD3B6736BFBC771677EF66CE6A7E7139F7A793E9EDF2B2B3A8B624
310
0CDA13AA5F8388264EC4A0129909F3B7F5A16CEDF08128E97D680ACA4B9BE7B7B58BB638F0B00700EF36AE8B32A705658A68F83EE897FC2B41573190D1CCAF0B92D233A47CFEB019D9809933F67DD1A5467F8CF69AD9A5AE859342D45355448C64F968A371DC2D596ADC6E43D93D1B466F877A64E2893E54F23C4B40388995
310
525E5005DA3983ED45412510D3EFCA13737B3863F74BD30F2A12E5B4B5E489A025CE25500DB855B11ACE5BBFA185D35DD48D8DC3CE7DC69F2944DB42AA6F6CF09BCA622ADD08C7A36E7C6AE18000BAB08E040135C2D21C9D75B3A91B77BB746C403F38018DFE6EC939DD92F16B40BC05294B9CDA035AAD6D330AE27FE4786B
310
8E45145EA34A75BE1C263A676A35A8ACC6297337400BF16C54EF515F3F77CB77EB3583889C754FFA29081AA98E2222ADEF05DA3E63D2EDEA8B8756C05A7FB6CABC4A91CBF325398202CC952E70A008A830324BA200D5E5EF8F5F04C75DB4B0EE3340E071C98B823333B83577596BF3849B69F2085AA0FAFA212F26BEFF5877
310
FDE622B28D88A42E49E43326DA82D31E8CB006401E1DA726059ECEC168F97A6599036306A135688F9AD2E61A6EA178F4CD51974A9F2CCB9F36FE5EBD14601068D9C3BF01504B0304140006080000B670623B000000000000000000000000350000006662782F42384135303843342D343331462D343546312D424341352D35
310
32343432364645413344462F76657274696365732E62696E504B0304140006080800B670623BF270F1330600000004000000360000006662782F42384135303843342D343331462D343546312D424341352D3532343432364645413344462F747269616E676C65732E62696E636660600000504B0304140006080000B67062
310
3B000000000000000000000000370000006662782F42384135303843342D343331462D343546312D424341352D3532343432364645413344462F617474726962757465732E62696E504B0304140006080800B670623B08DA0BD19000000041010000360000006662782F42384135303843342D343331462D343546312D4243
310
41352D3532343432364645413344462F6469726563746F72792E786D6C858F410AC3201045AF22B36F53E9A60B35CBEEBAE80D244E44489C6234F4F835464A48035D0DF398FF9F8AF63D0E6CC63039F212F8F9020C7D47C6792B21C5FE7403D62A1188E2E60C98D7234A5830286103A55745067B9D86B8A3CF9C7F90C11DE6
310
07FB144396D7B6A82D282E9A152AD114D5EF2CB866EEE831B8EEA07A7BB5A8D7D61A2BAAEB7FD5F70921FF497D00504B0304140006080800B670623B3B4606F3FE000000A00100003B0000006662782F42384135303843342D343331462D343546312D424341352D3532343432364645413344462F7265736F75726365732F
310
636F72652E786D6C8D504B6E833010BD0A9A6D65B08134808CA354A427E8052C332156828DFCA97AFC9A40A576D7CDCCE87D344F8F9FBEE647F689CE6B6B7A6039850C8DB2A336530F315C4903D94970676DF82583CCC8197B5861107C72362E3BA4AC096842428D1D7107A5F71820538F74F4E0D50D6799CB1892C2DFF345
310
AABB9C306779A2934E701F5C0A906D4FD609C2A1B7D129F4BCD858C163D4E3AED163FAA9AF1A1D88F67CA98E6D35906AA82A52BFB39ABCD5CD915C86331BD86BD3B665CD8BD52C78D0F34F46E550061C419494B6843142CB0F5677F4D0D58717DA7494F26295FF31C565FCA7296A13AA728FBBD93C0896823C09C18BB5AFB4
310
9E65A6BD762BBE01504B010214000A0000080000B670623B3DEE336E79000000790000001B00000000000000000000000000000000006175746F6465736B2D64657369676E2D7061636B6167652E786D6C504B01021400140006080800B670623BD486FD9CA0000000F40000001300000000000000000000000000B2000000
310
5B436F6E74656E745F54797065735D2E786D6C504B01021400140006080800B670623B28ED286BEB0000007C010000080000000000000000000000000083010000636F72652E786D6C504B01021400140006080800B670623B55019EA25F0000007C000000070000000000000000000000000094020000636E782E786D6C50
310
4B01021400140006080800B670623B7BC41AC871010000D40300000C00000000000000000000000000180300006662782F636F72652E786D6C504B01021400140006080800B670623B70102A487D0000009D0000000B00000000000000000000000000B30400006662782F636E782E786D6C504B01021400140006080800B6
310
70623B3610CA3329010000120200003100000000000000000000000000590500006662782F42384135303843342D343331462D343546312D424341352D3532343432364645413344462F636F72652E786D6C504B01021400140006080800B670623B1B8617914E010000330300003000000000000000000000000000D10600
310
006662782F42384135303843342D343331462D343546312D424341352D3532343432364645413344462F636E782E786D6C504B01021400140006080800B670623BBFEF2E3B690500003C10000034000000000000000000000000006D0800006662782F42384135303843342D343331462D343546312D424341352D35323434
310
32364645413344462F6F626A656374732E786D6C504B01021400140006080000B670623B0000000000000000000000003500000000000000000000000000280E00006662782F42384135303843342D343331462D343546312D424341352D3532343432364645413344462F76657274696365732E62696E504B010214001400
310
06080800B670623BF270F133060000000400000036000000000000000000000000007B0E00006662782F42384135303843342D343331462D343546312D424341352D3532343432364645413344462F747269616E676C65732E62696E504B01021400140006080000B670623B00000000000000000000000037000000000000
310
00000000000000D50E00006662782F42384135303843342D343331462D343546312D424341352D3532343432364645413344462F617474726962757465732E62696E504B01021400140006080800B670623B08DA0BD1900000004101000036000000000000000000000000002A0F00006662782F42384135303843342D3433
310
31462D343546312D424341352D3532343432364645413344462F6469726563746F72792E786D6C504B01021400140006080800B670623B3B4606F3FE000000A00100003B000000000000000000000000000E1000006662782F42384135303843342D343331462D343546312D424341352D3532343432364645413344462F72
310
65736F75726365732F636F72652E786D6C504B0506000000000E000E0080040000651100000000
  0
XRECORD
  5
187
102
{ACAD_REACTORS
330
186
102
}
330
186
100
AcDbXrecord
280
1
 70
1
 90
429727718
  1
887D55A9-D0DD-414E-B741-A7DCD4DA2B4C
310
504B03040A0000080000B670623B3DEE336E79000000790000001B0000006175746F6465736B2D64657369676E2D7061636B6167652E786D6C3C3F786D6C2076657273696F6E3D22312E302220656E636F64696E673D227574662D3822203F3E3C666F726D6174733E3C666F726D61743E687474703A2F2F736368656D612E
310
6175746F6465736B2E636F6D2F64657369676E2D7061636B6167652F323030393C2F666F726D61743E3C2F666F726D6174733E504B0304140006080800B670623BD486FD9CA0000000F4000000130000005B436F6E74656E745F54797065735D2E786D6C7D8EC10E82300C865F65E91D8A1E8C310C0EEA1BF002731658846E
310
D98AC1B77784ABF1D8FE5FBFBF75BBCE937A534CCEB38643598122B6FEE978D0B0485F9C41B54DDD7D022595594E1A469170414C76A4D9A4D207E29CF43ECE46F218070CC6BECC4078ACAA135ACF422C856C0E68EA1BF5669944DDD7BCDE7B1F8E415D77AECB980613C2E4AC91FC167A2B244592486606FC29C8FD7F045B9A
310
EF7053A7E60B504B0304140006080800B670623BBC1638F5EC0000007C01000008000000636F72652E786D6C8D90416EC3201045AF82665B61836BE2D8C24471DB9CA01740401C94182C03558F5F9C3852BBEB6A467FFE9B197D7EF89E6EE8CB2CC17AD7032D0820E394D7D68D3DA478C67B4007C117EFE32F1B202727D3C3
310
2A83E0E3E2D3BC49CABB685CCCAAF3DA6CA20CC14440EA969B1E82BA98491632C5EC08D76296EA2A4753D06797E194AC468F2356E77DF66CCD02825543D50CACC62D39ED70FDC68EB8FD68F6F8787A6784342D1DDA1D2F5758F068A7E77DB518198D065111D2624A31A93E69DD11D6D5EC85EC3B4278B9DAFF4069D6FF8492
310
75F1B5DADE7D600104CD8FDC0782976B16B9DC83CA75CD4DFC00504B0304140006080800B670623B55019EA25F0000007C00000007000000636E782E786D6C4DCB3B0E80201045D1AD90E915ED2CF8AC45050C11660C8261F98AB1B07AC9C97D42D718D865D3E909258CFD00CCE24AC6E326A164D74DC0B4128928FF326038
310
472BA13128B1252AC747C6BAB984FC68F0B87FE8960A5C09FE86CFB69FBA01504B0304140006080800B670623B3586FFB671010000D40300000C0000006662782F636F72652E786D6CC553ED6E8320147D15C2DF4541A76D6D90A6DDD627D80B50A4CE54C120983EFEAE1F4DD7A55BBA5FF3879273EEE59E7310B6393735EA
310
95ED2AA3731C851423A5A5292A5DE6D8BB63B0C268C39935C67D29C3488B46E578803167A535BE9D2169B453DA01AA4DA16650749D7218C91A1639EEE4876A4428BC838AEE14B6429E44A9C228041AEA38EB9C0501681A32BC313F1ECE8C4C3867DE57C5CC56054CAB8E95B298A7F12E5EEED224C8E87E11242FE936C8DE96
310
AB60BB7F4D295D66D12E5B30323473E6AAE6A24E5A259C2A308F29CD82280A68FC1E256B9AAE93F489AED694323294DF34F9B678B0C957DA3DC7B3DCA9ADC33C022123F1CD2D44E450277AD04338234388F01913BE0D1A0281909D38D4171F27807A259DB1093085F157AA17B557309586747CD0CF0B46A64E983A6E0EAEEF
310
CE881F9EF1FB8E70D44297604238581EBC1B74B249C31C5AAB6CD0BB33D2C636A27ECCC62F0EFF445DC5DF95244D6DEC7F2922F30191F9F720C37DE49F504B0304140006080800B670623B4220A0FF7D0000009D0000000B0000006662782F636E782E786D6C4DCCD10A83201886E15B91FFDCE542CB0335D0EC3E6259C84A
310
C3E9D8E5AF46073BFAE0E1E315DD675BD1DBA5978F41C2FD4600B9F088930F8B849267CC01754AA418F3DF0D50183727E164506249B1EC174D6E1ECB9A0F5D7D785E68DB8151CD286E5A5363CA6B8A39E90D36D40E96B086F55A43A544F52B1D7B86D517504B0304140006080800B670623B2FA3FEDE290100001202000031
310
0000006662782F45374635344235342D363743322D343832342D383044432D4334454645303536354442422F636F72652E786D6C8D515B6EC32010BC0AE22B55850D2E386E848994D7097A0117488A1283C5A3CAF10BB523B57FF961D1ECCCECC0F2ED7DBC816FED8371B687A4C210682B9D32F6D2C314CFA883602BB8772E
310
FEA141608751F7B0C050F08B77695A20E96CD43666D43AA5177008414708E42D5F7A18E4971E876A483133C2B59A06791D2EBA22556E679EE021FA1C00CC43CA09C5717D6274C7286AD7FB06D1AEA1A8C3873DDAD3E3E98859CB0EBB1DAF67A1E02919B5C88DCA71CCD968FFAC49110B1ECDF8882FBD1EA256503418BF2342
310
106E3E08DD60B6A1EC15771B8C795DE8FF4469524F8A92B1F1AD59E2CEB20005E1F5DC105CB9F4797B84D1F7C9F908CABC55D0F2050A5C61CC1AD2F27A26E6E767C7962E8E213A9FBF7775FDCC5CC266DB960A5E970DE5F2BBBE5CCB36C50F504B0304140006080800B670623B1B8617914E01000033030000300000006662
310
782F45374635344235342D363743322D343832342D383044432D4334454645303536354442422F636E782E786D6CD593C16EC32010447F0571AD6CE3D489D20813A9877E410FBD62D82434182CC055F3F75D1292E692438FBD206B7698593D61BEFD1E2DF982108D773D6D6B460938E5B571FB9ECE6957AD29D90A1EBC4F77
310
364A9C1CA1A759A682EF839FA72269D8C9D92654AD71C72206887E0E0A22CAF926B15E498B01E0AA19451807D01A34B919F16B070157417138917400F2F6FA41FCF0092A45DEE414C19BDC21783E4BD39D891265658C3D8DEA00A3ACE59CBC8678ACB54CB26EEB6BD7839D7E9348BE70AD9C8321B9BCA7F9A4A26C542347DE
310
E050F09802D22BA6749A800A394DD62899107273365E3C82CFC6A55557BC06C10774B7ABE7AEC3B0F34CF06446280E154026D0542C187BA9DAB6628BF7B6DBB0E5A65B3EB1F58631DE64BBE083F7B65CC218087E22CABB042E51D1F2268F1FE12B3EA24D40D63E9CFE00120194D60B9D5BC67FE6D39CDF37E20AF817881F50
310
4B0304140006080800B670623B29652116630500003C100000340000006662782F45374635344235342D363743322D343832342D383044432D4334454645303536354442422F6F626A656374732E786D6CAD575D739B3814FD2B0CFB0C989834C90EA1639B24E3E9A6EDD4D3CE3E64C623834CD8006224913AFDF57B040203
310
B65BEF871F0C12D2FD3CF7E8CA7FBFCB33E3957291B2E2D674ED8969D02262715A24B76625B7D6B569BC0F7CCE98EC2D338D82E4F4D654D366E0279C55A59E8AE99654991CCDDECFFF3444440B6A1A514684B83545F44C7362934AB2988A173B2692D8C97667BB76B3702836E1A47C1E092D09A78584A5982F20C5688C7287
310
C389E904BEA3BE07BEFAD7ABA6A75739B53F43FD69212429A20365233153D70BEF2E2E6FAC4BCF9B5ADEBB0BD79ADFCF43CBBD9A4E16EF168B9BD9DD0D140BC921495BC2E9D60C1E101B9E46BED37CEA2CD6861F3329624541A3DA7F7858DBAC25C6B4A4458C3CA654405BCFEBC970E8AAD8F43E4FD558ABEC4F9FE7557F47
310
4F506B7BFBEC5BCA367FC105710E2AB8A00A554D7CB4A30DFE26FBA86D18CBF4B75418399194A72433B274C3097F33032C554B027F2046A1932B842B0FCCC0DDCBEBDB8AD2F835768F59B9ADB24C41D30C6A64AF817F2A456D59FA83F2E3DA60137255A585BCD60EC9B7929AC18DEFD49381AF1ED30BFDB109A4B1CD488294
310
C3CDE6EBC8D185AABD6568061FEE37BB95AAC7E3CA4BCE4ACAA5820FA0D526AE7DAA2869B5EE5999531BE0CC20E6FBA07C41E43FA27CF7A6206F3CDD793B4F6B919C1462CB788EDCD893FA674CDA17AB7B3B7C019F8D561FAEE966FED562DFE98C1D12C6A9FC015C2A35D7FF3D7FC398F591DA4B5FE0BFA2C0189FEA50AE22
310
92817A1ED3020951A03432862970F976B33383259812CC8E5D240BBA801CBCF8CE2BBEE3BF910DB6AAD5F79E05123AE2DB33981FB1ACCB02B69D00CB014FD68AB573A7627EF9BFD4CC2C5C7D58557C4B22FAA88925A4DBB44825CECE3D78FB060D1231F0E885BE7D673C86A3874958F593906B5502D1563157814FDAC3420D
310
F69A070A22EC4B98E23CFF171A1E5311D12C23056555ABA53B8614563B92D17D02AAB009E8F46284624E5F53D5490C560CCCC2591FF1B45421EB0EBD8EA7ED13BE7C5D7E0428CD60FEF60779EB13E6664FF711CB185F6FDED60D139A001FF60CD1FD6D086F1D51474901E26B2CB794A343BC8ED3EDB612E0DD2351FCB65CF4
310
33D511C9E14B5B40ADC6A6263DB0336A8F700DDF56271A024E70B0B3629DE21847591E55DED73D56206AB927E46FAABC5C939C55853C274C93D69FD6FA4E78BF8B11DF898C9ECD60553FAD39283BA6F18984AA23E8884F83F45C5F5F859797B31B2B9C84A1E5B9DE9D35BFF25C6B76152E422F9C5DCC3D847F5801ED09D5AF
310
41441327A25FF15487F9EB725FB666F048A4701E9A827292E6F97569A32DF61DEC01C0BB8DCBBCCC684E0B49147C1FD54BF685A0AB18C868E6973949E819523E3DAC463660E68C7D9F55A9D1EFA3BD7A76A16AE1A810F95CE59B82A4D968A376DC2E8B44BBDD86B27B368CDE0ED548C7137DA860591A83706223A12CA712B4
310
7306DBF39C0A20A6DF95C7FAF670C6EED7A61F946493D1D6926782963813403548A78AE470DEF80D2D9CEAA26E4D1C76F60BFE74219A06527D6B82DF641A51616F703CAAC6A7160E08A00BEB4810A0274592A1B36E3675E36E978A0DE80727A0D6DF2D39A75BD27E0D8837276589537B40ABB56D5A41F48F1C6FCD3188C4EB
310
A6929D2FFB89CE995A4D00AE813BDD032DC48B56BD437DFDDC2DD7AED70C2272D63DE9A72068A45A92F0A4BE17A8A06B9366E16707AD80B1FC649459952097E74BB23805982B55E0401150A165964402AA8BDF9F3E7386BB686EDCA780C0D382E5392BF460A6EFB2C6EA1937D3F809B440D5F5435C4C5CF7A9EEFAF54564BD
310
2182DA24162F98680B4E7930C21A0079709CEAEB99A372305ABE0C0D7D6078105A83F6A0296DAEE1068A47DD1C55A9F4C9B2FC69E3EFD44B81028E963DF81B504B0304140006080000B670623B000000000000000000000000350000006662782F45374635344235342D363743322D343832342D383044432D433445464530
310
3536354442422F76657274696365732E62696E504B0304140006080800B670623BF270F1330600000004000000360000006662782F45374635344235342D363743322D343832342D383044432D4334454645303536354442422F747269616E676C65732E62696E636660600000504B0304140006080000B670623B00000000
310
0000000000000000370000006662782F45374635344235342D363743322D343832342D383044432D4334454645303536354442422F617474726962757465732E62696E504B0304140006080800B670623B08DA0BD19000000041010000360000006662782F45374635344235342D363743322D343832342D383044432D4334
310
454645303536354442422F6469726563746F72792E786D6C858F410AC3201045AF22B36F53E9A60B35CBEEBAE80D244E44489C6234F4F835464A48035D0DF398FF9F8AF63D0E6CC63039F212F8F9020C7D47C6792B21C5FE7403D62A1188E2E60C98D7234A5830286103A55745067B9D86B8A3CF9C7F90C11DE607FB144396
310
D7B6A82D282E9A152AD114D5EF2CB866EEE831B8EEA07A7BB5A8D7D61A2BAAEB7FD5F70921FF497D00504B0304140006080800B670623B6378F24DFF000000A00100003B0000006662782F45374635344235342D363743322D343832342D383044432D4334454645303536354442422F7265736F75726365732F636F72652E
310
786D6C8D504B6E833010BD0A9A6D65B0094E42641C85B639412F6099496225D8C89FAAC7AF09546A77DDCC8CDE47F3F4C4F16B7C149FE88371B603565228D06A37187BED20C50BD9437194C23B177FC9A0B06AC40E6618A4B87A97A615D2CE46B431A3D60DB8822A048C50E8473E3A08FA86A32A558A5911EEE5A4F45D5DB1
310
6465A6B34E8A107D0E502C4FE609D26370C96B0CA25A58295232C3AA3143FE692E063D485EF7F5AEE71BD2D2F39634AFFC44DAF7DD9E9CCE6F9CD25DCBFA762BAAD92C4534E34F46ED51451C40D694B6843142EB0FD61C283F34FC85EE0F948A6A96FF31A569F8A729191B37F51A77B105902C0779125254735F793DCBCC7B
310
EE567E03504B010214000A0000080000B670623B3DEE336E79000000790000001B00000000000000000000000000000000006175746F6465736B2D64657369676E2D7061636B6167652E786D6C504B01021400140006080800B670623BD486FD9CA0000000F40000001300000000000000000000000000B20000005B436F6E
310
74656E745F54797065735D2E786D6C504B01021400140006080800B670623BBC1638F5EC0000007C010000080000000000000000000000000083010000636F72652E786D6C504B01021400140006080800B670623B55019EA25F0000007C000000070000000000000000000000000095020000636E782E786D6C504B010214
310
00140006080800B670623B3586FFB671010000D40300000C00000000000000000000000000190300006662782F636F72652E786D6C504B01021400140006080800B670623B4220A0FF7D0000009D0000000B00000000000000000000000000B40400006662782F636E782E786D6C504B01021400140006080800B670623B2F
310
A3FEDE290100001202000031000000000000000000000000005A0500006662782F45374635344235342D363743322D343832342D383044432D4334454645303536354442422F636F72652E786D6C504B01021400140006080800B670623B1B8617914E010000330300003000000000000000000000000000D2060000666278
310
2F45374635344235342D363743322D343832342D383044432D4334454645303536354442422F636E782E786D6C504B01021400140006080800B670623B29652116630500003C10000034000000000000000000000000006E0800006662782F45374635344235342D363743322D343832342D383044432D4334454645303536
310
354442422F6F626A656374732E786D6C504B01021400140006080000B670623B0000000000000000000000003500000000000000000000000000230E00006662782F45374635344235342D363743322D343832342D383044432D4334454645303536354442422F76657274696365732E62696E504B01021400140006080800
310
B670623BF270F13306000000040000003600000000000000000000000000760E00006662782F45374635344235342D363743322D343832342D383044432D4334454645303536354442422F747269616E676C65732E62696E504B01021400140006080000B670623B0000000000000000000000003700000000000000000000
310
000000D00E00006662782F45374635344235342D363743322D343832342D383044432D4334454645303536354442422F617474726962757465732E62696E504B01021400140006080800B670623B08DA0BD190000000410100003600000000000000000000000000250F00006662782F45374635344235342D363743322D34
310
3832342D383044432D4334454645303536354442422F6469726563746F72792E786D6C504B01021400140006080800B670623B6378F24DFF000000A00100003B00000000000000000000000000091000006662782F45374635344235342D363743322D343832342D383044432D4334454645303536354442422F7265736F75
310
726365732F636F72652E786D6C504B0506000000000E000E0080040000611100000000
  0
XRECORD
  5
112
102
{ACAD_REACTORS
330
110
102
}
330
110
100
AcDbXrecord
280
1
270
1
271
1
  0
XRECORD
  5
111
102
{ACAD_REACTORS
330
110
102
}
330
110
100
AcDbXrecord
280
1
270
1
271
1
  0
XRECORD
  5
18A
102
{ACAD_REACTORS
330
110
102
}
330
110
100
AcDbXrecord
280
1
 70
0
 90
1778669749
  1
9BF507EE-FAF7-4A99-A33D-4EE51894BC40
310
504B03040A0000080000B670623B3DEE336E79000000790000001B0000006175746F6465736B2D64657369676E2D7061636B6167652E786D6C3C3F786D6C2076657273696F6E3D22312E302220656E636F64696E673D227574662D3822203F3E3C666F726D6174733E3C666F726D61743E687474703A2F2F736368656D612E
310
6175746F6465736B2E636F6D2F64657369676E2D7061636B6167652F323030393C2F666F726D61743E3C2F666F726D6174733E504B0304140006080800B670623BD486FD9CA0000000F4000000130000005B436F6E74656E745F54797065735D2E786D6C7D8EC10E82300C865F65E91D8A1E8C310C0EEA1BF002731658846E
310
D98AC1B77784ABF1D8FE5FBFBF75BBCE937A534CCEB38643598122B6FEE978D0B0485F9C41B54DDD7D022595594E1A469170414C76A4D9A4D207E29CF43ECE46F218070CC6BECC4078ACAA135ACF422C856C0E68EA1BF5669944DDD7BCDE7B1F8E415D77AECB980613C2E4AC91FC167A2B244592486606FC29C8FD7F045B9A
310
EF7053A7E60B504B0304140006080800B670623BCA089DFFEC0000007C01000008000000636F72652E786D6C8D90416E83301045AF62CDB632D8402020E32882F604BD80653BC44AB011B6AB1EBF262152BBEB6A467FFE9B197D76FA9EEFE84BAFDE38DB03CD08206DA553C64E3DC470C1474027CE56E7C22F1B202B66DDC3
310
260367D3EAE2B24BD2D9A06D48AA754AEFA2F05E0740F29E9A1EBCBCEA59642286E4F0B76C11F226269DD15797E0188D42CF2346A57DE662F40ABCAEC77628C6120F654571D50C04B7F5B9C1E3997CD4F550BE3745C3F20DE62C98F9755FAE5A04AD801784B498524C8A4F5A75E4D055873772EC0861F966FF03C545FD138A
310
C686B2D8DF7D621E384D8F3C069CE55B16A93C824A75CB8DFF00504B0304140006080800B670623B55019EA25F0000007C00000007000000636E782E786D6C4DCB3B0E80201045D1AD90E915ED2CF8AC45050C11660C8261F98AB1B07AC9C97D42D718D865D3E909258CFD00CCE24AC6E326A164D74DC0B4128928FF326038
310
472BA13128B1252AC747C6BAB984FC68F0B87FE8960A5C09FE86CFB69FBA01504B0304140006080800B670623B68FC0B7272010000D40300000C0000006662782F636F72652E786D6CC5535B6E833010BC8AE5DF0A6C1E8124328E22D29EA01770C0A128602363A31CBFCB234A53A555FA553EC09AD9F5CE8C31DB5DDA060D
310
D2F4B556190E7C8A9154852E6B5565D8D993B7C668C799D1DA7E29C3488956667884316795D1AE5BA0422B2B950554E9522EA0E87B69312A1A5864B82F3E642B7CE12C54F467BF13C55954D20F7CA0A18EB3DE1A1080E621E31BF3D3F1C2C88C73E65C5D2E6C5DC2B4FA544B8379921C36797888BC3C8A032F4E73EA6D927D
310
EA1DF6F42D49F2E8350D5346C666CE6CDD5ED515460A2B4BCC434A375E1078347C0FE22D5D6DE3D50B5D6F2965642CBF6B725DF96493AB958DC245EEDCD6631E809089F8E61622B2A81703E8219C913144F84C09DF070D8140C8561C9BAB8F3340832CAC363130A576376A108D933095FA747AD0CF0B46E64E983A6D0EAE1F
310
CE089F9EF1FB8E70D44255604258581E9D1D75B259C3125A278D37D80B52DAB4A279CEC62F0EFF44DDC43F9454E8469BFF5244960322CBEF41C6FBC83F01504B0304140006080800B670623B0F71DDB67E0000009D0000000B0000006662782F636E782E786D6C4DCCD10A83201886E15B91FFDCA54DB73F502386BB8F5816
310
32D3703976F9ABD1C18E3E78F87855FB990379BBFCF2296AE02706C4C5471A7C9C349475A408A4352AA7B4FEDD80C47E761A7606A3A69CCA72D0E0C6BE8475D3E0E3F3409428EA6B27A84079A782899AA2EC1A7AE3ECCC2FD858CB2D544655BFD2B67BD87C01504B0304140006080800B670623BE134B4FB28010000120200
310
00310000006662782F38353834323741342D343835462D343034322D383541392D4331303331363839454531452F636F72652E786D6C8D515B6EC32010BC0AE22B55850D0EA424C24451959EA0172086A42831583CAA1CBF503B52FB971F16CDCECC0EACD8DFC71BF836215AEF7A481A0C817183D7D65D7A98D3197108F652
310
04EFD31F1A044E8DA6871586525C82CFD3020DDE25E352419DD76601558C264130DCCAA58771F832A36A544E8511AFCDA486ABBA988634A55D7852C4144A00300FA927949C71DABD1D28A29C7D208A6987383B6CD13BC16BB2E1DBE3911C453B0BA5C8D9EA456E758963CFD684674DAA588A64C747FC2118958C86B2C3788B
310
0841B8FB247487D98EB257CC77188BB6D2FF89F2A49F1465EBD2BA5BE2CEB2082511EDDC9042FB7CBA3DC298FBE4430275DE2A9AE1054ADC60CC08E3A29D89E5F9C5714317C7987C28DFBBBA9E0A97B0D97643A568EB864AF95D5FA9759BF207504B0304140006080800B670623B1B8617914E010000330300003000000066
310
62782F38353834323741342D343835462D343034322D383541392D4331303331363839454531452F636E782E786D6CD593C16EC32010447F0571AD6CE3D489D20813A9877E410FBD62D82434182CC055F3F75D1292E692438FBD206B7698593D61BEFD1E2DF982108D773D6D6B460938E5B571FB9ECE6957AD29D90A1EBC4F
310
77364A9C1CA1A759A682EF839FA72269D8C9D92654AD71C72206887E0E0A22CAF926B15E498B01E0AA19451807D01A34B919F16B070157417138917400F2F6FA41FCF0092A45DEE414C19BDC21783E4BD39D891265658C3D8DEA00A3ACE59CBC8678ACB54CB26EEB6BD7839D7E9348BE70AD9C8321B9BCA7F9A4A26C542347
310
DEE050F09802D22BA6749A800A394DD62899107273365E3C82CFC6A55557BC06C10774B7ABE7AEC3B0F34CF06446280E154026D0542C187BA9DAB6628BF7B6DBB0E5A65B3EB1F58631DE64BBE083F7B65CC218087E22CABB042E51D1F2268F1FE12B3EA24D40D63E9CFE00120194D60B9D5BC67FE6D39CDF37E20AF817881F
310
504B0304140006080800B670623B5933D422630500003B100000340000006662782F38353834323741342D343835462D343034322D383541392D4331303331363839454531452F6F626A656374732E786D6CAD575B6FA33814FE2B887D0642934E9B156594264D158D3A534DD4D13E548A0C38942D60649B4EBABF7E3F8321
310
40924EF6928780CDF1B97EE762EFF32E4B8D37CA45C2F21BD3B547A641F39045491EDF98A5DC5AD7A6F1D9F73863B243661A39C9E88DA9B64DDF8B392B0BBD15D12D295339D85DDEFE618890E6D434C2940871638AF08566C426A5641115AF764424B1E3EDCE76ED9AB0CF36E6A47819302D08A7B984A6D8CFC1C5A89572FB
310
CB91E9F89EA3BEFB9EFAD754E3D3544E654F5F7E920B49F2F040D880CDD89D2CEE2E2EA7D6E56432B6269F2E5CEB7679BBB0DCABF168FE693E9FCEEEA6102C240727AD09A75BD3BF876F78127A4EFDA9D5582B7E4CA590E5390D2BFB6161A5B3E618D182E611E2985001691DAB47FDA5AB7CD3F93C566B2DB2BB7D9E55DD13
310
1D468DEECDB3AB290BFE8409E21C54704115AA6AFF68436BFC8DF65E0B184BF5B74418199194272435D224E084BF9B3E481589EFF5D828747285706581E9BB7B7E5D5D911ABFC6EE312DB7659A2A689A7E85EC0DF04FA5A8344BFEA2FCB834E8845895492EAFB541F2BDA0A63FF59C6AD3F7D4637CA13FD68E34B629891172
310
98597F1D183A57B9B75A98FE9765B05BAB7C3C2EBCE0ACA05C2AF8005A4DE09AA7F29216EB9E15397500C6F47CBE77CA7778FE2BD277AF0AE2C693DD6437D1522427B9D8329E2136F6A8FA19A3E6C56ADF0E5F50CF06D48734EDCEBF22F69C56D97EC138153F804B85E6FABFC7AFEFB32E523BE1F3BD372418E363EDCA7548
310
52949E8724474014288D94610BB57C1BEC4C7F854A89CA8E5324F55B871CBC78CE1BBEE3BFE68D6A5589EF3C730474506FCFA8FCF0659516D0ED04580EEA6425581B77CAE797FF4BCECC16EB2FEB926F49481F746159D06D922712BD730FDEAE42BD40F42C7AA5EF3F198F60E86110D6DD20645A9480B795CF95E3E3A659A8
310
C55E724F408873315335CFFB8584874484344D494E59D94869DB90C26A5B64F49C802CAC1D3ABE18A098D3B7444D123D8A9E5AE8F5214F0AE5B2B6E9B575DA3E61CBD3EA2B4009FA940524DD1305FB6A1FB294F14DF0BEA90BA109ECE1481FDC3FFAE8D60E75141700BE82725371B4873751B2DD960265F788137FACE6DD40
310
B575E4F0A5C99F46629D92131467A41EE11ABD8D4CCC039CA0AFB37C93A08B232B8F0AEFCA1E0A1015DF13FC83322B362463652ECF71D3A8B1A7D1BE65DE1D62C44F22C317D35F574FEB16153BA2D13E543D10A80E74C4A65E78A6B7CBCBD1D5DD9DB59C2DAFACC96C3AB566E3F1C29ADCDD5DBAD7D3C9ED7C822ED74F80A6
310
41755310DE4443F44A9E68373FADF6596BFA0F440AE7BECE2727AE9F4F2B1B53B1E7E00CF0DD1E5C65454A339A4BA2D0FBA05ED2EF0443458F47BDBFCA484CCFE0F2ED7E3DD0013B679C7B5499467F0ECEEADDB9CA85A34CE44B99053949D2C1416DB85DE4B136BB7165FBAC0B7AB3542BED4F8CA182A549847A1319316519
310
95A83A67147B9E5101C47487F2485F1ECE38FD568F839204296D3479219888530154036E6528FBFBC66F98E0D4107563A2D7D9AFF8D389681A08F58D89F22693900A3B407754734FC51C10C010D6D640809EE4718AC1BA3ED4AEDB53CA37283F68805A7E4B72CEB0A4EDEAD5DD8C14059A76AFAA56BA6901E13F32BC51C720
310
12AF41295B5BF61BAD3195181FB506E6B40F4C10AF5AF40EF9F5B159AE5DD1F43C72D635E94310D45C2D49785C5D0B94D3B54AB3C5A38349C0587D338AB48C11CBF339599C02CCA54A70A008A8D03C0B2201D5F9EFCF8F9CE12A9A19CB0410789EB32C63B95ECCF455D658BFE0621A3DA32C5075FB101723D77DAE867E7D0F
310
D90444509B44E2151B4DC2290B065803200FBAA9BE9D392A0603F2D5C2D00D6302A615680F66D2FA166E2079D4C551A54AB758161FCEFD4E450A14704CECFEDF504B0304140006080000B670623B000000000000000000000000350000006662782F38353834323741342D343835462D343034322D383541392D4331303331
310
363839454531452F76657274696365732E62696E504B0304140006080800B670623BF270F1330600000004000000360000006662782F38353834323741342D343835462D343034322D383541392D4331303331363839454531452F747269616E676C65732E62696E636660600000504B0304140006080000B670623B000000
310
000000000000000000370000006662782F38353834323741342D343835462D343034322D383541392D4331303331363839454531452F617474726962757465732E62696E504B0304140006080800B670623B08DA0BD19000000041010000360000006662782F38353834323741342D343835462D343034322D383541392D43
310
31303331363839454531452F6469726563746F72792E786D6C858F410AC3201045AF22B36F53E9A60B35CBEEBAE80D244E44489C6234F4F835464A48035D0DF398FF9F8AF63D0E6CC63039F212F8F9020C7D47C6792B21C5FE7403D62A1188E2E60C98D7234A5830286103A55745067B9D86B8A3CF9C7F90C11DE607FB1443
310
96D7B6A82D282E9A152AD114D5EF2CB866EEE831B8EEA07A7BB5A8D7D61A2BAAEB7FD5F70921FF497D00504B0304140006080800B670623BD9A3B367FE000000A00100003B0000006662782F38353834323741342D343835462D343034322D383541392D4331303331363839454531452F7265736F75726365732F636F7265
310
2E786D6C8D504B6E833010BD0A9A6D65B01D0201194711694FD00B586642AD043BF2A7EAF16B122AB5BB6E6646EFA3797AE2F8B5DC8A4FF4C1383B002B291468B59B8C9D0748F1420E501CA5F0CEC55F3228AC5A708015062966EFD27D83B4B3116DCCA875136EA00A012314FA968F0182FEC045952AC5AC08D7F2AEF455CD
310
58B232D3592745883E07289E4FD609D26370C96B0CA27AB252A464A64D63A6FCD35C0C7A904D73EE467EE664DCD58CD4ED4849D79C5A723ED1B7A61977AF2D6F45B59AA58866F9C9A83DAA8813484E6947182394BFB3BAA7FBBEDEBFD0434FA9A856F91F53BA4FFF342563E38E6F719FB60092E5200F428A6AED2BAF479979
310
AFDDCA6F504B010214000A0000080000B670623B3DEE336E79000000790000001B00000000000000000000000000000000006175746F6465736B2D64657369676E2D7061636B6167652E786D6C504B01021400140006080800B670623BD486FD9CA0000000F40000001300000000000000000000000000B20000005B436F6E
310
74656E745F54797065735D2E786D6C504B01021400140006080800B670623BCA089DFFEC0000007C010000080000000000000000000000000083010000636F72652E786D6C504B01021400140006080800B670623B55019EA25F0000007C000000070000000000000000000000000095020000636E782E786D6C504B010214
310
00140006080800B670623B68FC0B7272010000D40300000C00000000000000000000000000190300006662782F636F72652E786D6C504B01021400140006080800B670623B0F71DDB67E0000009D0000000B00000000000000000000000000B50400006662782F636E782E786D6C504B01021400140006080800B670623BE1
310
34B4FB280100001202000031000000000000000000000000005C0500006662782F38353834323741342D343835462D343034322D383541392D4331303331363839454531452F636F72652E786D6C504B01021400140006080800B670623B1B8617914E010000330300003000000000000000000000000000D3060000666278
310
2F38353834323741342D343835462D343034322D383541392D4331303331363839454531452F636E782E786D6C504B01021400140006080800B670623B5933D422630500003B10000034000000000000000000000000006F0800006662782F38353834323741342D343835462D343034322D383541392D4331303331363839
310
454531452F6F626A656374732E786D6C504B01021400140006080000B670623B0000000000000000000000003500000000000000000000000000240E00006662782F38353834323741342D343835462D343034322D383541392D4331303331363839454531452F76657274696365732E62696E504B01021400140006080800
310
B670623BF270F13306000000040000003600000000000000000000000000770E00006662782F38353834323741342D343835462D343034322D383541392D4331303331363839454531452F747269616E676C65732E62696E504B01021400140006080000B670623B0000000000000000000000003700000000000000000000
310
000000D10E00006662782F38353834323741342D343835462D343034322D383541392D4331303331363839454531452F617474726962757465732E62696E504B01021400140006080800B670623B08DA0BD190000000410100003600000000000000000000000000260F00006662782F38353834323741342D343835462D34
310
3034322D383541392D4331303331363839454531452F6469726563746F72792E786D6C504B01021400140006080800B670623BD9A3B367FE000000A00100003B000000000000000000000000000A1000006662782F38353834323741342D343835462D343034322D383541392D4331303331363839454531452F7265736F75
310
726365732F636F72652E786D6C504B0506000000000E000E0080040000611100000000
  0
XRECORD
  5
113
102
{ACAD_REACTORS
330
110
102
}
330
110
100
AcDbXrecord
280
1
270
1
271
1
  0
XRECORD
  5
114
102
{ACAD_REACTORS
330
110
102
}
330
110
100
AcDbXrecord
280
1
270
1
271
1
  0
XRECORD
  5
FC6
102
{ACAD_REACTORS
330
FC5
102
}
330
FC5
100
AcDbXrecord
280
1
102
DISPLAYNAME
  1
Imperial24
102
FLAGS
 90
0
  0
CELLSTYLEMAP
  5
FBB
102
{ACAD_REACTORS
330
104
102
}
330
104
100
AcDbCellStyleMap
 90
3
300
CELLSTYLE
  1
TABLEFORMAT_BEGIN
 90
5
170
1
 91
0
 92
32768
 62
257
 93
1
300
CONTENTFORMAT
  1
CONTENTFORMAT_BEGIN
 90
0
 91
0
 92
512
 93
0
300

 40
0.0
140
1.0
 94
5
 62
0
340
11
144
0.25
309
CONTENTFORMAT_END
171
1
301
MARGIN
  1
CELLMARGIN_BEGIN
 40
0.06
 40
0.06
 40
0.06
 40
0.06
 40
0.18
 40
0.18
309
CELLMARGIN_END
 94
6
 95
1
302
GRIDFORMAT
  1
GRIDFORMAT_BEGIN
 90
0
 91
1
 62
0
 92
-2
340
0
 93
0
 40
0.045
309
GRIDFORMAT_END
 95
2
302
GRIDFORMAT
  1
GRIDFORMAT_BEGIN
 90
0
 91
1
 62
0
 92
-2
340
0
 93
0
 40
0.045
309
GRIDFORMAT_END
 95
4
302
GRIDFORMAT
  1
GRIDFORMAT_BEGIN
 90
0
 91
1
 62
0
 92
-2
340
0
 93
0
 40
0.045
309
GRIDFORMAT_END
 95
8
302
GRIDFORMAT
  1
GRIDFORMAT_BEGIN
 90
0
 91
1
 62
0
 92
-2
340
0
 93
0
 40
0.045
309
GRIDFORMAT_END
 95
16
302
GRIDFORMAT
  1
GRIDFORMAT_BEGIN
 90
0
 91
1
 62
0
 92
-2
340
0
 93
0
 40
0.045
309
GRIDFORMAT_END
 95
32
302
GRIDFORMAT
  1
GRIDFORMAT_BEGIN
 90
0
 91
1
 62
0
 92
-2
340
0
 93
0
 40
0.045
309
GRIDFORMAT_END
309
TABLEFORMAT_END
  1
CELLSTYLE_BEGIN
 90
1
 91
1
300
_TITLE
309
CELLSTYLE_END
300
CELLSTYLE
  1
TABLEFORMAT_BEGIN
 90
5
170
1
 91
0
 92
0
 62
257
 93
1
300
CONTENTFORMAT
  1
CONTENTFORMAT_BEGIN
 90
0
 91
0
 92
512
 93
0
300

 40
0.0
140
1.0
 94
5
 62
0
340
11
144
0.18
309
CONTENTFORMAT_END
171
1
301
MARGIN
  1
CELLMARGIN_BEGIN
 40
0.06
 40
0.06
 40
0.06
 40
0.06
 40
0.18
 40
0.18
309
CELLMARGIN_END
 94
6
 95
1
302
GRIDFORMAT
  1
GRIDFORMAT_BEGIN
 90
0
 91
1
 62
0
 92
-2
340
0
 93
0
 40
0.045
309
GRIDFORMAT_END
 95
2
302
GRIDFORMAT
  1
GRIDFORMAT_BEGIN
 90
0
 91
1
 62
0
 92
-2
340
0
 93
0
 40
0.045
309
GRIDFORMAT_END
 95
4
302
GRIDFORMAT
  1
GRIDFORMAT_BEGIN
 90
0
 91
1
 62
0
 92
-2
340
0
 93
0
 40
0.045
309
GRIDFORMAT_END
 95
8
302
GRIDFORMAT
  1
GRIDFORMAT_BEGIN
 90
0
 91
1
 62
0
 92
-2
340
0
 93
0
 40
0.045
309
GRIDFORMAT_END
 95
16
302
GRIDFORMAT
  1
GRIDFORMAT_BEGIN
 90
0
 91
1
 62
0
 92
-2
340
0
 93
0
 40
0.045
309
GRIDFORMAT_END
 95
32
302
GRIDFORMAT
  1
GRIDFORMAT_BEGIN
 90
0
 91
1
 62
0
 92
-2
340
0
 93
0
 40
0.045
309
GRIDFORMAT_END
309
TABLEFORMAT_END
  1
CELLSTYLE_BEGIN
 90
2
 91
1
300
_HEADER
309
CELLSTYLE_END
300
CELLSTYLE
  1
TABLEFORMAT_BEGIN
 90
5
170
1
 91
0
 92
0
 62
257
 93
1
300
CONTENTFORMAT
  1
CONTENTFORMAT_BEGIN
 90
0
 91
0
 92
512
 93
0
300

 40
0.0
140
1.0
 94
2
 62
0
340
11
144
0.18
309
CONTENTFORMAT_END
171
1
301
MARGIN
  1
CELLMARGIN_BEGIN
 40
0.06
 40
0.06
 40
0.06
 40
0.06
 40
0.18
 40
0.18
309
CELLMARGIN_END
 94
6
 95
1
302
GRIDFORMAT
  1
GRIDFORMAT_BEGIN
 90
0
 91
1
 62
0
 92
-2
340
0
 93
0
 40
0.045
309
GRIDFORMAT_END
 95
2
302
GRIDFORMAT
  1
GRIDFORMAT_BEGIN
 90
0
 91
1
 62
0
 92
-2
340
0
 93
0
 40
0.045
309
GRIDFORMAT_END
 95
4
302
GRIDFORMAT
  1
GRIDFORMAT_BEGIN
 90
0
 91
1
 62
0
 92
-2
340
0
 93
0
 40
0.045
309
GRIDFORMAT_END
 95
8
302
GRIDFORMAT
  1
GRIDFORMAT_BEGIN
 90
0
 91
1
 62
0
 92
-2
340
0
 93
0
 40
0.045
309
GRIDFORMAT_END
 95
16
302
GRIDFORMAT
  1
GRIDFORMAT_BEGIN
 90
0
 91
1
 62
0
 92
-2
340
0
 93
0
 40
0.045
309
GRIDFORMAT_END
 95
32
302
GRIDFORMAT
  1
GRIDFORMAT_BEGIN
 90
0
 91
1
 62
0
 92
-2
340
0
 93
0
 40
0.045
309
GRIDFORMAT_END
309
TABLEFORMAT_END
  1
CELLSTYLE_BEGIN
 90
3
 91
2
300
_DATA
309
CELLSTYLE_END
  0
ACDBASSOCGEOMDEPENDENCY
  5
DDE
330
978
100
AcDbAssocDependency
 90
2
 90
0
290
1
290
1
290
1
290
1
 90
-10000
330
BCE
290
0
330
0
330
0
360
0
 90
572
100
AcDbAssocGeomDependency
 90
0
290
1
  1
AcDbAssocSingleEdgePersSubentId
290
0
  0
ACDBASSOCGEOMDEPENDENCY
  5
DDD
330
978
100
AcDbAssocDependency
 90
2
 90
0
290
1
290
1
290
1
290
1
 90
-10000
330
B9E
290
0
330
0
330
0
360
0
 90
571
100
AcDbAssocGeomDependency
 90
0
290
1
  1
AcDbAssocSingleEdgePersSubentId
290
0
  0
DICTIONARY
  5
11BD
330
C
100
AcDbDictionary
280
1
281
1
  3
WRITTEN_BY_EZDXF
350
11BE
  0
DICTIONARYVAR
  5
11BE
330
11BD
100
DictionaryVariables
280
0
  1
1.4.4 @ 2026-09-27T18:52:32.140446+00:00
  0
ENDSEC
  0
SECTION
  2
ACDSDATA
 70
2
 71
8
  0
ACDSSCHEMA
 90
0
  1
AcDb_Thumbnail_Schema
  2
AcDbDs::ID
280
10
 91
8
  2
Thumbnail_Data
280
15
 91
0
101
ACDSRECORD
 95
0
 90
1
  2
AcDbDs::TreatedAsObjectData
280
1
291
1
101
ACDSRECORD
 95
0
 90
2
  2
AcDbDs::Legacy
280
1
291
1
101
ACDSRECORD
  1
AcDbDs::ID
 90
3
  2
AcDs:Indexable
280
1
291
1
101
ACDSRECORD
  1
AcDbDs::ID
 90
4
  2
AcDbDs::HandleAttribute
280
7
282
1
  0
ACDSSCHEMA
 90
1
  1
AcDbDs::TreatedAsObjectDataSchema
  2
AcDbDs::TreatedAsObjectData
280
1
 91
0
  0
ACDSSCHEMA
 90
2
  1
AcDbDs::LegacySchema
  2
AcDbDs::Legacy
280
1
 91
0
  0
ACDSSCHEMA
 90
3
  1
AcDbDs::IndexedPropertySchema
  2
AcDs:Indexable
280
1
 91
0
  0
ACDSSCHEMA
 90
4
  1
AcDbDs::HandleAttributeSchema
  2
AcDbDs::HandleAttribute
280
7
 91
1
284
1
  0
ACDSRECORD
 90
0
  2
AcDbDs::ID
280
10
320
22
  2
Thumbnail_Data
280
15
 94
1433
310
89504E470D0A1A0A0000000D49484452000001000000007508030000009634CF9200000300504C5445000000FFFFFF0000000000000000000000000000000000000000000000000000000000330000660000990000CC0000FF0033000033330033660033990033CC0033FF0066000066330066660066990066CC0066FF0099
310
000099330099660099990099CC0099FF00CC0000CC3300CC6600CC9900CCCC00CCFF00FF0000FF3300FF6600FF9900FFCC00FFFF3300003300333300663300993300CC3300FF3333003333333333663333993333CC3333FF3366003366333366663366993366CC3366FF3399003399333399663399993399CC3399FF33CC00
310
33CC3333CC6633CC9933CCCC33CCFF33FF0033FF3333FF6633FF9933FFCC33FFFF6600006600336600666600996600CC6600FF6633006633336633666633996633CC6633FF6666006666336666666666996666CC6666FF6699006699336699666699996699CC6699FF66CC0066CC3366CC6666CC9966CCCC66CCFF66FF0066
310
FF3366FF6666FF9966FFCC66FFFF9900009900339900669900999900CC9900FF9933009933339933669933999933CC9933FF9966009966339966669966999966CC9966FF9999009999339999669999999999CC9999FF99CC0099CC3399CC6699CC9999CCCC99CCFF99FF0099FF3399FF6699FF9999FFCC99FFFFCC0000CC00
310
33CC0066CC0099CC00CCCC00FFCC3300CC3333CC3366CC3399CC33CCCC33FFCC6600CC6633CC6666CC6699CC66CCCC66FFCC9900CC9933CC9966CC9999CC99CCCC99FFCCCC00CCCC33CCCC66CCCC99CCCCCCCCCCFFCCFF00CCFF33CCFF66CCFF99CCFFCCCCFFFFFF0000FF0033FF0066FF0099FF00CCFF00FFFF3300FF3333
310
FF3366FF3399FF33CCFF33FFFF6600FF6633FF6666FF6699FF66CCFF66FFFF9900FF9933FF9966FF9999FF99CCFF99FFFFCC00FFCC33FFCC66FFCC99FFCCCCFFCCFFFFFF00FFFF33FFFF66FFFF99FFFFCCFFFFFF0000000D0D0D1A1A1A2828283535354343435050505D5D5D6B6B6B787878868686939393A1A1A1AEAEAEBB
310
BBBBC9C9C9D6D6D6E4E4E4F1F1F1FFFFFF0000000000000000000000000000000000000000000000000000000000003AE5ACE9000002544944415478DAED9A5B7282301846C34A78EDB27CCC0ED886BB7313CEF8F4BF37016A8184284A2E9073DAA14ED569FF932FE4A6520000000000000000000000000000000000000000
310
1EC479509B00437F111250B7806902666990B3F8F137F57FADB2821E7F6CEB55DB892E40EBBF8AB45BDEEC3F90A0BF3704341F904240F8B74904ACBD2585007FC844A2089817F75A803AB380655B7B939155C0C3D0758F5D05B8151A29CD5AFDB90598EFEED1C515A04A15609BBF17103901257481C980F7FF389D80C14265
310
09506A55C0CC454E015DE509906E1805761D06D5B104583A75B94415E0C97D21027E7A3A5161018FF7150404AC4F91532D866CC9BADF0331ADDEAF8C2E8661897409AC06CDD39B12F0F962355A004601E36AD027407614B065216827482A571730D8CE2F2F5B43CE2BC02D190108F8524053A200AD8B15A0B20B902402D6E6
310
817401041C4140ABCE2960BC3398E774F895FA9C02FA1970DBB6FD943798007DD22E60E7F9830089D5055EBF21AF0077CBD0D937DC7876E717101A1013099814E316B6488053F1F702D6DABE9804ECD805D452401316605E946026E817A06308D8780F48B521E2D7721F892D207458DCE43C1D7E57C0C661D0E9F5B93F1F20
310
5F0AF8722A9C5FC0BD6D83B9D0FAFE64726A36B0754FB051CBF1AE7C01729F7393DB620C3D7502967FFE66F9F43E7DCC2EB0E3B0E43F1A3B9A809DE69CE57C4C2EA180321125084040D502FAD3CFD66E7E8CC7A0C3635D97003BDD19CF8175650272AD4229150ECDD5506BDD5EAA11F0BCCCAEEA4A026A4BC075F245026ABD
310
0790800A130000000000000000A5F30B599273C5FFAD3FB20000000049454E44AE426082
  0
ENDSEC
  0
EOF
