  0
SECTION
  2
HEADER
  9
$ACADVER
  1
AC1027
  9
$ACADMAINTVER
 70
105
  9
$DWGCODEPAGE
  3
ANSI_1252
  9
$LASTSAVEDBY
  1
ezdxf
  9
$REQUIREDVERSIONS
160
0
  9
$INSBASE
 10
0.0
 20
0.0
 30
0.0
  9
$EXTMIN
 10
1e+20
 20
1e+20
 30
1e+20
  9
$EXTMAX
 10
-1e+20
 20
-1e+20
 30
-1e+20
  9
$LIMMIN
 10
0.0
 20
0.0
  9
$LIMMAX
 10
420.0
 20
297.0
  9
$ORTHOMODE
 70
0
  9
$REGENMODE
 70
1
  9
$FILLMODE
 70
1
  9
$QTEXTMODE
 70
0
  9
$MIRRTEXT
 70
1
  9
$LTSCALE
 40
1.0
  9
$ATTMODE
 70
1
  9
$TEXTSIZE
 40
2.5
  9
$TRACEWID
 40
1.0
  9
$TEXTSTYLE
  7
OpenSans
  9
$CLAYER
  8
0
  9
$CELTYPE
  6
ByLayer
  9
$CECOLOR
 62
256
  9
$CELTSCALE
 40
1.0
  9
$DISPSILH
 70
0
  9
$DIMSCALE
 40
1.0
  9
$DIMASZ
 40
0.175
  9
$DIMEXO
 40
0.125
  9
$DIMDLI
 40
3.75
  9
$DIMRND
 40
0.0
  9
$DIMDLE
 40
0.0
  9
$DIMEXE
 40
0.375
  9
$DIMTP
 40
0.0
  9
$DIMTM
 40
0.0
  9
$DIMTXT
 40
0.25
  9
$DIMCEN
 40
2.5
  9
$DIMTSZ
 40
0.0
  9
$DIMTOL
 70
0
  9
$DIMLIM
 70
0
  9
$DIMTIH
 70
0
  9
$DIMTOH
 70
0
  9
$DIMSE1
 70
0
  9
$DIMSE2
 70
0
  9
$DIMTAD
 70
1
  9
$DIMZIN
 70
12
  9
$DIMBLK
  1
ARCHTICK
  9
$DIMASO
 70
1
  9
$DIMSHO
 70
1
  9
$DIMPOST
  1

  9
$DIMAPOST
  1

  9
$DIMALT
 70
0
  9
$DIMALTD
 70
3
  9
$DIMALTF
 40
0.03937007874
  9
$DIMLFAC
 40
100.0
  9
$DIMTOFL
 70
1
  9
$DIMTVP
 40
0.0
  9
$DIMTIX
 70
0
  9
$DIMSOXD
 70
0
  9
$DIMSAH
 70
0
  9
$DIMBLK1
  1

  9
$DIMBLK2
  1

  9
$DIMSTYLE
  2
EZDXF
  9
$DIMCLRD
 70
0
  9
$DIMCLRE
 70
0
  9
$DIMCLRT
 70
0
  9
$DIMTFAC
 40
0.5
  9
$DIMGAP
 40
0.1
  9
$DIMJUST
 70
0
  9
$DIMSD1
 70
0
  9
$DIMSD2
 70
0
  9
$DIMTOLJ
 70
0
  9
$DIMTZIN
 70
8
  9
$DIMALTZ
 70
0
  9
$DIMALTTZ
 70
0
  9
$DIMUPT
 70
1
  9
$DIMDEC
 70
2
  9
$DIMTDEC
 70
2
  9
$DIMALTU
 70
2
  9
$DIMALTTD
 70
3
  9
$DIMTXSTY
  7
OpenSansCondensed-Light
  9
$DIMAUNIT
 70
0
  9
$DIMADEC
 70
2
  9
$DIMALTRND
 40
0.0
  9
$DIMAZIN
 70
3
  9
$DIMDSEP
 70
46
  9
$DIMATFIT
 70
3
  9
$DIMFRAC
 70
0
  9
$DIMLDRBLK
  1

  9
$DIMLUNIT
 70
2
  9
$DIMLWD
 70
-2
  9
$DIMLWE
 70
-2
  9
$DIMTMOVE
 70
2
  9
$DIMFXL
 40
1.0
  9
$DIMFXLON
 70
0
  9
$DIMJOGANG
 40
0.785398163397
  9
$DIMTFILL
 70
0
  9
$DIMTFILLCLR
 70
0
  9
$DIMARCSYM
 70
0
  9
$DIMLTYPE
  6

  9
$DIMLTEX1
  6

  9
$DIMLTEX2
  6

  9
$DIMTXTDIRECTION
 70
0
  9
$LUNITS
 70
2
  9
$LUPREC
 70
4
  9
$SKETCHINC
 40
1.0
  9
$FILLETRAD
 40
10.0
  9
$AUNITS
 70
0
  9
$AUPREC
 70
2
  9
$MENU
  1
.
  9
$ELEVATION
 40
0.0
  9
$PELEVATION
 40
0.0
  9
$THICKNESS
 40
0.0
  9
$LIMCHECK
 70
0
  9
$CHAMFERA
 40
0.0
  9
$CHAMFERB
 40
0.0
  9
$CHAMFERC
 40
0.0
  9
$CHAMFERD
 40
0.0
  9
$SKPOLY
 70
0
  9
$TDCREATE
 40
2461312.4530787035
  9
$TDUCREATE
 40
2458532.153996898
  9
$TDUPDATE
 40
2461312.4530787035
  9
$TDUUPDATE
 40
2458532.1544311
  9
$TDINDWG
 40
0.0
  9
$TDUSRTIMER
 40
0.0
  9
$USRTIMER
 70
1
  9
$ANGBASE
 50
0.0
  9
$ANGDIR
 70
0
  9
$PDMODE
 70
0
  9
$PDSIZE
 40
0.0
  9
$PLINEWID
 40
0.0
  9
$SPLFRAME
 70
0
  9
$SPLINETYPE
 70
6
  9
$SPLINESEGS
 70
8
  9
$HANDSEED
  5
34D
  9
$SURFTAB1
 70
6
  9
$SURFTAB2
 70
6
  9
$SURFTYPE
 70
6
  9
$SURFU
 70
6
  9
$SURFV
 70
6
  9
$UCSBASE
  2

  9
$UCSNAME
  2

  9
$UCSORG
 10
0.0
 20
0.0
 30
0.0
  9
$UCSXDIR
 10
1.0
 20
0.0
 30
0.0
  9
$UCSYDIR
 10
0.0
 20
1.0
 30
0.0
  9
$UCSORTHOREF
  2

  9
$UCSORTHOVIEW
 70
0
  9
$UCSORGTOP
 10
0.0
 20
0.0
 30
0.0
  9
$UCSORGBOTTOM
 10
0.0
 20
0.0
 30
0.0
  9
$UCSORGLEFT
 10
0.0
 20
0.0
 30
0.0
  9
$UCSORGRIGHT
 10
0.0
 20
0.0
 30
0.0
  9
$UCSORGFRONT
 10
0.0
 20
0.0
 30
0.0
  9
$UCSORGBACK
 10
0.0
 20
0.0
 30
0.0
  9
$PUCSBASE
  2

  9
$PUCSNAME
  2

  9
$PUCSORG
 10
0.0
 20
0.0
 30
0.0
  9
$PUCSXDIR
 10
1.0
 20
0.0
 30
0.0
  9
$PUCSYDIR
 10
0.0
 20
1.0
 30
0.0
  9
$PUCSORTHOREF
  2

  9
$PUCSORTHOVIEW
 70
0
  9
$PUCSORGTOP
 10
0.0
 20
0.0
 30
0.0
  9
$PUCSORGBOTTOM
 10
0.0
 20
0.0
 30
0.0
  9
$PUCSORGLEFT
 10
0.0
 20
0.0
 30
0.0
  9
$PUCSORGRIGHT
 10
0.0
 20
0.0
 30
0.0
  9
$PUCSORGFRONT
 10
0.0
 20
0.0
 30
0.0
  9
$PUCSORGBACK
 10
0.0
 20
0.0
 30
0.0
  9
$USERI1
 70
0
  9
$USERI2
 70
0
  9
$USERI3
 70
0
  9
$USERI4
 70
0
  9
$USERI5
 70
0
  9
$USERR1
 40
0.0
  9
$USERR2
 40
0.0
  9
$USERR3
 40
0.0
  9
$USERR4
 40
0.0
  9
$USERR5
 40
0.0
  9
$WORLDVIEW
 70
1
  9
$SHADEDGE
 70
3
  9
$SHADEDIF
 70
70
  9
$TILEMODE
 70
1
  9
$MAXACTVP
 70
64
  9
$PINSBASE
 10
0.0
 20
0.0
 30
0.0
  9
$PLIMCHECK
 70
0
  9
$PEXTMIN
 10
1e+20
 20
1e+20
 30
1e+20
  9
$PEXTMAX
 10
-1e+20
 20
-1e+20
 30
-1e+20
  9
$PLIMMIN
 10
0.0
 20
0.0
  9
$PLIMMAX
 10
420.0
 20
297.0
  9
$UNITMODE
 70
0
  9
$VISRETAIN
 70
1
  9
$PLINEGEN
 70
0
  9
$PSLTSCALE
 70
1
  9
$TREEDEPTH
 70
3020
  9
$CMLSTYLE
  2
Standard
  9
$CMLJUST
 70
0
  9
$CMLSCALE
 40
20.0
  9
$PROXYGRAPHICS
 70
1
  9
$MEASUREMENT
 70
1
  9
$CELWEIGHT
370
-1
  9
$ENDCAPS
280
0
  9
$JOINSTYLE
280
0
  9
$LWDISPLAY
290
0
  9
$INSUNITS
 70
6
  9
$HYPERLINKBASE
  1

  9
$STYLESHEET
  1

  9
$XEDIT
290
1
  9
$CEPSNTYPE
380
0
  9
$PSTYLEMODE
290
1
  9
$FINGERPRINTGUID
  2
{F318ED88-6B34-4C4D-A2FE-A2EEF1259E7B}
  9
$VERSIONGUID
  2
{36052FD9-9EAB-4684-94D2-EA2AD45793B5}
  9
$EXTNAMES
290
1
  9
$PSVPSCALE
 40
0.0
  9
$OLESTARTUP
290
0
  9
$SORTENTS
280
127
  9
$INDEXCTL
280
0
  9
$HIDETEXT
280
1
  9
$XCLIPFRAME
280
1
  9
$HALOGAP
280
0
  9
$OBSCOLOR
 70
257
  9
$OBSLTYPE
280
0
  9
$INTERSECTIONDISPLAY
280
0
  9
$INTERSECTIONCOLOR
 70
257
  9
$DIMASSOC
280
2
  9
$PROJECTNAME
  1

  9
$CAMERADISPLAY
290
0
  9
$LENSLENGTH
 40
50.0
  9
$CAMERAHEIGHT
 40
0.0
  9
$STEPSPERSEC
 40
24.0
  9
$STEPSIZE
 40
100.0
  9
$3DDWFPREC
 40
2.0
  9
$PSOLWIDTH
 40
0.005
  9
$PSOLHEIGHT
 40
0.08
  9
$LOFTANG1
 40
1.570796326795
  9
$LOFTANG2
 40
1.570796326795
  9
$LOFTMAG1
 40
0.0
  9
$LOFTMAG2
 40
0.0
  9
$LOFTPARAM
 70
7
  9
$LOFTNORMALS
280
1
  9
$LATITUDE
 40
37.795
  9
$LONGITUDE
 40
-122.394
  9
$NORTHDIRECTION
 40
0.0
  9
$TIMEZONE
 70
-8000
  9
$LIGHTGLYPHDISPLAY
280
1
  9
$TILEMODELIGHTSYNCH
280
1
  9
$CMATERIAL
347
20
  9
$SOLIDHIST
280
0
  9
$SHOWHIST
280
1
  9
$DWFFRAME
280
2
  9
$DGNFRAME
280
2
  9
$REALWORLDSCALE
290
1
  9
$INTERFERECOLOR
 62
256
  9
$CSHADOW
280
0
  9
$SHADOWPLANELOCATION
 40
0.0
  0
ENDSEC
  0
SECTION
  2
CLASSES
  0
CLASS
  1
ACDBDICTIONARYWDFLT
  2
AcDbDictionaryWithDefault
  3
ObjectDBX Classes
 90
0
 91
0
280
0
281
0
  0
CLASS
  1
SUN
  2
AcDbSun
  3
SCENEOE
 90
1153
 91
0
280
0
281
0
  0
CLASS
  1
VISUALSTYLE
  2
AcDbVisualStyle
  3
ObjectDBX Classes
 90
4095
 91
0
280
0
281
0
  0
CLASS
  1
MATERIAL
  2
AcDbMaterial
  3
ObjectDBX Classes
 90
1153
 91
0
280
0
281
0
  0
CLASS
  1
SCALE
  2
AcDbScale
  3
ObjectDBX Classes
 90
1153
 91
0
280
0
281
0
  0
CLASS
  1
TABLESTYLE
  2
AcDbTableStyle
  3
ObjectDBX Classes
 90
4095
 91
0
280
0
281
0
  0
CLASS
  1
MLEADERSTYLE
  2
AcDbMLeaderStyle
  3
ACDB_MLEADERSTYLE_CLASS
 90
4095
 91
0
280
0
281
0
  0
CLASS
  1
DICTIONARYVAR
  2
AcDbDictionaryVar
  3
ObjectDBX Classes
 90
0
 91
0
280
0
281
0
  0
CLASS
  1
CELLSTYLEMAP
  2
AcDbCellStyleMap
  3
ObjectDBX Classes
 90
1152
 91
0
280
0
281
0
  0
CLASS
  1
MENTALRAYRENDERSETTINGS
  2
AcDbMentalRayRenderSettings
  3
SCENEOE
 90
1024
 91
0
280
0
281
0
  0
CLASS
  1
ACDBDETAILVIEWSTYLE
  2
AcDbDetailViewStyle
  3
ObjectDBX Classes
 90
1025
 91
0
280
0
281
0
  0
CLASS
  1
ACDBSECTIONVIEWSTYLE
  2
AcDbSectionViewStyle
  3
ObjectDBX Classes
 90
1025
 91
0
280
0
281
0
  0
CLASS
  1
RASTERVARIABLES
  2
AcDbRasterVariables
  3
ISM
 90
0
 91
0
280
0
281
0
  0
CLASS
  1
LAYOUT
  2
AcDbLayout
  3
ObjectDBX Classes
 90
0
 91
0
280
0
281
0
  0
CLASS
  1
ACDBPLACEHOLDER
  2
AcDbPlaceHolder
  3
ObjectDBX Classes
 90
0
 91
0
280
0
281
0
  0
ENDSEC
  0
SECTION
  2
TABLES
  0
TABLE
  2
VPORT
  5
8
330
0
100
AcDbSymbolTable
 70
1
  0
VPORT
  5
345
330
8
100
AcDbSymbolTableRecord
100
AcDbViewportTableRecord
  2
*Active
 70
0
 10
0.0
 20
0.0
 11
1.0
 21
1.0
 12
0.0
 22
0.0
 13
0.0
 23
0.0
 14
0.5
 24
0.5
 15
0.5
 25
0.5
 16
-1.0
 26
-1.0
 36
1.0
 17
81.79
 27
25.72
 37
1.5
 40
34.0
 41
1.6
 42
50.0
 43
0.0
 44
0.0
 50
0.0
 51
0.0
 71
0
 72
1000
 73
1
 74
3
 75
0
 76
0
 77
0
 78
0
281
5
 65
1
110
0.0
120
0.0
130
0.0
111
1.0
121
0.0
131
0.0
112
0.0
122
1.0
132
0.0
 79
0
146
0.0
  0
ENDTAB
  0
TABLE
  2
LTYPE
  5
2
330
0
100
AcDbSymbolTable
 70
21
  0
LTYPE
  5
24
330
2
100
AcDbSymbolTableRecord
100
AcDbLinetypeTableRecord
  2
ByBlock
 70
0
  3

 72
65
 73
0
 40
0.0
  0
LTYPE
  5
25
330
2
100
AcDbSymbolTableRecord
100
AcDbLinetypeTableRecord
  2
ByLayer
 70
0
  3

 72
65
 73
0
 40
0.0
  0
LTYPE
  5
26
330
2
100
AcDbSymbolTableRecord
100
AcDbLinetypeTableRecord
  2
Continuous
 70
0
  3

 72
65
 73
0
 40
0.0
  0
LTYPE
  5
2F
330
2
100
AcDbSymbolTableRecord
100
AcDbLinetypeTableRecord
  2
CENTER
 70
0
  3
Center ____ _ ____ _ ____ _ ____ _ ____ _ ____
 72
65
 73
4
 40
5.08
 49
3.175
 74
0
 49
-0.635
 74
0
 49
0.635
 74
0
 49
-0.635
 74
0
  0
LTYPE
  5
30
330
2
100
AcDbSymbolTableRecord
100
AcDbLinetypeTableRecord
  2
CENTERX2
 70
0
  3
Center (2x) ________  __  ________  __  ________
 72
65
 73
4
 40
8.89
 49
6.35
 74
0
 49
-0.635
 74
0
 49
1.27
 74
0
 49
-0.635
 74
0
  0
LTYPE
  5
31
330
2
100
AcDbSymbolTableRecord
100
AcDbLinetypeTableRecord
  2
CENTER2
 70
0
  3
Center (.5x) ____ _ ____ _ ____ _ ____ _ ____
 72
65
 73
4
 40
2.54
 49
1.587
 74
0
 49
-0.318
 74
0
 49
0.318
 74
0
 49
-0.318
 74
0
  0
LTYPE
  5
32
330
2
100
AcDbSymbolTableRecord
100
AcDbLinetypeTableRecord
  2
DASHED
 70
0
  3
Dashed __ __ __ __ __ __ __ __ __ __ __ __ __ _
 72
65
 73
2
 40
1.524
 49
1.27
 74
0
 49
-0.254
 74
0
  0
LTYPE
  5
33
330
2
100
AcDbSymbolTableRecord
100
AcDbLinetypeTableRecord
  2
DASHEDX2
 70
0
  3
Dashed (2x) ____  ____  ____  ____  ____  ____
 72
65
 73
2
 40
3.048
 49
2.54
 74
0
 49
-0.508
 74
0
  0
LTYPE
  5
34
330
2
100
AcDbSymbolTableRecord
100
AcDbLinetypeTableRecord
  2
DASHED2
 70
0
  3
Dashed (.5x) _ _ _ _ _ _ _ _ _ _ _ _ _ _
 72
65
 73
2
 40
0.762
 49
0.635
 74
0
 49
-0.127
 74
0
  0
LTYPE
  5
35
330
2
100
AcDbSymbolTableRecord
100
AcDbLinetypeTableRecord
  2
PHANTOM
 70
0
  3
Phantom ______  __  __  ______  __  __  ______
 72
65
 73
6
 40
6.35
 49
3.175
 74
0
 49
-0.635
 74
0
 49
0.635
 74
0
 49
-0.635
 74
0
 49
0.635
 74
0
 49
-0.635
 74
0
  0
LTYPE
  5
36
330
2
100
AcDbSymbolTableRecord
100
AcDbLinetypeTableRecord
  2
PHANTOMX2
 70
0
  3
Phantom (2x)____________    ____    ____    ____________
 72
65
 73
6
 40
10.795
 49
6.35
 74
0
 49
-0.635
 74
0
 49
1.27
 74
0
 49
-0.635
 74
0
 49
1.27
 74
0
 49
-0.635
 74
0
  0
LTYPE
  5
37
330
2
100
AcDbSymbolTableRecord
100
AcDbLinetypeTableRecord
  2
PHANTOM2
 70
0
  3
Phantom (.5x) ___ _ _ ___ _ _ ___ _ _ ___ _ _ ___
 72
65
 73
6
 40
3.175
 49
1.587
 74
0
 49
-0.318
 74
0
 49
0.318
 74
0
 49
-0.318
 74
0
 49
0.318
 74
0
 49
-0.318
 74
0
  0
LTYPE
  5
38
330
2
100
AcDbSymbolTableRecord
100
AcDbLinetypeTableRecord
  2
DASHDOT
 70
0
  3
Dash dot __ . __ . __ . __ . __ . __ . __ . __
 72
65
 73
4
 40
3.556
 49
2.54
 74
0
 49
-0.508
 74
0
 49
0.0
 74
0
 49
-0.508
 74
0
  0
LTYPE
  5
39
330
2
100
AcDbSymbolTableRecord
100
AcDbLinetypeTableRecord
  2
DASHDOTX2
 70
0
  3
Dash dot (2x) ____  .  ____  .  ____  .  ____
 72
65
 73
4
 40
6.096
 49
5.08
 74
0
 49
-0.508
 74
0
 49
0.0
 74
0
 49
-0.508
 74
0
  0
LTYPE
  5
3A
330
2
100
AcDbSymbolTableRecord
100
AcDbLinetypeTableRecord
  2
DASHDOT2
 70
0
  3
Dash dot (.5x) _ . _ . _ . _ . _ . _ . _ . _
 72
65
 73
4
 40
1.778
 49
1.27
 74
0
 49
-0.254
 74
0
 49
0.0
 74
0
 49
-0.254
 74
0
  0
LTYPE
  5
3B
330
2
100
AcDbSymbolTableRecord
100
AcDbLinetypeTableRecord
  2
DOT
 70
0
  3
Dot .  .  .  .  .  .  .  .  .  .  .  .  .  .  .  .
 72
65
 73
2
 40
0.508
 49
0.0
 74
0
 49
-0.508
 74
0
  0
LTYPE
  5
3C
330
2
100
AcDbSymbolTableRecord
100
AcDbLinetypeTableRecord
  2
DOTX2
 70
0
  3
Dot (2x) .    .    .    .    .    .    .    . 
 72
65
 73
2
 40
1.016
 49
0.0
 74
0
 49
-1.016
 74
0
  0
LTYPE
  5
3D
330
2
100
AcDbSymbolTableRecord
100
AcDbLinetypeTableRecord
  2
DOT2
 70
0
  3
Dot (.5) . . . . . . . . . . . . . . . . . . . 
 72
65
 73
2
 40
0.254
 49
0.0
 74
0
 49
-0.254
 74
0
  0
LTYPE
  5
3E
330
2
100
AcDbSymbolTableRecord
100
AcDbLinetypeTableRecord
  2
DIVIDE
 70
0
  3
Divide __ . . __ . . __ . . __ . . __ . . __
 72
65
 73
6
 40
4.064
 49
2.54
 74
0
 49
-0.508
 74
0
 49
0.0
 74
0
 49
-0.508
 74
0
 49
0.0
 74
0
 49
-0.508
 74
0
  0
LTYPE
  5
3F
330
2
100
AcDbSymbolTableRecord
100
AcDbLinetypeTableRecord
  2
DIVIDEX2
 70
0
  3
Divide (2x) ____  . .  ____  . .  ____  . .  ____
 72
65
 73
6
 40
6.604
 49
5.08
 74
0
 49
-0.508
 74
0
 49
0.0
 74
0
 49
-0.508
 74
0
 49
0.0
 74
0
 49
-0.508
 74
0
  0
LTYPE
  5
40
330
2
100
AcDbSymbolTableRecord
100
AcDbLinetypeTableRecord
  2
DIVIDE2
 70
0
  3
Divide(.5x) _ . _ . _ . _ . _ . _ . _ . _
 72
65
 73
6
 40
2.032
 49
1.27
 74
0
 49
-0.254
 74
0
 49
0.0
 74
0
 49
-0.254
 74
0
 49
0.0
 74
0
 49
-0.254
 74
0
  0
ENDTAB
  0
TABLE
  2
LAYER
  5
1
330
0
100
AcDbSymbolTable
 70
14
  0
LAYER
  5
27
330
1
100
AcDbSymbolTableRecord
100
AcDbLayerTableRecord
  2
0
 70
0
 62
7
  6
Continuous
370
-3
390
13
347
21
  0
LAYER
  5
28
330
1
100
AcDbSymbolTableRecord
100
AcDbLayerTableRecord
  2
Defpoints
 70
0
 62
7
  6
Continuous
290
0
370
-3
390
13
347
21
  0
LAYER
  5
8A
330
1
100
AcDbSymbolTableRecord
100
AcDbLayerTableRecord
  2
3D-EXIST-SLAB
 70
0
 62
253
  6
Continuous
370
-3
390
13
347
21
1001
AcAecLayerStandard
1000

1000
existing slab 300 mm, L-shape with the notch and the two well openings
  0
LAYER
  5
8C
330
1
100
AcDbSymbolTableRecord
100
AcDbLayerTableRecord
  2
3D-EXIST-COL
 70
0
 62
253
  6
Continuous
370
-3
390
13
347
21
1001
AcAecLayerStandard
1000

1000
existing concrete columns 0.2 x 0.4 x 3.5 m below the slab (27)
  0
LAYER
  5
8D
330
1
100
AcDbSymbolTableRecord
100
AcDbLayerTableRecord
  2
3D-COL
 70
0
 62
5
  6
Continuous
370
-3
390
13
347
21
1001
AcAecLayerStandard
1000

1000
HEA 160 steel columns C1-C27 + WP1 wind post, cap plates 200x280x20
  0
LAYER
  5
8E
330
1
100
AcDbSymbolTableRecord
100
AcDbLayerTableRecord
  2
3D-PRIM
 70
0
 62
1
  6
Continuous
370
-3
390
13
347
21
1001
AcAecLayerStandard
1000

1000
IPE 330 primaries / eave beams, level, top at TOS + 0.05
  0
LAYER
  5
8F
330
1
100
AcDbSymbolTableRecord
100
AcDbLayerTableRecord
  2
3D-RAFT
 70
0
 62
3
  6
Continuous
370
-3
390
13
347
21
1001
AcAecLayerStandard
1000

1000
IPE 270 rafters (sloping 6 %), trimmer T2, roof-truss posts ST1/ST2
  0
LAYER
  5
90
330
1
100
AcDbSymbolTableRecord
100
AcDbLayerTableRecord
  2
3D-PURL
 70
0
 62
8
  6
Continuous
370
-3
390
13
347
21
1001
AcAecLayerStandard
1000

1000
Z200 purlins @ 1.5 m on the roofed area, C200 eave rails
  0
LAYER
  5
91
330
1
100
AcDbSymbolTableRecord
100
AcDbLayerTableRecord
  2
3D-BRACE-WALL
 70
0
 62
6
  6
Continuous
370
-3
390
13
347
21
1001
AcAecLayerStandard
1000

1000
L70x7 wall X-bracing, bays B1-B10 (tension-only diagonals)
  0
LAYER
  5
92
330
1
100
AcDbSymbolTableRecord
100
AcDbLayerTableRecord
  2
3D-BRACE-ROOF
 70
0
 62
2
  6
Continuous
370
-3
390
13
347
21
1001
AcAecLayerStandard
1000

1000
M24 roof rods, 24 panels (RT-N-W, RT-N-E, RT-S-E, RT-S-W, RT-W, RT-E, RT-JOG)
  0
LAYER
  5
93
330
1
100
AcDbSymbolTableRecord
100
AcDbLayerTableRecord
  2
3D-BASE
 70
0
 62
30
  6
Continuous
370
-3
390
13
347
21
1001
AcAecLayerStandard
1000

1000
base plates B1 / B2 / P / WP1 on the slab
  0
LAYER
  5
94
330
1
100
AcDbSymbolTableRecord
100
AcDbLayerTableRecord
  2
3D-PANEL
 70
0
 62
9
  6
Continuous
370
-3
390
13
347
21
1001
AcAecLayerStandard
1000

1000
PIR sandwich panel 50 mm on the purlins (semi-transparent, switch off to see the framing)
1001
AcCmTransparency
1071
33554534
  0
LAYER
  5
96
330
1
100
AcDbSymbolTableRecord
100
AcDbLayerTableRecord
  2
3D-WALL
 70
0
 62
251
  6
Continuous
370
-3
390
13
347
21
1001
AcAecLayerStandard
1000

1000
wall panel outline (perimeter faces), girt rows, wall header at the stair well
  0
LAYER
  5
97
330
1
100
AcDbSymbolTableRecord
100
AcDbLayerTableRecord
  2
3D-TEXT
 70
0
 62
7
  6
Continuous
370
-3
390
13
347
21
1001
AcAecLayerStandard
1000

1000
marks C1-C27, B1-B10, WP1, T2, ST1, ST2 (3D-placed TEXT)
  0
ENDTAB
  0
TABLE
  2
STYLE
  5
5
330
0
100
AcDbSymbolTable
 70
26
  0
STYLE
  5
29
330
5
100
AcDbSymbolTableRecord
100
AcDbTextStyleTableRecord
  2
Standard
 70
0
 40
0.0
 41
1.0
 50
0.0
 71
0
 42
2.5
  3
txt
  4

  0
STYLE
  5
41
330
5
100
AcDbSymbolTableRecord
100
AcDbTextStyleTableRecord
  2
OpenSans-Light
 70
0
 40
0.0
 41
1.0
 50
0.0
 71
0
 42
2.5
  3
OpenSans-Light.ttf
  4

  0
STYLE
  5
42
330
5
100
AcDbSymbolTableRecord
100
AcDbTextStyleTableRecord
  2
OpenSans-Light-Italic
 70
0
 40
0.0
 41
1.0
 50
0.0
 71
0
 42
2.5
  3
OpenSans-LightItalic.ttf
  4

  0
STYLE
  5
43
330
5
100
AcDbSymbolTableRecord
100
AcDbTextStyleTableRecord
  2
OpenSans
 70
0
 40
0.0
 41
1.0
 50
0.0
 71
0
 42
2.5
  3
OpenSans-Regular.ttf
  4

  0
STYLE
  5
44
330
5
100
AcDbSymbolTableRecord
100
AcDbTextStyleTableRecord
  2
OpenSans-Italic
 70
0
 40
0.0
 41
1.0
 50
0.0
 71
0
 42
2.5
  3
OpenSans-Italic.ttf
  4

  0
STYLE
  5
45
330
5
100
AcDbSymbolTableRecord
100
AcDbTextStyleTableRecord
  2
OpenSans-SemiBold
 70
0
 40
0.0
 41
1.0
 50
0.0
 71
0
 42
2.5
  3
OpenSans-SemiBold.ttf
  4

  0
STYLE
  5
46
330
5
100
AcDbSymbolTableRecord
100
AcDbTextStyleTableRecord
  2
OpenSans-SemiBoldItalic
 70
0
 40
0.0
 41
1.0
 50
0.0
 71
0
 42
2.5
  3
OpenSans-SemiBoldItalic.ttf
  4

  0
STYLE
  5
47
330
5
100
AcDbSymbolTableRecord
100
AcDbTextStyleTableRecord
  2
OpenSans-Bold
 70
0
 40
0.0
 41
1.0
 50
0.0
 71
0
 42
2.5
  3
OpenSans-Bold.ttf
  4

  0
STYLE
  5
48
330
5
100
AcDbSymbolTableRecord
100
AcDbTextStyleTableRecord
  2
OpenSans-BoldItalic
 70
0
 40
0.0
 41
1.0
 50
0.0
 71
0
 42
2.5
  3
OpenSans-BoldItalic.ttf
  4

  0
STYLE
  5
49
330
5
100
AcDbSymbolTableRecord
100
AcDbTextStyleTableRecord
  2
OpenSans-ExtraBold
 70
0
 40
0.0
 41
1.0
 50
0.0
 71
0
 42
2.5
  3
OpenSans-ExtraBold.ttf
  4

  0
STYLE
  5
4A
330
5
100
AcDbSymbolTableRecord
100
AcDbTextStyleTableRecord
  2
OpenSans-ExtraBoldItalic
 70
0
 40
0.0
 41
1.0
 50
0.0
 71
0
 42
2.5
  3
OpenSans-ExtraBoldItalic.ttf
  4

  0
STYLE
  5
4B
330
5
100
AcDbSymbolTableRecord
100
AcDbTextStyleTableRecord
  2
OpenSansCondensed-Bold
 70
0
 40
0.0
 41
1.0
 50
0.0
 71
0
 42
2.5
  3
OpenSansCondensed-Bold.ttf
  4

  0
STYLE
  5
4C
330
5
100
AcDbSymbolTableRecord
100
AcDbTextStyleTableRecord
  2
OpenSansCondensed-Light
 70
0
 40
0.0
 41
1.0
 50
0.0
 71
0
 42
2.5
  3
OpenSansCondensed-Light.ttf
  4

  0
STYLE
  5
4D
330
5
100
AcDbSymbolTableRecord
100
AcDbTextStyleTableRecord
  2
OpenSansCondensed-Italic
 70
0
 40
0.0
 41
1.0
 50
0.0
 71
0
 42
2.5
  3
OpenSansCondensed-LightItalic.ttf
  4

  0
STYLE
  5
4E
330
5
100
AcDbSymbolTableRecord
100
AcDbTextStyleTableRecord
  2
LiberationSans
 70
0
 40
0.0
 41
1.0
 50
0.0
 71
0
 42
2.5
  3
LiberationSans-Regular.ttf
  4

  0
STYLE
  5
4F
330
5
100
AcDbSymbolTableRecord
100
AcDbTextStyleTableRecord
  2
LiberationSans-Bold
 70
0
 40
0.0
 41
1.0
 50
0.0
 71
0
 42
2.5
  3
LiberationSans-Bold.ttf
  4

  0
STYLE
  5
50
330
5
100
AcDbSymbolTableRecord
100
AcDbTextStyleTableRecord
  2
LiberationSans-BoldItalic
 70
0
 40
0.0
 41
1.0
 50
0.0
 71
0
 42
2.5
  3
LiberationSans-BoldItalic.ttf
  4

  0
STYLE
  5
51
330
5
100
AcDbSymbolTableRecord
100
AcDbTextStyleTableRecord
  2
LiberationSans-Italic
 70
0
 40
0.0
 41
1.0
 50
0.0
 71
0
 42
2.5
  3
LiberationSans-Italic.ttf
  4

  0
STYLE
  5
52
330
5
100
AcDbSymbolTableRecord
100
AcDbTextStyleTableRecord
  2
LiberationSerif
 70
0
 40
0.0
 41
1.0
 50
0.0
 71
0
 42
2.5
  3
LiberationSerif-Regular.ttf
  4

  0
STYLE
  5
53
330
5
100
AcDbSymbolTableRecord
100
AcDbTextStyleTableRecord
  2
LiberationSerif-Bold
 70
0
 40
0.0
 41
1.0
 50
0.0
 71
0
 42
2.5
  3
LiberationSerif-Bold.ttf
  4

  0
STYLE
  5
54
330
5
100
AcDbSymbolTableRecord
100
AcDbTextStyleTableRecord
  2
LiberationSerif-BoldItalic
 70
0
 40
0.0
 41
1.0
 50
0.0
 71
0
 42
2.5
  3
LiberationSerif-BoldItalic.ttf
  4

  0
STYLE
  5
55
330
5
100
AcDbSymbolTableRecord
100
AcDbTextStyleTableRecord
  2
LiberationSerif-Italic
 70
0
 40
0.0
 41
1.0
 50
0.0
 71
0
 42
2.5
  3
LiberationSerif-Italic.ttf
  4

  0
STYLE
  5
56
330
5
100
AcDbSymbolTableRecord
100
AcDbTextStyleTableRecord
  2
LiberationMono
 70
0
 40
0.0
 41
1.0
 50
0.0
 71
0
 42
2.5
  3
LiberationMono-Regular.ttf
  4

  0
STYLE
  5
57
330
5
100
AcDbSymbolTableRecord
100
AcDbTextStyleTableRecord
  2
LiberationMono-Bold
 70
0
 40
0.0
 41
1.0
 50
0.0
 71
0
 42
2.5
  3
LiberationMono-Bold.ttf
  4

  0
STYLE
  5
58
330
5
100
AcDbSymbolTableRecord
100
AcDbTextStyleTableRecord
  2
LiberationMono-BoldItalic
 70
0
 40
0.0
 41
1.0
 50
0.0
 71
0
 42
2.5
  3
LiberationMono-BoldItalic.ttf
  4

  0
STYLE
  5
59
330
5
100
AcDbSymbolTableRecord
100
AcDbTextStyleTableRecord
  2
LiberationMono-Italic
 70
0
 40
0.0
 41
1.0
 50
0.0
 71
0
 42
2.5
  3
LiberationMono-Italic.ttf
  4

  0
ENDTAB
  0
TABLE
  2
VIEW
  5
7
330
0
100
AcDbSymbolTable
 70
4
  0
VIEW
  5
346
330
7
100
AcDbSymbolTableRecord
100
AcDbViewTableRecord
  2
SW-ISO
 70
0
 40
34.0
 41
54.0
 10
0.0
 20
0.0
 11
-1.0
 21
-1.0
 31
1.0
 12
81.79
 22
25.72
 32
1.5
 42
50.0
 43
0.0
 44
0.0
 50
0.0
 71
0
281
5
 72
0
146
0.0
 73
0
  0
VIEW
  5
347
330
7
100
AcDbSymbolTableRecord
100
AcDbViewTableRecord
  2
SE-ISO
 70
0
 40
34.0
 41
54.0
 10
0.0
 20
0.0
 11
1.0
 21
-1.0
 31
1.0
 12
81.79
 22
25.72
 32
1.5
 42
50.0
 43
0.0
 44
0.0
 50
0.0
 71
0
281
5
 72
0
146
0.0
 73
0
  0
VIEW
  5
348
330
7
100
AcDbSymbolTableRecord
100
AcDbViewTableRecord
  2
NE-ISO
 70
0
 40
34.0
 41
54.0
 10
0.0
 20
0.0
 11
1.0
 21
1.0
 31
1.0
 12
81.79
 22
25.72
 32
1.5
 42
50.0
 43
0.0
 44
0.0
 50
0.0
 71
0
281
5
 72
0
146
0.0
 73
0
  0
VIEW
  5
349
330
7
100
AcDbSymbolTableRecord
100
AcDbViewTableRecord
  2
NW-ISO
 70
0
 40
34.0
 41
54.0
 10
0.0
 20
0.0
 11
-1.0
 21
1.0
 31
1.0
 12
81.79
 22
25.72
 32
1.5
 42
50.0
 43
0.0
 44
0.0
 50
0.0
 71
0
281
5
 72
0
146
0.0
 73
0
  0
ENDTAB
  0
TABLE
  2
UCS
  5
6
330
0
100
AcDbSymbolTable
 70
0
  0
ENDTAB
  0
TABLE
  2
APPID
  5
3
330
0
100
AcDbSymbolTable
 70
5
  0
APPID
  5
2A
330
3
100
AcDbSymbolTableRecord
100
AcDbRegAppTableRecord
  2
ACAD
 70
0
  0
APPID
  5
8B
330
3
100
AcDbSymbolTableRecord
100
AcDbRegAppTableRecord
  2
AcAecLayerStandard
 70
0
  0
APPID
  5
95
330
3
100
AcDbSymbolTableRecord
100
AcDbRegAppTableRecord
  2
AcCmTransparency
 70
0
  0
APPID
  5
34A
330
3
100
AcDbSymbolTableRecord
100
AcDbRegAppTableRecord
  2
HATCHBACKGROUNDCOLOR
 70
0
  0
APPID
  5
34B
330
3
100
AcDbSymbolTableRecord
100
AcDbRegAppTableRecord
  2
EZDXF
 70
0
  0
ENDTAB
  0
TABLE
  2
DIMSTYLE
  5
4
330
0
100
AcDbSymbolTable
 70
12
100
AcDbDimStyleTable
  0
DIMSTYLE
105
2B
330
4
100
AcDbSymbolTableRecord
100
AcDbDimStyleTableRecord
  2
Standard
 70
0
 40
1.0
 41
2.5
 42
0.625
 43
3.75
 44
1.25
 45
0.0
 46
0.0
 47
0.0
 48
0.0
 49
2.5
140
2.5
141
2.5
142
0.0
143
0.03937007874
144
1.0
145
0.0
146
1.0
147
0.625
148
0.0
 69
0
 70
0
 71
0
 72
0
 73
0
 74
0
 75
0
 76
0
 77
1
 78
8
 79
3
170
0
171
3
172
1
173
0
174
0
175
0
176
0
177
0
178
0
179
2
271
2
272
2
273
2
274
3
275
0
276
0
277
2
278
44
279
0
280
0
281
0
282
0
283
0
284
8
285
0
286
0
288
0
289
3
290
0
371
-2
372
-2
  0
DIMSTYLE
105
73
330
4
100
AcDbSymbolTableRecord
100
AcDbDimStyleTableRecord
  2
EZDXF
 70
0
 40
1.0
 41
0.175
 42
0.125
 43
3.75
 44
0.375
 45
0.0
 46
0.0
 47
0.0
 48
0.0
 49
2.5
140
0.25
141
2.5
142
0.0
143
0.03937007874
144
100.0
145
0.0
146
0.5
147
0.1
148
0.0
 69
0
 70
0
 71
0
 72
0
 73
0
 74
0
 75
0
 76
0
 77
1
 78
12
 79
3
170
0
171
3
172
1
173
0
174
0
175
0
176
0
177
0
178
0
179
2
271
2
272
2
273
2
274
3
275
0
276
0
277
2
278
46
279
2
280
0
281
0
282
0
283
0
284
8
285
0
286
0
288
1
289
3
290
0
340
4C
342
74
371
-2
372
-2
  0
DIMSTYLE
105
7C
330
4
100
AcDbSymbolTableRecord
100
AcDbDimStyleTableRecord
  2
EZ_M_100_H25_CM
 70
0
 40
1.0
 41
0.25
 42
0.125
 43
3.75
 44
0.375
 45
0.0
 46
0.0
 47
0.0
 48
0.0
 49
2.5
140
0.25
141
2.5
142
0.125
143
0.03937007874
144
100.0
145
0.0
146
0.5
147
0.1
148
0.0
 69
0
 70
0
 71
0
 72
0
 73
0
 74
0
 75
0
 76
0
 77
1
 78
12
 79
3
170
0
171
3
172
1
173
0
174
0
175
0
176
0
177
0
178
0
179
2
271
2
272
2
273
2
274
3
275
0
276
0
277
2
278
46
279
2
280
0
281
0
282
0
283
0
284
8
285
0
286
0
288
1
289
3
290
0
340
4C
371
-2
372
-2
  0
DIMSTYLE
105
7D
330
4
100
AcDbSymbolTableRecord
100
AcDbDimStyleTableRecord
  2
EZ_M_50_H25_CM
 70
0
 40
1.0
 41
0.125
 42
0.0625
 43
3.75
 44
0.1875
 45
0.0
 46
0.0
 47
0.0
 48
0.0
 49
2.5
140
0.125
141
2.5
142
0.0625
143
0.03937007874
144
100.0
145
0.0
146
0.5
147
0.05
148
0.0
 69
0
 70
0
 71
0
 72
0
 73
0
 74
0
 75
0
 76
0
 77
1
 78
12
 79
3
170
0
171
3
172
1
173
0
174
0
175
0
176
0
177
0
178
0
179
2
271
2
272
2
273
2
274
3
275
0
276
0
277
2
278
46
279
2
280
0
281
0
282
0
283
0
284
8
285
0
286
0
288
1
289
3
290
0
340
4C
371
-2
372
-2
  0
DIMSTYLE
105
7E
330
4
100
AcDbSymbolTableRecord
100
AcDbDimStyleTableRecord
  2
EZ_M_25_H25_CM
 70
0
 40
1.0
 41
0.0625
 42
0.03125
 43
3.75
 44
0.09375
 45
0.0
 46
0.0
 47
0.0
 48
0.0
 49
2.5
140
0.0625
141
2.5
142
0.03125
143
0.03937007874
144
100.0
145
0.0
146
0.5
147
0.025
148
0.0
 69
0
 70
0
 71
0
 72
0
 73
0
 74
0
 75
0
 76
0
 77
1
 78
12
 79
3
170
0
171
3
172
1
173
0
174
0
175
0
176
0
177
0
178
0
179
2
271
2
272
2
273
2
274
3
275
0
276
0
277
2
278
46
279
2
280
0
281
0
282
0
283
0
284
8
285
0
286
0
288
1
289
3
290
0
340
4C
371
-2
372
-2
  0
DIMSTYLE
105
7F
330
4
100
AcDbSymbolTableRecord
100
AcDbDimStyleTableRecord
  2
EZ_M_20_H25_CM
 70
0
 40
1.0
 41
0.05
 42
0.025
 43
3.75
 44
0.07500000000000001
 45
0.0
 46
0.0
 47
0.0
 48
0.0
 49
2.5
140
0.05
141
2.5
142
0.025
143
0.03937007874
144
100.0
145
0.0
146
0.5
147
0.020000000000000004
148
0.0
 69
0
 70
0
 71
0
 72
0
 73
0
 74
0
 75
0
 76
0
 77
1
 78
12
 79
3
170
0
171
3
172
1
173
0
174
0
175
0
176
0
177
0
178
0
179
2
271
2
272
2
273
2
274
3
275
0
276
0
277
2
278
46
279
2
280
0
281
0
282
0
283
0
284
8
285
0
286
0
288
1
289
3
290
0
340
4C
371
-2
372
-2
  0
DIMSTYLE
105
80
330
4
100
AcDbSymbolTableRecord
100
AcDbDimStyleTableRecord
  2
EZ_M_10_H25_CM
 70
0
 40
1.0
 41
0.025
 42
0.0125
 43
3.75
 44
0.037500000000000006
 45
0.0
 46
0.0
 47
0.0
 48
0.0
 49
2.5
140
0.025
141
2.5
142
0.0125
143
0.03937007874
144
100.0
145
0.0
146
0.5
147
0.010000000000000002
148
0.0
 69
0
 70
0
 71
0
 72
0
 73
0
 74
0
 75
0
 76
0
 77
1
 78
12
 79
3
170
0
171
3
172
1
173
0
174
0
175
0
176
0
177
0
178
0
179
2
271
2
272
2
273
2
274
3
275
0
276
0
277
2
278
46
279
2
280
0
281
0
282
0
283
0
284
8
285
0
286
0
288
1
289
3
290
0
340
4C
371
-2
372
-2
  0
DIMSTYLE
105
81
330
4
100
AcDbSymbolTableRecord
100
AcDbDimStyleTableRecord
  2
EZ_M_5_H25_CM
 70
0
 40
1.0
 41
0.0125
 42
0.00625
 43
3.75
 44
0.018750000000000003
 45
0.0
 46
0.0
 47
0.0
 48
0.0
 49
2.5
140
0.0125
141
2.5
142
0.00625
143
0.03937007874
144
100.0
145
0.0
146
0.5
147
0.005000000000000001
148
0.0
 69
0
 70
0
 71
0
 72
0
 73
0
 74
0
 75
0
 76
0
 77
1
 78
12
 79
3
170
0
171
3
172
1
173
0
174
0
175
0
176
0
177
0
178
0
179
2
271
2
272
2
273
2
274
3
275
0
276
0
277
2
278
46
279
2
280
0
281
0
282
0
283
0
284
8
285
0
286
0
288
1
289
3
290
0
340
4C
371
-2
372
-2
  0
DIMSTYLE
105
82
330
4
100
AcDbSymbolTableRecord
100
AcDbDimStyleTableRecord
  2
EZ_M_1_H25_CM
 70
0
 40
1.0
 41
0.0025
 42
0.00125
 43
3.75
 44
0.00375
 45
0.0
 46
0.0
 47
0.0
 48
0.0
 49
2.5
140
0.0025
141
2.5
142
0.00125
143
0.03937007874
144
100.0
145
0.0
146
0.5
147
0.001
148
0.0
 69
0
 70
0
 71
0
 72
0
 73
0
 74
0
 75
0
 76
0
 77
1
 78
12
 79
3
170
0
171
3
172
1
173
0
174
0
175
0
176
0
177
0
178
0
179
2
271
2
272
2
273
2
274
3
275
0
276
0
277
2
278
46
279
2
280
0
281
0
282
0
283
0
284
8
285
0
286
0
288
1
289
3
290
0
340
4C
371
-2
372
-2
  0
DIMSTYLE
105
83
330
4
100
AcDbSymbolTableRecord
100
AcDbDimStyleTableRecord
  2
EZ_RADIUS
 70
0
 40
1.0
 41
0.25
 42
0.125
 43
3.75
 44
0.375
 45
0.0
 46
0.0
 47
0.0
 48
0.0
 49
2.5
140
0.25
141
0.0
142
0.0
143
0.03937007874
144
100.0
145
0.0
146
0.5
147
0.1
148
0.0
 69
0
 70
0
 71
0
 72
0
 73
0
 74
0
 75
0
 76
0
 77
1
 78
12
 79
3
170
0
171
3
172
0
173
0
174
0
175
0
176
0
177
0
178
0
179
2
271
2
272
2
273
2
274
3
275
0
276
0
277
2
278
46
279
1
280
0
281
0
282
0
283
0
284
8
285
0
286
0
288
1
289
3
290
0
340
4C
342
84
371
-2
372
-2
  0
DIMSTYLE
105
88
330
4
100
AcDbSymbolTableRecord
100
AcDbDimStyleTableRecord
  2
EZ_RADIUS_INSIDE
 70
0
 40
1.0
 41
0.25
 42
0.125
 43
3.75
 44
0.375
 45
0.0
 46
0.0
 47
0.0
 48
0.0
 49
2.5
140
0.25
141
0.0
142
0.0
143
0.03937007874
144
100.0
145
0.0
146
0.5
147
0.1
148
0.0
 69
0
 70
0
 71
0
 72
0
 73
0
 74
0
 75
0
 76
0
 77
0
 78
12
 79
3
170
0
171
3
172
0
173
0
174
1
175
0
176
0
177
0
178
0
179
2
271
2
272
2
273
2
274
3
275
0
276
0
277
2
278
46
279
0
280
0
281
0
282
0
283
0
284
8
285
0
286
0
288
1
289
0
290
0
340
4C
342
84
371
-2
372
-2
  0
DIMSTYLE
105
89
330
4
100
AcDbSymbolTableRecord
100
AcDbDimStyleTableRecord
  2
EZ_CURVED
 70
0
 40
1.0
 41
0.25
 42
0.125
 43
3.75
 44
0.375
 45
0.0
 46
0.0
 47
0.0
 48
0.0
 49
2.5
140
0.25
141
2.5
142
0.0
143
0.03937007874
144
100.0
145
0.0
146
0.5
147
0.1
148
0.0
 69
0
 70
0
 71
0
 72
0
 73
0
 74
0
 75
0
 76
0
 77
1
 78
12
 79
2
 90
2
170
0
171
3
172
1
173
0
174
0
175
0
176
0
177
0
178
0
179
2
271
2
272
2
273
2
274
3
275
0
276
0
277
2
278
46
279
2
280
0
281
0
282
0
283
0
284
8
285
0
286
0
288
1
289
3
290
0
340
4C
371
-2
372
-2
  0
ENDTAB
  0
TABLE
  2
BLOCK_RECORD
  5
9
330
0
100
AcDbSymbolTable
 70
5
  0
BLOCK_RECORD
  5
17
330
9
100
AcDbSymbolTableRecord
100
AcDbBlockTableRecord
  2
*Model_Space
340
1A
 70
0
280
1
281
0
  0
BLOCK_RECORD
  5
1B
330
9
100
AcDbSymbolTableRecord
100
AcDbBlockTableRecord
  2
*Paper_Space
340
1E
 70
0
280
1
281
0
  0
BLOCK_RECORD
  5
74
330
9
100
AcDbSymbolTableRecord
100
AcDbBlockTableRecord
  2
_ARCHTICK
340
0
 70
0
280
1
281
0
  0
BLOCK_RECORD
  5
78
330
9
100
AcDbSymbolTableRecord
100
AcDbBlockTableRecord
  2
_CLOSEDFILLED
340
0
 70
0
280
1
281
0
  0
BLOCK_RECORD
  5
84
330
9
100
AcDbSymbolTableRecord
100
AcDbBlockTableRecord
  2
_CLOSEDBLANK
340
0
 70
0
280
1
281
0
  0
ENDTAB
  0
ENDSEC
  0
SECTION
  2
BLOCKS
  0
BLOCK
  5
18
330
17
100
AcDbEntity
  8
0
100
AcDbBlockBegin
  2
*Model_Space
 70
0
 10
0.0
 20
0.0
 30
0.0
  3
*Model_Space
  1

  0
ENDBLK
  5
19
330
17
100
AcDbEntity
  8
0
100
AcDbBlockEnd
  0
BLOCK
  5
1C
330
1B
100
AcDbEntity
  8
0
100
AcDbBlockBegin
  2
*Paper_Space
 70
0
 10
0.0
 20
0.0
 30
0.0
  3
*Paper_Space
  1

  0
ENDBLK
  5
1D
330
1B
100
AcDbEntity
  8
0
100
AcDbBlockEnd
  0
BLOCK
  5
75
330
74
100
AcDbEntity
  8
0
100
AcDbBlockBegin
  2
_ARCHTICK
 70
0
 10
0.0
 20
0.0
 30
0.0
  3
_ARCHTICK
  1

  0
LWPOLYLINE
  5
77
330
74
100
AcDbEntity
  8
0
  6
BYBLOCK
 62
0
100
AcDbPolyline
 90
2
 70
0
 43
0.15
 10
-0.5
 20
-0.5
 10
0.5
 20
0.5
  0
ENDBLK
  5
76
330
74
100
AcDbEntity
  8
0
100
AcDbBlockEnd
  0
BLOCK
  5
79
330
78
100
AcDbEntity
  8
0
100
AcDbBlockBegin
  2
_CLOSEDFILLED
 70
0
 10
0.0
 20
0.0
 30
0.0
  3
_CLOSEDFILLED
  1

  0
SOLID
  5
7B
330
78
100
AcDbEntity
  8
0
  6
BYBLOCK
 62
0
100
AcDbTrace
 10
-1.0
 20
0.16439898372402537
 30
0.0
 11
0.0
 21
0.0
 31
0.0
 12
-1.0
 22
-0.16439898372402537
 32
0.0
 13
-1.0
 23
-0.16439898372402537
 33
0.0
  0
ENDBLK
  5
7A
330
78
100
AcDbEntity
  8
0
100
AcDbBlockEnd
  0
BLOCK
  5
85
330
84
100
AcDbEntity
  8
0
100
AcDbBlockBegin
  2
_CLOSEDBLANK
 70
0
 10
0.0
 20
0.0
 30
0.0
  3
_CLOSEDBLANK
  1

  0
LWPOLYLINE
  5
87
330
84
100
AcDbEntity
  8
0
  6
BYBLOCK
 62
0
100
AcDbPolyline
 90
3
 70
1
 10
-1.0
 20
0.16439898372402537
 10
0.0
 20
0.0
 10
-1.0
 20
-0.16439898372402537
  0
ENDBLK
  5
86
330
84
100
AcDbEntity
  8
0
100
AcDbBlockEnd
  0
ENDSEC
  0
SECTION
  2
ENTITIES
  0
MESH
  5
98
330
17
100
AcDbEntity
  8
3D-EXIST-SLAB
100
AcDbSubDMesh
 71
2
 72
0
 91
0
 92
28
 10
67.89
 20
15.57
 30
0.0
 10
77.89
 20
20.17
 30
0.0
 10
77.89
 20
24.16
 30
0.0
 10
77.89
 20
24.16
 30
-0.3
 10
77.89
 20
20.17
 30
-0.3
 10
67.89
 20
15.57
 30
-0.3
 10
77.89
 20
15.57
 30
0.0
 10
77.89
 20
19.97
 30
0.0
 10
77.89
 20
19.97
 30
-0.3
 10
77.89
 20
15.57
 30
-0.3
 10
95.69
 20
19.97
 30
0.0
 10
95.69
 20
35.87
 30
0.0
 10
81.79
 20
35.87
 30
0.0
 10
81.79
 20
35.87
 30
-0.3
 10
95.69
 20
35.87
 30
-0.3
 10
95.69
 20
19.97
 30
-0.3
 10
77.89
 20
29.37
 30
0.0
 10
77.89
 20
35.37
 30
0.0
 10
67.89
 20
35.37
 30
0.0
 10
67.89
 20
35.37
 30
-0.3
 10
77.89
 20
35.37
 30
-0.3
 10
77.89
 20
29.37
 30
-0.3
 10
81.79
 20
29.37
 30
0.0
 10
81.79
 20
29.37
 30
-0.3
 10
81.99
 20
20.17
 30
0.0
 10
81.99
 20
20.17
 30
-0.3
 10
81.99
 20
24.16
 30
0.0
 10
81.99
 20
24.16
 30
-0.3
 93
182
 90
3
 90
0
 90
1
 90
2
 90
3
 90
3
 90
4
 90
5
 90
3
 90
0
 90
6
 90
7
 90
3
 90
8
 90
9
 90
5
 90
3
 90
10
 90
11
 90
12
 90
3
 90
13
 90
14
 90
15
 90
3
 90
16
 90
17
 90
18
 90
3
 90
19
 90
20
 90
21
 90
3
 90
18
 90
0
 90
2
 90
3
 90
3
 90
5
 90
19
 90
3
 90
1
 90
0
 90
7
 90
3
 90
8
 90
5
 90
4
 90
3
 90
10
 90
12
 90
22
 90
3
 90
23
 90
13
 90
15
 90
3
 90
16
 90
18
 90
2
 90
3
 90
3
 90
19
 90
21
 90
3
 90
24
 90
1
 90
7
 90
3
 90
8
 90
4
 90
25
 90
3
 90
10
 90
22
 90
16
 90
3
 90
21
 90
23
 90
15
 90
3
 90
16
 90
2
 90
26
 90
3
 90
27
 90
3
 90
21
 90
3
 90
24
 90
7
 90
10
 90
3
 90
15
 90
8
 90
25
 90
3
 90
10
 90
16
 90
26
 90
3
 90
27
 90
21
 90
15
 90
3
 90
26
 90
24
 90
10
 90
3
 90
15
 90
25
 90
27
 90
4
 90
5
 90
9
 90
6
 90
0
 90
4
 90
9
 90
8
 90
7
 90
6
 90
4
 90
8
 90
15
 90
10
 90
7
 90
4
 90
15
 90
14
 90
11
 90
10
 90
4
 90
14
 90
13
 90
12
 90
11
 90
4
 90
13
 90
23
 90
22
 90
12
 90
4
 90
23
 90
21
 90
16
 90
22
 90
4
 90
21
 90
20
 90
17
 90
16
 90
4
 90
20
 90
19
 90
18
 90
17
 90
4
 90
19
 90
5
 90
0
 90
18
 90
4
 90
4
 90
25
 90
24
 90
1
 90
4
 90
25
 90
27
 90
26
 90
24
 90
4
 90
27
 90
3
 90
2
 90
26
 90
4
 90
3
 90
4
 90
1
 90
2
 94
0
 95
0
 90
0
  0
MESH
  5
99
330
17
100
AcDbEntity
  8
3D-EXIST-COL
100
AcDbSubDMesh
 71
2
 72
0
 91
0
 92
8
 10
86.99
 20
35.67
 30
-3.8
 10
87.39
 20
35.67
 30
-3.8
 10
87.39
 20
35.870000000000005
 30
-3.8
 10
86.99
 20
35.870000000000005
 30
-3.8
 10
86.99
 20
35.67
 30
-0.2999999999999998
 10
87.39
 20
35.67
 30
-0.2999999999999998
 10
87.39
 20
35.870000000000005
 30
-0.2999999999999998
 10
86.99
 20
35.870000000000005
 30
-0.2999999999999998
 93
30
 90
4
 90
0
 90
3
 90
2
 90
1
 90
4
 90
1
 90
2
 90
6
 90
5
 90
4
 90
3
 90
7
 90
6
 90
2
 90
4
 90
0
 90
4
 90
7
 90
3
 90
4
 90
0
 90
1
 90
5
 90
4
 90
4
 90
4
 90
5
 90
6
 90
7
 94
0
 95
0
 90
0
  0
MESH
  5
9A
330
17
100
AcDbEntity
  8
3D-EXIST-COL
100
AcDbSubDMesh
 71
2
 72
0
 91
0
 92
8
 10
92.28
 20
35.67
 30
-3.8
 10
92.68
 20
35.67
 30
-3.8
 10
92.68
 20
35.870000000000005
 30
-3.8
 10
92.28
 20
35.870000000000005
 30
-3.8
 10
92.28
 20
35.67
 30
-0.2999999999999998
 10
92.68
 20
35.67
 30
-0.2999999999999998
 10
92.68
 20
35.870000000000005
 30
-0.2999999999999998
 10
92.28
 20
35.870000000000005
 30
-0.2999999999999998
 93
30
 90
4
 90
0
 90
3
 90
2
 90
1
 90
4
 90
1
 90
2
 90
6
 90
5
 90
4
 90
3
 90
7
 90
6
 90
2
 90
4
 90
0
 90
4
 90
7
 90
3
 90
4
 90
0
 90
1
 90
5
 90
4
 90
4
 90
4
 90
5
 90
6
 90
7
 94
0
 95
0
 90
0
  0
MESH
  5
9B
330
17
100
AcDbEntity
  8
3D-EXIST-COL
100
AcDbSubDMesh
 71
2
 72
0
 91
0
 92
8
 10
81.79
 20
35.47
 30
-3.8
 10
81.99
 20
35.47
 30
-3.8
 10
81.99
 20
35.870000000000005
 30
-3.8
 10
81.79
 20
35.870000000000005
 30
-3.8
 10
81.79
 20
35.47
 30
-0.2999999999999998
 10
81.99
 20
35.47
 30
-0.2999999999999998
 10
81.99
 20
35.870000000000005
 30
-0.2999999999999998
 10
81.79
 20
35.870000000000005
 30
-0.2999999999999998
 93
30
 90
4
 90
0
 90
3
 90
2
 90
1
 90
4
 90
1
 90
2
 90
6
 90
5
 90
4
 90
3
 90
7
 90
6
 90
2
 90
4
 90
0
 90
4
 90
7
 90
3
 90
4
 90
0
 90
1
 90
5
 90
4
 90
4
 90
4
 90
5
 90
6
 90
7
 94
0
 95
0
 90
0
  0
MESH
  5
9C
330
17
100
AcDbEntity
  8
3D-EXIST-COL
100
AcDbSubDMesh
 71
2
 72
0
 91
0
 92
8
 10
95.49000000000001
 20
35.47
 30
-3.8
 10
95.69
 20
35.47
 30
-3.8
 10
95.69
 20
35.870000000000005
 30
-3.8
 10
95.49000000000001
 20
35.870000000000005
 30
-3.8
 10
95.49000000000001
 20
35.47
 30
-0.2999999999999998
 10
95.69
 20
35.47
 30
-0.2999999999999998
 10
95.69
 20
35.870000000000005
 30
-0.2999999999999998
 10
95.49000000000001
 20
35.870000000000005
 30
-0.2999999999999998
 93
30
 90
4
 90
0
 90
3
 90
2
 90
1
 90
4
 90
1
 90
2
 90
6
 90
5
 90
4
 90
3
 90
7
 90
6
 90
2
 90
4
 90
0
 90
4
 90
7
 90
3
 90
4
 90
0
 90
1
 90
5
 90
4
 90
4
 90
4
 90
5
 90
6
 90
7
 94
0
 95
0
 90
0
  0
MESH
  5
9D
330
17
100
AcDbEntity
  8
3D-EXIST-COL
100
AcDbSubDMesh
 71
2
 72
0
 91
0
 92
8
 10
71.89
 20
35.17
 30
-3.8
 10
72.29
 20
35.17
 30
-3.8
 10
72.29
 20
35.370000000000005
 30
-3.8
 10
71.89
 20
35.370000000000005
 30
-3.8
 10
71.89
 20
35.17
 30
-0.2999999999999998
 10
72.29
 20
35.17
 30
-0.2999999999999998
 10
72.29
 20
35.370000000000005
 30
-0.2999999999999998
 10
71.89
 20
35.370000000000005
 30
-0.2999999999999998
 93
30
 90
4
 90
0
 90
3
 90
2
 90
1
 90
4
 90
1
 90
2
 90
6
 90
5
 90
4
 90
3
 90
7
 90
6
 90
2
 90
4
 90
0
 90
4
 90
7
 90
3
 90
4
 90
0
 90
1
 90
5
 90
4
 90
4
 90
4
 90
5
 90
6
 90
7
 94
0
 95
0
 90
0
  0
MESH
  5
9E
330
17
100
AcDbEntity
  8
3D-EXIST-COL
100
AcDbSubDMesh
 71
2
 72
0
 91
0
 92
8
 10
67.89
 20
34.97
 30
-3.8
 10
68.08999999999999
 20
34.97
 30
-3.8
 10
68.08999999999999
 20
35.370000000000005
 30
-3.8
 10
67.89
 20
35.370000000000005
 30
-3.8
 10
67.89
 20
34.97
 30
-0.2999999999999998
 10
68.08999999999999
 20
34.97
 30
-0.2999999999999998
 10
68.08999999999999
 20
35.370000000000005
 30
-0.2999999999999998
 10
67.89
 20
35.370000000000005
 30
-0.2999999999999998
 93
30
 90
4
 90
0
 90
3
 90
2
 90
1
 90
4
 90
1
 90
2
 90
6
 90
5
 90
4
 90
3
 90
7
 90
6
 90
2
 90
4
 90
0
 90
4
 90
7
 90
3
 90
4
 90
0
 90
1
 90
5
 90
4
 90
4
 90
4
 90
5
 90
6
 90
7
 94
0
 95
0
 90
0
  0
MESH
  5
9F
330
17
100
AcDbEntity
  8
3D-EXIST-COL
100
AcDbSubDMesh
 71
2
 72
0
 91
0
 92
8
 10
77.69000000000001
 20
34.97
 30
-3.8
 10
77.89
 20
34.97
 30
-3.8
 10
77.89
 20
35.370000000000005
 30
-3.8
 10
77.69000000000001
 20
35.370000000000005
 30
-3.8
 10
77.69000000000001
 20
34.97
 30
-0.2999999999999998
 10
77.89
 20
34.97
 30
-0.2999999999999998
 10
77.89
 20
35.370000000000005
 30
-0.2999999999999998
 10
77.69000000000001
 20
35.370000000000005
 30
-0.2999999999999998
 93
30
 90
4
 90
0
 90
3
 90
2
 90
1
 90
4
 90
1
 90
2
 90
6
 90
5
 90
4
 90
3
 90
7
 90
6
 90
2
 90
4
 90
0
 90
4
 90
7
 90
3
 90
4
 90
0
 90
1
 90
5
 90
4
 90
4
 90
4
 90
5
 90
6
 90
7
 94
0
 95
0
 90
0
  0
MESH
  5
A0
330
17
100
AcDbEntity
  8
3D-EXIST-COL
100
AcDbSubDMesh
 71
2
 72
0
 91
0
 92
8
 10
67.89
 20
29.17
 30
-3.8
 10
68.08999999999999
 20
29.17
 30
-3.8
 10
68.08999999999999
 20
29.57
 30
-3.8
 10
67.89
 20
29.57
 30
-3.8
 10
67.89
 20
29.17
 30
-0.2999999999999998
 10
68.08999999999999
 20
29.17
 30
-0.2999999999999998
 10
68.08999999999999
 20
29.57
 30
-0.2999999999999998
 10
67.89
 20
29.57
 30
-0.2999999999999998
 93
30
 90
4
 90
0
 90
3
 90
2
 90
1
 90
4
 90
1
 90
2
 90
6
 90
5
 90
4
 90
3
 90
7
 90
6
 90
2
 90
4
 90
0
 90
4
 90
7
 90
3
 90
4
 90
0
 90
1
 90
5
 90
4
 90
4
 90
4
 90
5
 90
6
 90
7
 94
0
 95
0
 90
0
  0
MESH
  5
A1
330
17
100
AcDbEntity
  8
3D-EXIST-COL
100
AcDbSubDMesh
 71
2
 72
0
 91
0
 92
8
 10
71.89
 20
29.169999999999998
 30
-3.8
 10
72.29
 20
29.169999999999998
 30
-3.8
 10
72.29
 20
29.37
 30
-3.8
 10
71.89
 20
29.37
 30
-3.8
 10
71.89
 20
29.169999999999998
 30
-0.2999999999999998
 10
72.29
 20
29.169999999999998
 30
-0.2999999999999998
 10
72.29
 20
29.37
 30
-0.2999999999999998
 10
71.89
 20
29.37
 30
-0.2999999999999998
 93
30
 90
4
 90
0
 90
3
 90
2
 90
1
 90
4
 90
1
 90
2
 90
6
 90
5
 90
4
 90
3
 90
7
 90
6
 90
2
 90
4
 90
0
 90
4
 90
7
 90
3
 90
4
 90
0
 90
1
 90
5
 90
4
 90
4
 90
4
 90
5
 90
6
 90
7
 94
0
 95
0
 90
0
  0
MESH
  5
A2
330
17
100
AcDbEntity
  8
3D-EXIST-COL
100
AcDbSubDMesh
 71
2
 72
0
 91
0
 92
8
 10
77.69
 20
29.169999999999998
 30
-3.8
 10
78.09
 20
29.169999999999998
 30
-3.8
 10
78.09
 20
29.37
 30
-3.8
 10
77.69
 20
29.37
 30
-3.8
 10
77.69
 20
29.169999999999998
 30
-0.2999999999999998
 10
78.09
 20
29.169999999999998
 30
-0.2999999999999998
 10
78.09
 20
29.37
 30
-0.2999999999999998
 10
77.69
 20
29.37
 30
-0.2999999999999998
 93
30
 90
4
 90
0
 90
3
 90
2
 90
1
 90
4
 90
1
 90
2
 90
6
 90
5
 90
4
 90
3
 90
7
 90
6
 90
2
 90
4
 90
0
 90
4
 90
7
 90
3
 90
4
 90
0
 90
1
 90
5
 90
4
 90
4
 90
4
 90
5
 90
6
 90
7
 94
0
 95
0
 90
0
  0
MESH
  5
A3
330
17
100
AcDbEntity
  8
3D-EXIST-COL
100
AcDbSubDMesh
 71
2
 72
0
 91
0
 92
8
 10
81.58
 20
29.169999999999998
 30
-3.8
 10
81.98
 20
29.169999999999998
 30
-3.8
 10
81.98
 20
29.37
 30
-3.8
 10
81.58
 20
29.37
 30
-3.8
 10
81.58
 20
29.169999999999998
 30
-0.2999999999999998
 10
81.98
 20
29.169999999999998
 30
-0.2999999999999998
 10
81.98
 20
29.37
 30
-0.2999999999999998
 10
81.58
 20
29.37
 30
-0.2999999999999998
 93
30
 90
4
 90
0
 90
3
 90
2
 90
1
 90
4
 90
1
 90
2
 90
6
 90
5
 90
4
 90
3
 90
7
 90
6
 90
2
 90
4
 90
0
 90
4
 90
7
 90
3
 90
4
 90
0
 90
1
 90
5
 90
4
 90
4
 90
4
 90
5
 90
6
 90
7
 94
0
 95
0
 90
0
  0
MESH
  5
A4
330
17
100
AcDbEntity
  8
3D-EXIST-COL
100
AcDbSubDMesh
 71
2
 72
0
 91
0
 92
8
 10
86.99
 20
29.169999999999998
 30
-3.8
 10
87.39
 20
29.169999999999998
 30
-3.8
 10
87.39
 20
29.37
 30
-3.8
 10
86.99
 20
29.37
 30
-3.8
 10
86.99
 20
29.169999999999998
 30
-0.2999999999999998
 10
87.39
 20
29.169999999999998
 30
-0.2999999999999998
 10
87.39
 20
29.37
 30
-0.2999999999999998
 10
86.99
 20
29.37
 30
-0.2999999999999998
 93
30
 90
4
 90
0
 90
3
 90
2
 90
1
 90
4
 90
1
 90
2
 90
6
 90
5
 90
4
 90
3
 90
7
 90
6
 90
2
 90
4
 90
0
 90
4
 90
7
 90
3
 90
4
 90
0
 90
1
 90
5
 90
4
 90
4
 90
4
 90
5
 90
6
 90
7
 94
0
 95
0
 90
0
  0
MESH
  5
A5
330
17
100
AcDbEntity
  8
3D-EXIST-COL
100
AcDbSubDMesh
 71
2
 72
0
 91
0
 92
8
 10
92.28
 20
29.169999999999998
 30
-3.8
 10
92.68
 20
29.169999999999998
 30
-3.8
 10
92.68
 20
29.37
 30
-3.8
 10
92.28
 20
29.37
 30
-3.8
 10
92.28
 20
29.169999999999998
 30
-0.2999999999999998
 10
92.68
 20
29.169999999999998
 30
-0.2999999999999998
 10
92.68
 20
29.37
 30
-0.2999999999999998
 10
92.28
 20
29.37
 30
-0.2999999999999998
 93
30
 90
4
 90
0
 90
3
 90
2
 90
1
 90
4
 90
1
 90
2
 90
6
 90
5
 90
4
 90
3
 90
7
 90
6
 90
2
 90
4
 90
0
 90
4
 90
7
 90
3
 90
4
 90
0
 90
1
 90
5
 90
4
 90
4
 90
4
 90
5
 90
6
 90
7
 94
0
 95
0
 90
0
  0
MESH
  5
A6
330
17
100
AcDbEntity
  8
3D-EXIST-COL
100
AcDbSubDMesh
 71
2
 72
0
 91
0
 92
8
 10
95.28
 20
29.169999999999998
 30
-3.8
 10
95.68
 20
29.169999999999998
 30
-3.8
 10
95.68
 20
29.37
 30
-3.8
 10
95.28
 20
29.37
 30
-3.8
 10
95.28
 20
29.169999999999998
 30
-0.2999999999999998
 10
95.68
 20
29.169999999999998
 30
-0.2999999999999998
 10
95.68
 20
29.37
 30
-0.2999999999999998
 10
95.28
 20
29.37
 30
-0.2999999999999998
 93
30
 90
4
 90
0
 90
3
 90
2
 90
1
 90
4
 90
1
 90
2
 90
6
 90
5
 90
4
 90
3
 90
7
 90
6
 90
2
 90
4
 90
0
 90
4
 90
7
 90
3
 90
4
 90
0
 90
1
 90
5
 90
4
 90
4
 90
4
 90
5
 90
6
 90
7
 94
0
 95
0
 90
0
  0
MESH
  5
A7
330
17
100
AcDbEntity
  8
3D-EXIST-COL
100
AcDbSubDMesh
 71
2
 72
0
 91
0
 92
8
 10
67.89
 20
26.17
 30
-3.8
 10
68.08999999999999
 20
26.17
 30
-3.8
 10
68.08999999999999
 20
26.57
 30
-3.8
 10
67.89
 20
26.57
 30
-3.8
 10
67.89
 20
26.17
 30
-0.2999999999999998
 10
68.08999999999999
 20
26.17
 30
-0.2999999999999998
 10
68.08999999999999
 20
26.57
 30
-0.2999999999999998
 10
67.89
 20
26.57
 30
-0.2999999999999998
 93
30
 90
4
 90
0
 90
3
 90
2
 90
1
 90
4
 90
1
 90
2
 90
6
 90
5
 90
4
 90
3
 90
7
 90
6
 90
2
 90
4
 90
0
 90
4
 90
7
 90
3
 90
4
 90
0
 90
1
 90
5
 90
4
 90
4
 90
4
 90
5
 90
6
 90
7
 94
0
 95
0
 90
0
  0
MESH
  5
A8
330
17
100
AcDbEntity
  8
3D-EXIST-COL
100
AcDbSubDMesh
 71
2
 72
0
 91
0
 92
8
 10
77.68
 20
24.26
 30
-3.8
 10
77.88
 20
24.26
 30
-3.8
 10
77.88
 20
24.66
 30
-3.8
 10
77.68
 20
24.66
 30
-3.8
 10
77.68
 20
24.26
 30
-0.2999999999999998
 10
77.88
 20
24.26
 30
-0.2999999999999998
 10
77.88
 20
24.66
 30
-0.2999999999999998
 10
77.68
 20
24.66
 30
-0.2999999999999998
 93
30
 90
4
 90
0
 90
3
 90
2
 90
1
 90
4
 90
1
 90
2
 90
6
 90
5
 90
4
 90
3
 90
7
 90
6
 90
2
 90
4
 90
0
 90
4
 90
7
 90
3
 90
4
 90
0
 90
1
 90
5
 90
4
 90
4
 90
4
 90
5
 90
6
 90
7
 94
0
 95
0
 90
0
  0
MESH
  5
A9
330
17
100
AcDbEntity
  8
3D-EXIST-COL
100
AcDbSubDMesh
 71
2
 72
0
 91
0
 92
8
 10
81.79
 20
24.26
 30
-3.8
 10
81.99
 20
24.26
 30
-3.8
 10
81.99
 20
24.66
 30
-3.8
 10
81.79
 20
24.66
 30
-3.8
 10
81.79
 20
24.26
 30
-0.2999999999999998
 10
81.99
 20
24.26
 30
-0.2999999999999998
 10
81.99
 20
24.66
 30
-0.2999999999999998
 10
81.79
 20
24.66
 30
-0.2999999999999998
 93
30
 90
4
 90
0
 90
3
 90
2
 90
1
 90
4
 90
1
 90
2
 90
6
 90
5
 90
4
 90
3
 90
7
 90
6
 90
2
 90
4
 90
0
 90
4
 90
7
 90
3
 90
4
 90
0
 90
1
 90
5
 90
4
 90
4
 90
4
 90
5
 90
6
 90
7
 94
0
 95
0
 90
0
  0
MESH
  5
AA
330
17
100
AcDbEntity
  8
3D-EXIST-COL
100
AcDbSubDMesh
 71
2
 72
0
 91
0
 92
8
 10
95.49000000000001
 20
24.26
 30
-3.8
 10
95.69
 20
24.26
 30
-3.8
 10
95.69
 20
24.66
 30
-3.8
 10
95.49000000000001
 20
24.66
 30
-3.8
 10
95.49000000000001
 20
24.26
 30
-0.2999999999999998
 10
95.69
 20
24.26
 30
-0.2999999999999998
 10
95.69
 20
24.66
 30
-0.2999999999999998
 10
95.49000000000001
 20
24.66
 30
-0.2999999999999998
 93
30
 90
4
 90
0
 90
3
 90
2
 90
1
 90
4
 90
1
 90
2
 90
6
 90
5
 90
4
 90
3
 90
7
 90
6
 90
2
 90
4
 90
0
 90
4
 90
7
 90
3
 90
4
 90
0
 90
1
 90
5
 90
4
 90
4
 90
4
 90
5
 90
6
 90
7
 94
0
 95
0
 90
0
  0
MESH
  5
AB
330
17
100
AcDbEntity
  8
3D-EXIST-COL
100
AcDbSubDMesh
 71
2
 72
0
 91
0
 92
8
 10
67.89
 20
21.560000000000002
 30
-3.8
 10
68.08999999999999
 20
21.560000000000002
 30
-3.8
 10
68.08999999999999
 20
21.96
 30
-3.8
 10
67.89
 20
21.96
 30
-3.8
 10
67.89
 20
21.560000000000002
 30
-0.2999999999999998
 10
68.08999999999999
 20
21.560000000000002
 30
-0.2999999999999998
 10
68.08999999999999
 20
21.96
 30
-0.2999999999999998
 10
67.89
 20
21.96
 30
-0.2999999999999998
 93
30
 90
4
 90
0
 90
3
 90
2
 90
1
 90
4
 90
1
 90
2
 90
6
 90
5
 90
4
 90
3
 90
7
 90
6
 90
2
 90
4
 90
0
 90
4
 90
7
 90
3
 90
4
 90
0
 90
1
 90
5
 90
4
 90
4
 90
4
 90
5
 90
6
 90
7
 94
0
 95
0
 90
0
  0
MESH
  5
AC
330
17
100
AcDbEntity
  8
3D-EXIST-COL
100
AcDbSubDMesh
 71
2
 72
0
 91
0
 92
8
 10
77.68
 20
21.560000000000002
 30
-3.8
 10
77.88
 20
21.560000000000002
 30
-3.8
 10
77.88
 20
21.96
 30
-3.8
 10
77.68
 20
21.96
 30
-3.8
 10
77.68
 20
21.560000000000002
 30
-0.2999999999999998
 10
77.88
 20
21.560000000000002
 30
-0.2999999999999998
 10
77.88
 20
21.96
 30
-0.2999999999999998
 10
77.68
 20
21.96
 30
-0.2999999999999998
 93
30
 90
4
 90
0
 90
3
 90
2
 90
1
 90
4
 90
1
 90
2
 90
6
 90
5
 90
4
 90
3
 90
7
 90
6
 90
2
 90
4
 90
0
 90
4
 90
7
 90
3
 90
4
 90
0
 90
1
 90
5
 90
4
 90
4
 90
4
 90
5
 90
6
 90
7
 94
0
 95
0
 90
0
  0
MESH
  5
AD
330
17
100
AcDbEntity
  8
3D-EXIST-COL
100
AcDbSubDMesh
 71
2
 72
0
 91
0
 92
8
 10
81.59
 20
19.97
 30
-3.8
 10
81.99000000000001
 20
19.97
 30
-3.8
 10
81.99000000000001
 20
20.17
 30
-3.8
 10
81.59
 20
20.17
 30
-3.8
 10
81.59
 20
19.97
 30
-0.2999999999999998
 10
81.99000000000001
 20
19.97
 30
-0.2999999999999998
 10
81.99000000000001
 20
20.17
 30
-0.2999999999999998
 10
81.59
 20
20.17
 30
-0.2999999999999998
 93
30
 90
4
 90
0
 90
3
 90
2
 90
1
 90
4
 90
1
 90
2
 90
6
 90
5
 90
4
 90
3
 90
7
 90
6
 90
2
 90
4
 90
0
 90
4
 90
7
 90
3
 90
4
 90
0
 90
1
 90
5
 90
4
 90
4
 90
4
 90
5
 90
6
 90
7
 94
0
 95
0
 90
0
  0
MESH
  5
AE
330
17
100
AcDbEntity
  8
3D-EXIST-COL
100
AcDbSubDMesh
 71
2
 72
0
 91
0
 92
8
 10
88.67999999999999
 20
19.97
 30
-3.8
 10
89.08
 20
19.97
 30
-3.8
 10
89.08
 20
20.17
 30
-3.8
 10
88.67999999999999
 20
20.17
 30
-3.8
 10
88.67999999999999
 20
19.97
 30
-0.2999999999999998
 10
89.08
 20
19.97
 30
-0.2999999999999998
 10
89.08
 20
20.17
 30
-0.2999999999999998
 10
88.67999999999999
 20
20.17
 30
-0.2999999999999998
 93
30
 90
4
 90
0
 90
3
 90
2
 90
1
 90
4
 90
1
 90
2
 90
6
 90
5
 90
4
 90
3
 90
7
 90
6
 90
2
 90
4
 90
0
 90
4
 90
7
 90
3
 90
4
 90
0
 90
1
 90
5
 90
4
 90
4
 90
4
 90
5
 90
6
 90
7
 94
0
 95
0
 90
0
  0
MESH
  5
AF
330
17
100
AcDbEntity
  8
3D-EXIST-COL
100
AcDbSubDMesh
 71
2
 72
0
 91
0
 92
8
 10
95.28999999999999
 20
19.97
 30
-3.8
 10
95.69
 20
19.97
 30
-3.8
 10
95.69
 20
20.17
 30
-3.8
 10
95.28999999999999
 20
20.17
 30
-3.8
 10
95.28999999999999
 20
19.97
 30
-0.2999999999999998
 10
95.69
 20
19.97
 30
-0.2999999999999998
 10
95.69
 20
20.17
 30
-0.2999999999999998
 10
95.28999999999999
 20
20.17
 30
-0.2999999999999998
 93
30
 90
4
 90
0
 90
3
 90
2
 90
1
 90
4
 90
1
 90
2
 90
6
 90
5
 90
4
 90
3
 90
7
 90
6
 90
2
 90
4
 90
0
 90
4
 90
7
 90
3
 90
4
 90
0
 90
1
 90
5
 90
4
 90
4
 90
4
 90
5
 90
6
 90
7
 94
0
 95
0
 90
0
  0
MESH
  5
B0
330
17
100
AcDbEntity
  8
3D-EXIST-COL
100
AcDbSubDMesh
 71
2
 72
0
 91
0
 92
8
 10
74.69
 20
15.870000000000001
 30
-3.8
 10
75.09
 20
15.870000000000001
 30
-3.8
 10
75.09
 20
16.07
 30
-3.8
 10
74.69
 20
16.07
 30
-3.8
 10
74.69
 20
15.870000000000001
 30
-0.2999999999999998
 10
75.09
 20
15.870000000000001
 30
-0.2999999999999998
 10
75.09
 20
16.07
 30
-0.2999999999999998
 10
74.69
 20
16.07
 30
-0.2999999999999998
 93
30
 90
4
 90
0
 90
3
 90
2
 90
1
 90
4
 90
1
 90
2
 90
6
 90
5
 90
4
 90
3
 90
7
 90
6
 90
2
 90
4
 90
0
 90
4
 90
7
 90
3
 90
4
 90
0
 90
1
 90
5
 90
4
 90
4
 90
4
 90
5
 90
6
 90
7
 94
0
 95
0
 90
0
  0
MESH
  5
B1
330
17
100
AcDbEntity
  8
3D-EXIST-COL
100
AcDbSubDMesh
 71
2
 72
0
 91
0
 92
8
 10
67.89
 20
15.670000000000002
 30
-3.8
 10
68.08999999999999
 20
15.670000000000002
 30
-3.8
 10
68.08999999999999
 20
16.07
 30
-3.8
 10
67.89
 20
16.07
 30
-3.8
 10
67.89
 20
15.670000000000002
 30
-0.2999999999999998
 10
68.08999999999999
 20
15.670000000000002
 30
-0.2999999999999998
 10
68.08999999999999
 20
16.07
 30
-0.2999999999999998
 10
67.89
 20
16.07
 30
-0.2999999999999998
 93
30
 90
4
 90
0
 90
3
 90
2
 90
1
 90
4
 90
1
 90
2
 90
6
 90
5
 90
4
 90
3
 90
7
 90
6
 90
2
 90
4
 90
0
 90
4
 90
7
 90
3
 90
4
 90
0
 90
1
 90
5
 90
4
 90
4
 90
4
 90
5
 90
6
 90
7
 94
0
 95
0
 90
0
  0
MESH
  5
B2
330
17
100
AcDbEntity
  8
3D-EXIST-COL
100
AcDbSubDMesh
 71
2
 72
0
 91
0
 92
8
 10
71.89
 20
15.670000000000002
 30
-3.8
 10
72.08999999999999
 20
15.670000000000002
 30
-3.8
 10
72.08999999999999
 20
16.07
 30
-3.8
 10
71.89
 20
16.07
 30
-3.8
 10
71.89
 20
15.670000000000002
 30
-0.2999999999999998
 10
72.08999999999999
 20
15.670000000000002
 30
-0.2999999999999998
 10
72.08999999999999
 20
16.07
 30
-0.2999999999999998
 10
71.89
 20
16.07
 30
-0.2999999999999998
 93
30
 90
4
 90
0
 90
3
 90
2
 90
1
 90
4
 90
1
 90
2
 90
6
 90
5
 90
4
 90
3
 90
7
 90
6
 90
2
 90
4
 90
0
 90
4
 90
7
 90
3
 90
4
 90
0
 90
1
 90
5
 90
4
 90
4
 90
4
 90
5
 90
6
 90
7
 94
0
 95
0
 90
0
  0
MESH
  5
B3
330
17
100
AcDbEntity
  8
3D-EXIST-COL
100
AcDbSubDMesh
 71
2
 72
0
 91
0
 92
8
 10
77.68
 20
15.670000000000002
 30
-3.8
 10
77.88
 20
15.670000000000002
 30
-3.8
 10
77.88
 20
16.07
 30
-3.8
 10
77.68
 20
16.07
 30
-3.8
 10
77.68
 20
15.670000000000002
 30
-0.2999999999999998
 10
77.88
 20
15.670000000000002
 30
-0.2999999999999998
 10
77.88
 20
16.07
 30
-0.2999999999999998
 10
77.68
 20
16.07
 30
-0.2999999999999998
 93
30
 90
4
 90
0
 90
3
 90
2
 90
1
 90
4
 90
1
 90
2
 90
6
 90
5
 90
4
 90
3
 90
7
 90
6
 90
2
 90
4
 90
0
 90
4
 90
7
 90
3
 90
4
 90
0
 90
1
 90
5
 90
4
 90
4
 90
4
 90
5
 90
6
 90
7
 94
0
 95
0
 90
0
  0
MESH
  5
B4
330
17
100
AcDbEntity
  8
3D-COL
100
AcDbSubDMesh
 71
2
 72
0
 91
0
 92
8
 10
87.11
 20
35.694
 30
0.05500000000000016
 10
87.27
 20
35.694
 30
0.05500000000000016
 10
87.27
 20
35.846000000000004
 30
0.05500000000000016
 10
87.11
 20
35.846000000000004
 30
0.05500000000000016
 10
87.11
 20
35.694
 30
3.036
 10
87.27
 20
35.694
 30
3.036
 10
87.27
 20
35.846000000000004
 30
3.036
 10
87.11
 20
35.846000000000004
 30
3.036
 93
30
 90
4
 90
0
 90
3
 90
2
 90
1
 90
4
 90
1
 90
2
 90
6
 90
5
 90
4
 90
3
 90
7
 90
6
 90
2
 90
4
 90
0
 90
4
 90
7
 90
3
 90
4
 90
0
 90
1
 90
5
 90
4
 90
4
 90
4
 90
5
 90
6
 90
7
 94
0
 95
0
 90
0
  0
MESH
  5
B5
330
17
100
AcDbEntity
  8
3D-COL
100
AcDbSubDMesh
 71
2
 72
0
 91
0
 92
8
 10
87.09
 20
35.63
 30
3.0360000000000005
 10
87.28999999999999
 20
35.63
 30
3.0360000000000005
 10
87.28999999999999
 20
35.910000000000004
 30
3.0360000000000005
 10
87.09
 20
35.910000000000004
 30
3.0360000000000005
 10
87.09
 20
35.63
 30
3.056
 10
87.28999999999999
 20
35.63
 30
3.056
 10
87.28999999999999
 20
35.910000000000004
 30
3.056
 10
87.09
 20
35.910000000000004
 30
3.056
 93
30
 90
4
 90
0
 90
3
 90
2
 90
1
 90
4
 90
1
 90
2
 90
6
 90
5
 90
4
 90
3
 90
7
 90
6
 90
2
 90
4
 90
0
 90
4
 90
7
 90
3
 90
4
 90
0
 90
1
 90
5
 90
4
 90
4
 90
4
 90
5
 90
6
 90
7
 94
0
 95
0
 90
0
  0
MESH
  5
B6
330
17
100
AcDbEntity
  8
3D-BASE
100
AcDbSubDMesh
 71
2
 72
0
 91
0
 92
8
 10
86.78999999999999
 20
35.495000000000005
 30
0.025
 10
87.59
 20
35.495000000000005
 30
0.025
 10
87.59
 20
36.045
 30
0.025
 10
86.78999999999999
 20
36.045
 30
0.025
 10
86.78999999999999
 20
35.495000000000005
 30
0.055
 10
87.59
 20
35.495000000000005
 30
0.055
 10
87.59
 20
36.045
 30
0.055
 10
86.78999999999999
 20
36.045
 30
0.055
 93
30
 90
4
 90
0
 90
3
 90
2
 90
1
 90
4
 90
1
 90
2
 90
6
 90
5
 90
4
 90
3
 90
7
 90
6
 90
2
 90
4
 90
0
 90
4
 90
7
 90
3
 90
4
 90
0
 90
1
 90
5
 90
4
 90
4
 90
4
 90
5
 90
6
 90
7
 94
0
 95
0
 90
0
  0
MESH
  5
B7
330
17
100
AcDbEntity
  8
3D-COL
100
AcDbSubDMesh
 71
2
 72
0
 91
0
 92
8
 10
92.4
 20
35.694
 30
0.05500000000000016
 10
92.56
 20
35.694
 30
0.05500000000000016
 10
92.56
 20
35.846000000000004
 30
0.05500000000000016
 10
92.4
 20
35.846000000000004
 30
0.05500000000000016
 10
92.4
 20
35.694
 30
3.036
 10
92.56
 20
35.694
 30
3.036
 10
92.56
 20
35.846000000000004
 30
3.036
 10
92.4
 20
35.846000000000004
 30
3.036
 93
30
 90
4
 90
0
 90
3
 90
2
 90
1
 90
4
 90
1
 90
2
 90
6
 90
5
 90
4
 90
3
 90
7
 90
6
 90
2
 90
4
 90
0
 90
4
 90
7
 90
3
 90
4
 90
0
 90
1
 90
5
 90
4
 90
4
 90
4
 90
5
 90
6
 90
7
 94
0
 95
0
 90
0
  0
MESH
  5
B8
330
17
100
AcDbEntity
  8
3D-COL
100
AcDbSubDMesh
 71
2
 72
0
 91
0
 92
8
 10
92.38000000000001
 20
35.63
 30
3.0360000000000005
 10
92.58
 20
35.63
 30
3.0360000000000005
 10
92.58
 20
35.910000000000004
 30
3.0360000000000005
 10
92.38000000000001
 20
35.910000000000004
 30
3.0360000000000005
 10
92.38000000000001
 20
35.63
 30
3.056
 10
92.58
 20
35.63
 30
3.056
 10
92.58
 20
35.910000000000004
 30
3.056
 10
92.38000000000001
 20
35.910000000000004
 30
3.056
 93
30
 90
4
 90
0
 90
3
 90
2
 90
1
 90
4
 90
1
 90
2
 90
6
 90
5
 90
4
 90
3
 90
7
 90
6
 90
2
 90
4
 90
0
 90
4
 90
7
 90
3
 90
4
 90
0
 90
1
 90
5
 90
4
 90
4
 90
4
 90
5
 90
6
 90
7
 94
0
 95
0
 90
0
  0
MESH
  5
B9
330
17
100
AcDbEntity
  8
3D-BASE
100
AcDbSubDMesh
 71
2
 72
0
 91
0
 92
8
 10
92.08
 20
35.495000000000005
 30
0.025
 10
92.88000000000001
 20
35.495000000000005
 30
0.025
 10
92.88000000000001
 20
36.045
 30
0.025
 10
92.08
 20
36.045
 30
0.025
 10
92.08
 20
35.495000000000005
 30
0.055
 10
92.88000000000001
 20
35.495000000000005
 30
0.055
 10
92.88000000000001
 20
36.045
 30
0.055
 10
92.08
 20
36.045
 30
0.055
 93
30
 90
4
 90
0
 90
3
 90
2
 90
1
 90
4
 90
1
 90
2
 90
6
 90
5
 90
4
 90
3
 90
7
 90
6
 90
2
 90
4
 90
0
 90
4
 90
7
 90
3
 90
4
 90
0
 90
1
 90
5
 90
4
 90
4
 90
4
 90
5
 90
6
 90
7
 94
0
 95
0
 90
0
  0
MESH
  5
BA
330
17
100
AcDbEntity
  8
3D-COL
100
AcDbSubDMesh
 71
2
 72
0
 91
0
 92
8
 10
81.81400000000001
 20
35.59
 30
0.04999999999999982
 10
81.966
 20
35.59
 30
0.04999999999999982
 10
81.966
 20
35.75
 30
0.04999999999999982
 10
81.81400000000001
 20
35.75
 30
0.04999999999999982
 10
81.81400000000001
 20
35.59
 30
3.042
 10
81.966
 20
35.59
 30
3.042
 10
81.966
 20
35.75
 30
3.042
 10
81.81400000000001
 20
35.75
 30
3.042
 93
30
 90
4
 90
0
 90
3
 90
2
 90
1
 90
4
 90
1
 90
2
 90
6
 90
5
 90
4
 90
3
 90
7
 90
6
 90
2
 90
4
 90
0
 90
4
 90
7
 90
3
 90
4
 90
0
 90
1
 90
5
 90
4
 90
4
 90
4
 90
5
 90
6
 90
7
 94
0
 95
0
 90
0
  0
MESH
  5
BB
330
17
100
AcDbEntity
  8
3D-COL
100
AcDbSubDMesh
 71
2
 72
0
 91
0
 92
8
 10
81.75
 20
35.57
 30
3.042
 10
82.03
 20
35.57
 30
3.042
 10
82.03
 20
35.77
 30
3.042
 10
81.75
 20
35.77
 30
3.042
 10
81.75
 20
35.57
 30
3.0619999999999994
 10
82.03
 20
35.57
 30
3.0619999999999994
 10
82.03
 20
35.77
 30
3.0619999999999994
 10
81.75
 20
35.77
 30
3.0619999999999994
 93
30
 90
4
 90
0
 90
3
 90
2
 90
1
 90
4
 90
1
 90
2
 90
6
 90
5
 90
4
 90
3
 90
7
 90
6
 90
2
 90
4
 90
0
 90
4
 90
7
 90
3
 90
4
 90
0
 90
1
 90
5
 90
4
 90
4
 90
4
 90
5
 90
6
 90
7
 94
0
 95
0
 90
0
  0
MESH
  5
BC
330
17
100
AcDbEntity
  8
3D-BASE
100
AcDbSubDMesh
 71
2
 72
0
 91
0
 92
8
 10
81.74
 20
35.47
 30
0.025000000000000005
 10
82.04
 20
35.47
 30
0.025000000000000005
 10
82.04
 20
35.870000000000005
 30
0.025000000000000005
 10
81.74
 20
35.870000000000005
 30
0.025000000000000005
 10
81.74
 20
35.47
 30
0.05
 10
82.04
 20
35.47
 30
0.05
 10
82.04
 20
35.870000000000005
 30
0.05
 10
81.74
 20
35.870000000000005
 30
0.05
 93
30
 90
4
 90
0
 90
3
 90
2
 90
1
 90
4
 90
1
 90
2
 90
6
 90
5
 90
4
 90
3
 90
7
 90
6
 90
2
 90
4
 90
0
 90
4
 90
7
 90
3
 90
4
 90
0
 90
1
 90
5
 90
4
 90
4
 90
4
 90
5
 90
6
 90
7
 94
0
 95
0
 90
0
  0
MESH
  5
BD
330
17
100
AcDbEntity
  8
3D-COL
100
AcDbSubDMesh
 71
2
 72
0
 91
0
 92
8
 10
95.51400000000001
 20
35.59
 30
0.04999999999999982
 10
95.666
 20
35.59
 30
0.04999999999999982
 10
95.666
 20
35.75
 30
0.04999999999999982
 10
95.51400000000001
 20
35.75
 30
0.04999999999999982
 10
95.51400000000001
 20
35.59
 30
3.042
 10
95.666
 20
35.59
 30
3.042
 10
95.666
 20
35.75
 30
3.042
 10
95.51400000000001
 20
35.75
 30
3.042
 93
30
 90
4
 90
0
 90
3
 90
2
 90
1
 90
4
 90
1
 90
2
 90
6
 90
5
 90
4
 90
3
 90
7
 90
6
 90
2
 90
4
 90
0
 90
4
 90
7
 90
3
 90
4
 90
0
 90
1
 90
5
 90
4
 90
4
 90
4
 90
5
 90
6
 90
7
 94
0
 95
0
 90
0
  0
MESH
  5
BE
330
17
100
AcDbEntity
  8
3D-COL
100
AcDbSubDMesh
 71
2
 72
0
 91
0
 92
8
 10
95.45
 20
35.57
 30
3.042
 10
95.73
 20
35.57
 30
3.042
 10
95.73
 20
35.77
 30
3.042
 10
95.45
 20
35.77
 30
3.042
 10
95.45
 20
35.57
 30
3.0619999999999994
 10
95.73
 20
35.57
 30
3.0619999999999994
 10
95.73
 20
35.77
 30
3.0619999999999994
 10
95.45
 20
35.77
 30
3.0619999999999994
 93
30
 90
4
 90
0
 90
3
 90
2
 90
1
 90
4
 90
1
 90
2
 90
6
 90
5
 90
4
 90
3
 90
7
 90
6
 90
2
 90
4
 90
0
 90
4
 90
7
 90
3
 90
4
 90
0
 90
1
 90
5
 90
4
 90
4
 90
4
 90
5
 90
6
 90
7
 94
0
 95
0
 90
0
  0
MESH
  5
BF
330
17
100
AcDbEntity
  8
3D-BASE
100
AcDbSubDMesh
 71
2
 72
0
 91
0
 92
8
 10
95.44
 20
35.47
 30
0.025000000000000005
 10
95.74000000000001
 20
35.47
 30
0.025000000000000005
 10
95.74000000000001
 20
35.870000000000005
 30
0.025000000000000005
 10
95.44
 20
35.870000000000005
 30
0.025000000000000005
 10
95.44
 20
35.47
 30
0.05
 10
95.74000000000001
 20
35.47
 30
0.05
 10
95.74000000000001
 20
35.870000000000005
 30
0.05
 10
95.44
 20
35.870000000000005
 30
0.05
 93
30
 90
4
 90
0
 90
3
 90
2
 90
1
 90
4
 90
1
 90
2
 90
6
 90
5
 90
4
 90
3
 90
7
 90
6
 90
2
 90
4
 90
0
 90
4
 90
7
 90
3
 90
4
 90
0
 90
1
 90
5
 90
4
 90
4
 90
4
 90
5
 90
6
 90
7
 94
0
 95
0
 90
0
  0
MESH
  5
C0
330
17
100
AcDbEntity
  8
3D-COL
100
AcDbSubDMesh
 71
2
 72
0
 91
0
 92
8
 10
72.01
 20
35.194
 30
0.05500000000000016
 10
72.17
 20
35.194
 30
0.05500000000000016
 10
72.17
 20
35.346000000000004
 30
0.05500000000000016
 10
72.01
 20
35.346000000000004
 30
0.05500000000000016
 10
72.01
 20
35.194
 30
3.066
 10
72.17
 20
35.194
 30
3.066
 10
72.17
 20
35.346000000000004
 30
3.066
 10
72.01
 20
35.346000000000004
 30
3.066
 93
30
 90
4
 90
0
 90
3
 90
2
 90
1
 90
4
 90
1
 90
2
 90
6
 90
5
 90
4
 90
3
 90
7
 90
6
 90
2
 90
4
 90
0
 90
4
 90
7
 90
3
 90
4
 90
0
 90
1
 90
5
 90
4
 90
4
 90
4
 90
5
 90
6
 90
7
 94
0
 95
0
 90
0
  0
MESH
  5
C1
330
17
100
AcDbEntity
  8
3D-COL
100
AcDbSubDMesh
 71
2
 72
0
 91
0
 92
8
 10
71.99000000000001
 20
35.13
 30
3.066
 10
72.19
 20
35.13
 30
3.066
 10
72.19
 20
35.410000000000004
 30
3.066
 10
71.99000000000001
 20
35.410000000000004
 30
3.066
 10
71.99000000000001
 20
35.13
 30
3.0859999999999994
 10
72.19
 20
35.13
 30
3.0859999999999994
 10
72.19
 20
35.410000000000004
 30
3.0859999999999994
 10
71.99000000000001
 20
35.410000000000004
 30
3.0859999999999994
 93
30
 90
4
 90
0
 90
3
 90
2
 90
1
 90
4
 90
1
 90
2
 90
6
 90
5
 90
4
 90
3
 90
7
 90
6
 90
2
 90
4
 90
0
 90
4
 90
7
 90
3
 90
4
 90
0
 90
1
 90
5
 90
4
 90
4
 90
4
 90
5
 90
6
 90
7
 94
0
 95
0
 90
0
  0
MESH
  5
C2
330
17
100
AcDbEntity
  8
3D-BASE
100
AcDbSubDMesh
 71
2
 72
0
 91
0
 92
8
 10
71.69
 20
34.995000000000005
 30
0.025
 10
72.49000000000001
 20
34.995000000000005
 30
0.025
 10
72.49000000000001
 20
35.545
 30
0.025
 10
71.69
 20
35.545
 30
0.025
 10
71.69
 20
34.995000000000005
 30
0.055
 10
72.49000000000001
 20
34.995000000000005
 30
0.055
 10
72.49000000000001
 20
35.545
 30
0.055
 10
71.69
 20
35.545
 30
0.055
 93
30
 90
4
 90
0
 90
3
 90
2
 90
1
 90
4
 90
1
 90
2
 90
6
 90
5
 90
4
 90
3
 90
7
 90
6
 90
2
 90
4
 90
0
 90
4
 90
7
 90
3
 90
4
 90
0
 90
1
 90
5
 90
4
 90
4
 90
4
 90
5
 90
6
 90
7
 94
0
 95
0
 90
0
  0
MESH
  5
C3
330
17
100
AcDbEntity
  8
3D-COL
100
AcDbSubDMesh
 71
2
 72
0
 91
0
 92
8
 10
67.914
 20
35.09
 30
0.04999999999999982
 10
68.06599999999999
 20
35.09
 30
0.04999999999999982
 10
68.06599999999999
 20
35.25
 30
0.04999999999999982
 10
67.914
 20
35.25
 30
0.04999999999999982
 10
67.914
 20
35.09
 30
3.072
 10
68.06599999999999
 20
35.09
 30
3.072
 10
68.06599999999999
 20
35.25
 30
3.072
 10
67.914
 20
35.25
 30
3.072
 93
30
 90
4
 90
0
 90
3
 90
2
 90
1
 90
4
 90
1
 90
2
 90
6
 90
5
 90
4
 90
3
 90
7
 90
6
 90
2
 90
4
 90
0
 90
4
 90
7
 90
3
 90
4
 90
0
 90
1
 90
5
 90
4
 90
4
 90
4
 90
5
 90
6
 90
7
 94
0
 95
0
 90
0
  0
MESH
  5
C4
330
17
100
AcDbEntity
  8
3D-COL
100
AcDbSubDMesh
 71
2
 72
0
 91
0
 92
8
 10
67.85
 20
35.07
 30
3.072
 10
68.13
 20
35.07
 30
3.072
 10
68.13
 20
35.27
 30
3.072
 10
67.85
 20
35.27
 30
3.072
 10
67.85
 20
35.07
 30
3.0919999999999996
 10
68.13
 20
35.07
 30
3.0919999999999996
 10
68.13
 20
35.27
 30
3.0919999999999996
 10
67.85
 20
35.27
 30
3.0919999999999996
 93
30
 90
4
 90
0
 90
3
 90
2
 90
1
 90
4
 90
1
 90
2
 90
6
 90
5
 90
4
 90
3
 90
7
 90
6
 90
2
 90
4
 90
0
 90
4
 90
7
 90
3
 90
4
 90
0
 90
1
 90
5
 90
4
 90
4
 90
4
 90
5
 90
6
 90
7
 94
0
 95
0
 90
0
  0
MESH
  5
C5
330
17
100
AcDbEntity
  8
3D-BASE
100
AcDbSubDMesh
 71
2
 72
0
 91
0
 92
8
 10
67.83999999999999
 20
34.97
 30
0.025000000000000005
 10
68.14
 20
34.97
 30
0.025000000000000005
 10
68.14
 20
35.370000000000005
 30
0.025000000000000005
 10
67.83999999999999
 20
35.370000000000005
 30
0.025000000000000005
 10
67.83999999999999
 20
34.97
 30
0.05
 10
68.14
 20
34.97
 30
0.05
 10
68.14
 20
35.370000000000005
 30
0.05
 10
67.83999999999999
 20
35.370000000000005
 30
0.05
 93
30
 90
4
 90
0
 90
3
 90
2
 90
1
 90
4
 90
1
 90
2
 90
6
 90
5
 90
4
 90
3
 90
7
 90
6
 90
2
 90
4
 90
0
 90
4
 90
7
 90
3
 90
4
 90
0
 90
1
 90
5
 90
4
 90
4
 90
4
 90
5
 90
6
 90
7
 94
0
 95
0
 90
0
  0
MESH
  5
C6
330
17
100
AcDbEntity
  8
3D-COL
100
AcDbSubDMesh
 71
2
 72
0
 91
0
 92
8
 10
77.71400000000001
 20
35.09
 30
0.05500000000000016
 10
77.866
 20
35.09
 30
0.05500000000000016
 10
77.866
 20
35.25
 30
0.05500000000000016
 10
77.71400000000001
 20
35.25
 30
0.05500000000000016
 10
77.71400000000001
 20
35.09
 30
3.072
 10
77.866
 20
35.09
 30
3.072
 10
77.866
 20
35.25
 30
3.072
 10
77.71400000000001
 20
35.25
 30
3.072
 93
30
 90
4
 90
0
 90
3
 90
2
 90
1
 90
4
 90
1
 90
2
 90
6
 90
5
 90
4
 90
3
 90
7
 90
6
 90
2
 90
4
 90
0
 90
4
 90
7
 90
3
 90
4
 90
0
 90
1
 90
5
 90
4
 90
4
 90
4
 90
5
 90
6
 90
7
 94
0
 95
0
 90
0
  0
MESH
  5
C7
330
17
100
AcDbEntity
  8
3D-COL
100
AcDbSubDMesh
 71
2
 72
0
 91
0
 92
8
 10
77.65
 20
35.07
 30
3.072
 10
77.93
 20
35.07
 30
3.072
 10
77.93
 20
35.27
 30
3.072
 10
77.65
 20
35.27
 30
3.072
 10
77.65
 20
35.07
 30
3.0919999999999996
 10
77.93
 20
35.07
 30
3.0919999999999996
 10
77.93
 20
35.27
 30
3.0919999999999996
 10
77.65
 20
35.27
 30
3.0919999999999996
 93
30
 90
4
 90
0
 90
3
 90
2
 90
1
 90
4
 90
1
 90
2
 90
6
 90
5
 90
4
 90
3
 90
7
 90
6
 90
2
 90
4
 90
0
 90
4
 90
7
 90
3
 90
4
 90
0
 90
1
 90
5
 90
4
 90
4
 90
4
 90
5
 90
6
 90
7
 94
0
 95
0
 90
0
  0
MESH
  5
C8
330
17
100
AcDbEntity
  8
3D-BASE
100
AcDbSubDMesh
 71
2
 72
0
 91
0
 92
8
 10
77.515
 20
34.77
 30
0.025
 10
78.06500000000001
 20
34.77
 30
0.025
 10
78.06500000000001
 20
35.57
 30
0.025
 10
77.515
 20
35.57
 30
0.025
 10
77.515
 20
34.77
 30
0.055
 10
78.06500000000001
 20
34.77
 30
0.055
 10
78.06500000000001
 20
35.57
 30
0.055
 10
77.515
 20
35.57
 30
0.055
 93
30
 90
4
 90
0
 90
3
 90
2
 90
1
 90
4
 90
1
 90
2
 90
6
 90
5
 90
4
 90
3
 90
7
 90
6
 90
2
 90
4
 90
0
 90
4
 90
7
 90
3
 90
4
 90
0
 90
1
 90
5
 90
4
 90
4
 90
4
 90
5
 90
6
 90
7
 94
0
 95
0
 90
0
  0
MESH
  5
C9
330
17
100
AcDbEntity
  8
3D-COL
100
AcDbSubDMesh
 71
2
 72
0
 91
0
 92
8
 10
67.914
 20
29.290000000000003
 30
0.04999999999999982
 10
68.06599999999999
 20
29.290000000000003
 30
0.04999999999999982
 10
68.06599999999999
 20
29.45
 30
0.04999999999999982
 10
67.914
 20
29.45
 30
0.04999999999999982
 10
67.914
 20
29.290000000000003
 30
3.42
 10
68.06599999999999
 20
29.290000000000003
 30
3.42
 10
68.06599999999999
 20
29.45
 30
3.42
 10
67.914
 20
29.45
 30
3.42
 93
30
 90
4
 90
0
 90
3
 90
2
 90
1
 90
4
 90
1
 90
2
 90
6
 90
5
 90
4
 90
3
 90
7
 90
6
 90
2
 90
4
 90
0
 90
4
 90
7
 90
3
 90
4
 90
0
 90
1
 90
5
 90
4
 90
4
 90
4
 90
5
 90
6
 90
7
 94
0
 95
0
 90
0
  0
MESH
  5
CA
330
17
100
AcDbEntity
  8
3D-COL
100
AcDbSubDMesh
 71
2
 72
0
 91
0
 92
8
 10
67.85
 20
29.27
 30
3.42
 10
68.13
 20
29.27
 30
3.42
 10
68.13
 20
29.470000000000002
 30
3.42
 10
67.85
 20
29.470000000000002
 30
3.42
 10
67.85
 20
29.27
 30
3.4399999999999995
 10
68.13
 20
29.27
 30
3.4399999999999995
 10
68.13
 20
29.470000000000002
 30
3.4399999999999995
 10
67.85
 20
29.470000000000002
 30
3.4399999999999995
 93
30
 90
4
 90
0
 90
3
 90
2
 90
1
 90
4
 90
1
 90
2
 90
6
 90
5
 90
4
 90
3
 90
7
 90
6
 90
2
 90
4
 90
0
 90
4
 90
7
 90
3
 90
4
 90
0
 90
1
 90
5
 90
4
 90
4
 90
4
 90
5
 90
6
 90
7
 94
0
 95
0
 90
0
  0
MESH
  5
CB
330
17
100
AcDbEntity
  8
3D-BASE
100
AcDbSubDMesh
 71
2
 72
0
 91
0
 92
8
 10
67.83999999999999
 20
29.17
 30
0.025000000000000005
 10
68.14
 20
29.17
 30
0.025000000000000005
 10
68.14
 20
29.57
 30
0.025000000000000005
 10
67.83999999999999
 20
29.57
 30
0.025000000000000005
 10
67.83999999999999
 20
29.17
 30
0.05
 10
68.14
 20
29.17
 30
0.05
 10
68.14
 20
29.57
 30
0.05
 10
67.83999999999999
 20
29.57
 30
0.05
 93
30
 90
4
 90
0
 90
3
 90
2
 90
1
 90
4
 90
1
 90
2
 90
6
 90
5
 90
4
 90
3
 90
7
 90
6
 90
2
 90
4
 90
0
 90
4
 90
7
 90
3
 90
4
 90
0
 90
1
 90
5
 90
4
 90
4
 90
4
 90
5
 90
6
 90
7
 94
0
 95
0
 90
0
  0
MESH
  5
CC
330
17
100
AcDbEntity
  8
3D-COL
100
AcDbSubDMesh
 71
2
 72
0
 91
0
 92
8
 10
72.01
 20
29.194
 30
0.04999999999999982
 10
72.17
 20
29.194
 30
0.04999999999999982
 10
72.17
 20
29.346
 30
0.04999999999999982
 10
72.01
 20
29.346
 30
0.04999999999999982
 10
72.01
 20
29.194
 30
3.426
 10
72.17
 20
29.194
 30
3.426
 10
72.17
 20
29.346
 30
3.426
 10
72.01
 20
29.346
 30
3.426
 93
30
 90
4
 90
0
 90
3
 90
2
 90
1
 90
4
 90
1
 90
2
 90
6
 90
5
 90
4
 90
3
 90
7
 90
6
 90
2
 90
4
 90
0
 90
4
 90
7
 90
3
 90
4
 90
0
 90
1
 90
5
 90
4
 90
4
 90
4
 90
5
 90
6
 90
7
 94
0
 95
0
 90
0
  0
MESH
  5
CD
330
17
100
AcDbEntity
  8
3D-COL
100
AcDbSubDMesh
 71
2
 72
0
 91
0
 92
8
 10
71.99000000000001
 20
29.13
 30
3.426
 10
72.19
 20
29.13
 30
3.426
 10
72.19
 20
29.41
 30
3.426
 10
71.99000000000001
 20
29.41
 30
3.426
 10
71.99000000000001
 20
29.13
 30
3.4459999999999997
 10
72.19
 20
29.13
 30
3.4459999999999997
 10
72.19
 20
29.41
 30
3.4459999999999997
 10
71.99000000000001
 20
29.41
 30
3.4459999999999997
 93
30
 90
4
 90
0
 90
3
 90
2
 90
1
 90
4
 90
1
 90
2
 90
6
 90
5
 90
4
 90
3
 90
7
 90
6
 90
2
 90
4
 90
0
 90
4
 90
7
 90
3
 90
4
 90
0
 90
1
 90
5
 90
4
 90
4
 90
4
 90
5
 90
6
 90
7
 94
0
 95
0
 90
0
  0
MESH
  5
CE
330
17
100
AcDbEntity
  8
3D-BASE
100
AcDbSubDMesh
 71
2
 72
0
 91
0
 92
8
 10
71.89
 20
29.12
 30
0.025000000000000005
 10
72.29
 20
29.12
 30
0.025000000000000005
 10
72.29
 20
29.419999999999998
 30
0.025000000000000005
 10
71.89
 20
29.419999999999998
 30
0.025000000000000005
 10
71.89
 20
29.12
 30
0.05
 10
72.29
 20
29.12
 30
0.05
 10
72.29
 20
29.419999999999998
 30
0.05
 10
71.89
 20
29.419999999999998
 30
0.05
 93
30
 90
4
 90
0
 90
3
 90
2
 90
1
 90
4
 90
1
 90
2
 90
6
 90
5
 90
4
 90
3
 90
7
 90
6
 90
2
 90
4
 90
0
 90
4
 90
7
 90
3
 90
4
 90
0
 90
1
 90
5
 90
4
 90
4
 90
4
 90
5
 90
6
 90
7
 94
0
 95
0
 90
0
  0
MESH
  5
CF
330
17
100
AcDbEntity
  8
3D-COL
100
AcDbSubDMesh
 71
2
 72
0
 91
0
 92
8
 10
77.81
 20
29.194
 30
0.05500000000000016
 10
77.97
 20
29.194
 30
0.05500000000000016
 10
77.97
 20
29.346
 30
0.05500000000000016
 10
77.81
 20
29.346
 30
0.05500000000000016
 10
77.81
 20
29.194
 30
3.426
 10
77.97
 20
29.194
 30
3.426
 10
77.97
 20
29.346
 30
3.426
 10
77.81
 20
29.346
 30
3.426
 93
30
 90
4
 90
0
 90
3
 90
2
 90
1
 90
4
 90
1
 90
2
 90
6
 90
5
 90
4
 90
3
 90
7
 90
6
 90
2
 90
4
 90
0
 90
4
 90
7
 90
3
 90
4
 90
0
 90
1
 90
5
 90
4
 90
4
 90
4
 90
5
 90
6
 90
7
 94
0
 95
0
 90
0
  0
MESH
  5
D0
330
17
100
AcDbEntity
  8
3D-COL
100
AcDbSubDMesh
 71
2
 72
0
 91
0
 92
8
 10
77.79
 20
29.13
 30
3.426
 10
77.99
 20
29.13
 30
3.426
 10
77.99
 20
29.41
 30
3.426
 10
77.79
 20
29.41
 30
3.426
 10
77.79
 20
29.13
 30
3.4459999999999997
 10
77.99
 20
29.13
 30
3.4459999999999997
 10
77.99
 20
29.41
 30
3.4459999999999997
 10
77.79
 20
29.41
 30
3.4459999999999997
 93
30
 90
4
 90
0
 90
3
 90
2
 90
1
 90
4
 90
1
 90
2
 90
6
 90
5
 90
4
 90
3
 90
7
 90
6
 90
2
 90
4
 90
0
 90
4
 90
7
 90
3
 90
4
 90
0
 90
1
 90
5
 90
4
 90
4
 90
4
 90
5
 90
6
 90
7
 94
0
 95
0
 90
0
  0
MESH
  5
D1
330
17
100
AcDbEntity
  8
3D-BASE
100
AcDbSubDMesh
 71
2
 72
0
 91
0
 92
8
 10
77.49
 20
28.995
 30
0.025
 10
78.29
 20
28.995
 30
0.025
 10
78.29
 20
29.544999999999998
 30
0.025
 10
77.49
 20
29.544999999999998
 30
0.025
 10
77.49
 20
28.995
 30
0.055
 10
78.29
 20
28.995
 30
0.055
 10
78.29
 20
29.544999999999998
 30
0.055
 10
77.49
 20
29.544999999999998
 30
0.055
 93
30
 90
4
 90
0
 90
3
 90
2
 90
1
 90
4
 90
1
 90
2
 90
6
 90
5
 90
4
 90
3
 90
7
 90
6
 90
2
 90
4
 90
0
 90
4
 90
7
 90
3
 90
4
 90
0
 90
1
 90
5
 90
4
 90
4
 90
4
 90
5
 90
6
 90
7
 94
0
 95
0
 90
0
  0
MESH
  5
D2
330
17
100
AcDbEntity
  8
3D-COL
100
AcDbSubDMesh
 71
2
 72
0
 91
0
 92
8
 10
81.7
 20
29.194
 30
0.04999999999999982
 10
81.86
 20
29.194
 30
0.04999999999999982
 10
81.86
 20
29.346
 30
0.04999999999999982
 10
81.7
 20
29.346
 30
0.04999999999999982
 10
81.7
 20
29.194
 30
3.426
 10
81.86
 20
29.194
 30
3.426
 10
81.86
 20
29.346
 30
3.426
 10
81.7
 20
29.346
 30
3.426
 93
30
 90
4
 90
0
 90
3
 90
2
 90
1
 90
4
 90
1
 90
2
 90
6
 90
5
 90
4
 90
3
 90
7
 90
6
 90
2
 90
4
 90
0
 90
4
 90
7
 90
3
 90
4
 90
0
 90
1
 90
5
 90
4
 90
4
 90
4
 90
5
 90
6
 90
7
 94
0
 95
0
 90
0
  0
MESH
  5
D3
330
17
100
AcDbEntity
  8
3D-COL
100
AcDbSubDMesh
 71
2
 72
0
 91
0
 92
8
 10
81.68
 20
29.13
 30
3.426
 10
81.88
 20
29.13
 30
3.426
 10
81.88
 20
29.41
 30
3.426
 10
81.68
 20
29.41
 30
3.426
 10
81.68
 20
29.13
 30
3.4459999999999997
 10
81.88
 20
29.13
 30
3.4459999999999997
 10
81.88
 20
29.41
 30
3.4459999999999997
 10
81.68
 20
29.41
 30
3.4459999999999997
 93
30
 90
4
 90
0
 90
3
 90
2
 90
1
 90
4
 90
1
 90
2
 90
6
 90
5
 90
4
 90
3
 90
7
 90
6
 90
2
 90
4
 90
0
 90
4
 90
7
 90
3
 90
4
 90
0
 90
1
 90
5
 90
4
 90
4
 90
4
 90
5
 90
6
 90
7
 94
0
 95
0
 90
0
  0
MESH
  5
D4
330
17
100
AcDbEntity
  8
3D-BASE
100
AcDbSubDMesh
 71
2
 72
0
 91
0
 92
8
 10
81.58
 20
29.12
 30
0.025000000000000005
 10
81.98
 20
29.12
 30
0.025000000000000005
 10
81.98
 20
29.419999999999998
 30
0.025000000000000005
 10
81.58
 20
29.419999999999998
 30
0.025000000000000005
 10
81.58
 20
29.12
 30
0.05
 10
81.98
 20
29.12
 30
0.05
 10
81.98
 20
29.419999999999998
 30
0.05
 10
81.58
 20
29.419999999999998
 30
0.05
 93
30
 90
4
 90
0
 90
3
 90
2
 90
1
 90
4
 90
1
 90
2
 90
6
 90
5
 90
4
 90
3
 90
7
 90
6
 90
2
 90
4
 90
0
 90
4
 90
7
 90
3
 90
4
 90
0
 90
1
 90
5
 90
4
 90
4
 90
4
 90
5
 90
6
 90
7
 94
0
 95
0
 90
0
  0
MESH
  5
D5
330
17
100
AcDbEntity
  8
3D-COL
100
AcDbSubDMesh
 71
2
 72
0
 91
0
 92
8
 10
87.11
 20
29.194
 30
0.04999999999999982
 10
87.27
 20
29.194
 30
0.04999999999999982
 10
87.27
 20
29.346
 30
0.04999999999999982
 10
87.11
 20
29.346
 30
0.04999999999999982
 10
87.11
 20
29.194
 30
3.426
 10
87.27
 20
29.194
 30
3.426
 10
87.27
 20
29.346
 30
3.426
 10
87.11
 20
29.346
 30
3.426
 93
30
 90
4
 90
0
 90
3
 90
2
 90
1
 90
4
 90
1
 90
2
 90
6
 90
5
 90
4
 90
3
 90
7
 90
6
 90
2
 90
4
 90
0
 90
4
 90
7
 90
3
 90
4
 90
0
 90
1
 90
5
 90
4
 90
4
 90
4
 90
5
 90
6
 90
7
 94
0
 95
0
 90
0
  0
MESH
  5
D6
330
17
100
AcDbEntity
  8
3D-COL
100
AcDbSubDMesh
 71
2
 72
0
 91
0
 92
8
 10
87.09
 20
29.13
 30
3.426
 10
87.28999999999999
 20
29.13
 30
3.426
 10
87.28999999999999
 20
29.41
 30
3.426
 10
87.09
 20
29.41
 30
3.426
 10
87.09
 20
29.13
 30
3.4459999999999997
 10
87.28999999999999
 20
29.13
 30
3.4459999999999997
 10
87.28999999999999
 20
29.41
 30
3.4459999999999997
 10
87.09
 20
29.41
 30
3.4459999999999997
 93
30
 90
4
 90
0
 90
3
 90
2
 90
1
 90
4
 90
1
 90
2
 90
6
 90
5
 90
4
 90
3
 90
7
 90
6
 90
2
 90
4
 90
0
 90
4
 90
7
 90
3
 90
4
 90
0
 90
1
 90
5
 90
4
 90
4
 90
4
 90
5
 90
6
 90
7
 94
0
 95
0
 90
0
  0
MESH
  5
D7
330
17
100
AcDbEntity
  8
3D-BASE
100
AcDbSubDMesh
 71
2
 72
0
 91
0
 92
8
 10
86.99
 20
29.12
 30
0.025000000000000005
 10
87.39
 20
29.12
 30
0.025000000000000005
 10
87.39
 20
29.419999999999998
 30
0.025000000000000005
 10
86.99
 20
29.419999999999998
 30
0.025000000000000005
 10
86.99
 20
29.12
 30
0.05
 10
87.39
 20
29.12
 30
0.05
 10
87.39
 20
29.419999999999998
 30
0.05
 10
86.99
 20
29.419999999999998
 30
0.05
 93
30
 90
4
 90
0
 90
3
 90
2
 90
1
 90
4
 90
1
 90
2
 90
6
 90
5
 90
4
 90
3
 90
7
 90
6
 90
2
 90
4
 90
0
 90
4
 90
7
 90
3
 90
4
 90
0
 90
1
 90
5
 90
4
 90
4
 90
4
 90
5
 90
6
 90
7
 94
0
 95
0
 90
0
  0
MESH
  5
D8
330
17
100
AcDbEntity
  8
3D-COL
100
AcDbSubDMesh
 71
2
 72
0
 91
0
 92
8
 10
92.4
 20
29.194
 30
0.04999999999999982
 10
92.56
 20
29.194
 30
0.04999999999999982
 10
92.56
 20
29.346
 30
0.04999999999999982
 10
92.4
 20
29.346
 30
0.04999999999999982
 10
92.4
 20
29.194
 30
3.426
 10
92.56
 20
29.194
 30
3.426
 10
92.56
 20
29.346
 30
3.426
 10
92.4
 20
29.346
 30
3.426
 93
30
 90
4
 90
0
 90
3
 90
2
 90
1
 90
4
 90
1
 90
2
 90
6
 90
5
 90
4
 90
3
 90
7
 90
6
 90
2
 90
4
 90
0
 90
4
 90
7
 90
3
 90
4
 90
0
 90
1
 90
5
 90
4
 90
4
 90
4
 90
5
 90
6
 90
7
 94
0
 95
0
 90
0
  0
MESH
  5
D9
330
17
100
AcDbEntity
  8
3D-COL
100
AcDbSubDMesh
 71
2
 72
0
 91
0
 92
8
 10
92.38000000000001
 20
29.13
 30
3.426
 10
92.58
 20
29.13
 30
3.426
 10
92.58
 20
29.41
 30
3.426
 10
92.38000000000001
 20
29.41
 30
3.426
 10
92.38000000000001
 20
29.13
 30
3.4459999999999997
 10
92.58
 20
29.13
 30
3.4459999999999997
 10
92.58
 20
29.41
 30
3.4459999999999997
 10
92.38000000000001
 20
29.41
 30
3.4459999999999997
 93
30
 90
4
 90
0
 90
3
 90
2
 90
1
 90
4
 90
1
 90
2
 90
6
 90
5
 90
4
 90
3
 90
7
 90
6
 90
2
 90
4
 90
0
 90
4
 90
7
 90
3
 90
4
 90
0
 90
1
 90
5
 90
4
 90
4
 90
4
 90
5
 90
6
 90
7
 94
0
 95
0
 90
0
  0
MESH
  5
DA
330
17
100
AcDbEntity
  8
3D-BASE
100
AcDbSubDMesh
 71
2
 72
0
 91
0
 92
8
 10
92.28
 20
29.12
 30
0.025000000000000005
 10
92.68
 20
29.12
 30
0.025000000000000005
 10
92.68
 20
29.419999999999998
 30
0.025000000000000005
 10
92.28
 20
29.419999999999998
 30
0.025000000000000005
 10
92.28
 20
29.12
 30
0.05
 10
92.68
 20
29.12
 30
0.05
 10
92.68
 20
29.419999999999998
 30
0.05
 10
92.28
 20
29.419999999999998
 30
0.05
 93
30
 90
4
 90
0
 90
3
 90
2
 90
1
 90
4
 90
1
 90
2
 90
6
 90
5
 90
4
 90
3
 90
7
 90
6
 90
2
 90
4
 90
0
 90
4
 90
7
 90
3
 90
4
 90
0
 90
1
 90
5
 90
4
 90
4
 90
4
 90
5
 90
6
 90
7
 94
0
 95
0
 90
0
  0
MESH
  5
DB
330
17
100
AcDbEntity
  8
3D-COL
100
AcDbSubDMesh
 71
2
 72
0
 91
0
 92
8
 10
95.4
 20
29.194
 30
0.04999999999999982
 10
95.56
 20
29.194
 30
0.04999999999999982
 10
95.56
 20
29.346
 30
0.04999999999999982
 10
95.4
 20
29.346
 30
0.04999999999999982
 10
95.4
 20
29.194
 30
3.426
 10
95.56
 20
29.194
 30
3.426
 10
95.56
 20
29.346
 30
3.426
 10
95.4
 20
29.346
 30
3.426
 93
30
 90
4
 90
0
 90
3
 90
2
 90
1
 90
4
 90
1
 90
2
 90
6
 90
5
 90
4
 90
3
 90
7
 90
6
 90
2
 90
4
 90
0
 90
4
 90
7
 90
3
 90
4
 90
0
 90
1
 90
5
 90
4
 90
4
 90
4
 90
5
 90
6
 90
7
 94
0
 95
0
 90
0
  0
MESH
  5
DC
330
17
100
AcDbEntity
  8
3D-COL
100
AcDbSubDMesh
 71
2
 72
0
 91
0
 92
8
 10
95.38000000000001
 20
29.13
 30
3.426
 10
95.58
 20
29.13
 30
3.426
 10
95.58
 20
29.41
 30
3.426
 10
95.38000000000001
 20
29.41
 30
3.426
 10
95.38000000000001
 20
29.13
 30
3.4459999999999997
 10
95.58
 20
29.13
 30
3.4459999999999997
 10
95.58
 20
29.41
 30
3.4459999999999997
 10
95.38000000000001
 20
29.41
 30
3.4459999999999997
 93
30
 90
4
 90
0
 90
3
 90
2
 90
1
 90
4
 90
1
 90
2
 90
6
 90
5
 90
4
 90
3
 90
7
 90
6
 90
2
 90
4
 90
0
 90
4
 90
7
 90
3
 90
4
 90
0
 90
1
 90
5
 90
4
 90
4
 90
4
 90
5
 90
6
 90
7
 94
0
 95
0
 90
0
  0
MESH
  5
DD
330
17
100
AcDbEntity
  8
3D-BASE
100
AcDbSubDMesh
 71
2
 72
0
 91
0
 92
8
 10
95.28
 20
29.12
 30
0.025000000000000005
 10
95.68
 20
29.12
 30
0.025000000000000005
 10
95.68
 20
29.419999999999998
 30
0.025000000000000005
 10
95.28
 20
29.419999999999998
 30
0.025000000000000005
 10
95.28
 20
29.12
 30
0.05
 10
95.68
 20
29.12
 30
0.05
 10
95.68
 20
29.419999999999998
 30
0.05
 10
95.28
 20
29.419999999999998
 30
0.05
 93
30
 90
4
 90
0
 90
3
 90
2
 90
1
 90
4
 90
1
 90
2
 90
6
 90
5
 90
4
 90
3
 90
7
 90
6
 90
2
 90
4
 90
0
 90
4
 90
7
 90
3
 90
4
 90
0
 90
1
 90
5
 90
4
 90
4
 90
4
 90
5
 90
6
 90
7
 94
0
 95
0
 90
0
  0
MESH
  5
DE
330
17
100
AcDbEntity
  8
3D-COL
100
AcDbSubDMesh
 71
2
 72
0
 91
0
 92
8
 10
67.914
 20
26.290000000000003
 30
0.05500000000000016
 10
68.06599999999999
 20
26.290000000000003
 30
0.05500000000000016
 10
68.06599999999999
 20
26.45
 30
0.05500000000000016
 10
67.914
 20
26.45
 30
0.05500000000000016
 10
67.914
 20
26.290000000000003
 30
3.6
 10
68.06599999999999
 20
26.290000000000003
 30
3.6
 10
68.06599999999999
 20
26.45
 30
3.6
 10
67.914
 20
26.45
 30
3.6
 93
30
 90
4
 90
0
 90
3
 90
2
 90
1
 90
4
 90
1
 90
2
 90
6
 90
5
 90
4
 90
3
 90
7
 90
6
 90
2
 90
4
 90
0
 90
4
 90
7
 90
3
 90
4
 90
0
 90
1
 90
5
 90
4
 90
4
 90
4
 90
5
 90
6
 90
7
 94
0
 95
0
 90
0
  0
MESH
  5
DF
330
17
100
AcDbEntity
  8
3D-COL
100
AcDbSubDMesh
 71
2
 72
0
 91
0
 92
8
 10
67.85
 20
26.27
 30
3.6000000000000005
 10
68.13
 20
26.27
 30
3.6000000000000005
 10
68.13
 20
26.470000000000002
 30
3.6000000000000005
 10
67.85
 20
26.470000000000002
 30
3.6000000000000005
 10
67.85
 20
26.27
 30
3.62
 10
68.13
 20
26.27
 30
3.62
 10
68.13
 20
26.470000000000002
 30
3.62
 10
67.85
 20
26.470000000000002
 30
3.62
 93
30
 90
4
 90
0
 90
3
 90
2
 90
1
 90
4
 90
1
 90
2
 90
6
 90
5
 90
4
 90
3
 90
7
 90
6
 90
2
 90
4
 90
0
 90
4
 90
7
 90
3
 90
4
 90
0
 90
1
 90
5
 90
4
 90
4
 90
4
 90
5
 90
6
 90
7
 94
0
 95
0
 90
0
  0
MESH
  5
E0
330
17
100
AcDbEntity
  8
3D-BASE
100
AcDbSubDMesh
 71
2
 72
0
 91
0
 92
8
 10
67.71499999999999
 20
25.970000000000002
 30
0.025
 10
68.265
 20
25.970000000000002
 30
0.025
 10
68.265
 20
26.77
 30
0.025
 10
67.71499999999999
 20
26.77
 30
0.025
 10
67.71499999999999
 20
25.970000000000002
 30
0.055
 10
68.265
 20
25.970000000000002
 30
0.055
 10
68.265
 20
26.77
 30
0.055
 10
67.71499999999999
 20
26.77
 30
0.055
 93
30
 90
4
 90
0
 90
3
 90
2
 90
1
 90
4
 90
1
 90
2
 90
6
 90
5
 90
4
 90
3
 90
7
 90
6
 90
2
 90
4
 90
0
 90
4
 90
7
 90
3
 90
4
 90
0
 90
1
 90
5
 90
4
 90
4
 90
4
 90
5
 90
6
 90
7
 94
0
 95
0
 90
0
  0
MESH
  5
E1
330
17
100
AcDbEntity
  8
3D-COL
100
AcDbSubDMesh
 71
2
 72
0
 91
0
 92
8
 10
77.70400000000001
 20
24.380000000000003
 30
0.04999999999999982
 10
77.856
 20
24.380000000000003
 30
0.04999999999999982
 10
77.856
 20
24.54
 30
0.04999999999999982
 10
77.70400000000001
 20
24.54
 30
0.04999999999999982
 10
77.70400000000001
 20
24.380000000000003
 30
3.7146
 10
77.856
 20
24.380000000000003
 30
3.7146
 10
77.856
 20
24.54
 30
3.7146
 10
77.70400000000001
 20
24.54
 30
3.7146
 93
30
 90
4
 90
0
 90
3
 90
2
 90
1
 90
4
 90
1
 90
2
 90
6
 90
5
 90
4
 90
3
 90
7
 90
6
 90
2
 90
4
 90
0
 90
4
 90
7
 90
3
 90
4
 90
0
 90
1
 90
5
 90
4
 90
4
 90
4
 90
5
 90
6
 90
7
 94
0
 95
0
 90
0
  0
MESH
  5
E2
330
17
100
AcDbEntity
  8
3D-COL
100
AcDbSubDMesh
 71
2
 72
0
 91
0
 92
8
 10
77.64
 20
24.36
 30
3.7146
 10
77.92
 20
24.36
 30
3.7146
 10
77.92
 20
24.560000000000002
 30
3.7146
 10
77.64
 20
24.560000000000002
 30
3.7146
 10
77.64
 20
24.36
 30
3.7345999999999995
 10
77.92
 20
24.36
 30
3.7345999999999995
 10
77.92
 20
24.560000000000002
 30
3.7345999999999995
 10
77.64
 20
24.560000000000002
 30
3.7345999999999995
 93
30
 90
4
 90
0
 90
3
 90
2
 90
1
 90
4
 90
1
 90
2
 90
6
 90
5
 90
4
 90
3
 90
7
 90
6
 90
2
 90
4
 90
0
 90
4
 90
7
 90
3
 90
4
 90
0
 90
1
 90
5
 90
4
 90
4
 90
4
 90
5
 90
6
 90
7
 94
0
 95
0
 90
0
  0
MESH
  5
E3
330
17
100
AcDbEntity
  8
3D-BASE
100
AcDbSubDMesh
 71
2
 72
0
 91
0
 92
8
 10
77.63
 20
24.26
 30
0.025000000000000005
 10
77.93
 20
24.26
 30
0.025000000000000005
 10
77.93
 20
24.66
 30
0.025000000000000005
 10
77.63
 20
24.66
 30
0.025000000000000005
 10
77.63
 20
24.26
 30
0.05
 10
77.93
 20
24.26
 30
0.05
 10
77.93
 20
24.66
 30
0.05
 10
77.63
 20
24.66
 30
0.05
 93
30
 90
4
 90
0
 90
3
 90
2
 90
1
 90
4
 90
1
 90
2
 90
6
 90
5
 90
4
 90
3
 90
7
 90
6
 90
2
 90
4
 90
0
 90
4
 90
7
 90
3
 90
4
 90
0
 90
1
 90
5
 90
4
 90
4
 90
4
 90
5
 90
6
 90
7
 94
0
 95
0
 90
0
  0
MESH
  5
E4
330
17
100
AcDbEntity
  8
3D-COL
100
AcDbSubDMesh
 71
2
 72
0
 91
0
 92
8
 10
81.81400000000001
 20
24.380000000000003
 30
0.04999999999999982
 10
81.966
 20
24.380000000000003
 30
0.04999999999999982
 10
81.966
 20
24.54
 30
0.04999999999999982
 10
81.81400000000001
 20
24.54
 30
0.04999999999999982
 10
81.81400000000001
 20
24.380000000000003
 30
3.7146
 10
81.966
 20
24.380000000000003
 30
3.7146
 10
81.966
 20
24.54
 30
3.7146
 10
81.81400000000001
 20
24.54
 30
3.7146
 93
30
 90
4
 90
0
 90
3
 90
2
 90
1
 90
4
 90
1
 90
2
 90
6
 90
5
 90
4
 90
3
 90
7
 90
6
 90
2
 90
4
 90
0
 90
4
 90
7
 90
3
 90
4
 90
0
 90
1
 90
5
 90
4
 90
4
 90
4
 90
5
 90
6
 90
7
 94
0
 95
0
 90
0
  0
MESH
  5
E5
330
17
100
AcDbEntity
  8
3D-COL
100
AcDbSubDMesh
 71
2
 72
0
 91
0
 92
8
 10
81.75
 20
24.36
 30
3.7146
 10
82.03
 20
24.36
 30
3.7146
 10
82.03
 20
24.560000000000002
 30
3.7146
 10
81.75
 20
24.560000000000002
 30
3.7146
 10
81.75
 20
24.36
 30
3.7345999999999995
 10
82.03
 20
24.36
 30
3.7345999999999995
 10
82.03
 20
24.560000000000002
 30
3.7345999999999995
 10
81.75
 20
24.560000000000002
 30
3.7345999999999995
 93
30
 90
4
 90
0
 90
3
 90
2
 90
1
 90
4
 90
1
 90
2
 90
6
 90
5
 90
4
 90
3
 90
7
 90
6
 90
2
 90
4
 90
0
 90
4
 90
7
 90
3
 90
4
 90
0
 90
1
 90
5
 90
4
 90
4
 90
4
 90
5
 90
6
 90
7
 94
0
 95
0
 90
0
  0
MESH
  5
E6
330
17
100
AcDbEntity
  8
3D-BASE
100
AcDbSubDMesh
 71
2
 72
0
 91
0
 92
8
 10
81.74
 20
24.26
 30
0.025000000000000005
 10
82.04
 20
24.26
 30
0.025000000000000005
 10
82.04
 20
24.66
 30
0.025000000000000005
 10
81.74
 20
24.66
 30
0.025000000000000005
 10
81.74
 20
24.26
 30
0.05
 10
82.04
 20
24.26
 30
0.05
 10
82.04
 20
24.66
 30
0.05
 10
81.74
 20
24.66
 30
0.05
 93
30
 90
4
 90
0
 90
3
 90
2
 90
1
 90
4
 90
1
 90
2
 90
6
 90
5
 90
4
 90
3
 90
7
 90
6
 90
2
 90
4
 90
0
 90
4
 90
7
 90
3
 90
4
 90
0
 90
1
 90
5
 90
4
 90
4
 90
4
 90
5
 90
6
 90
7
 94
0
 95
0
 90
0
  0
MESH
  5
E7
330
17
100
AcDbEntity
  8
3D-COL
100
AcDbSubDMesh
 71
2
 72
0
 91
0
 92
8
 10
95.51400000000001
 20
24.380000000000003
 30
0.05500000000000016
 10
95.666
 20
24.380000000000003
 30
0.05500000000000016
 10
95.666
 20
24.54
 30
0.05500000000000016
 10
95.51400000000001
 20
24.54
 30
0.05500000000000016
 10
95.51400000000001
 20
24.380000000000003
 30
3.7146
 10
95.666
 20
24.380000000000003
 30
3.7146
 10
95.666
 20
24.54
 30
3.7146
 10
95.51400000000001
 20
24.54
 30
3.7146
 93
30
 90
4
 90
0
 90
3
 90
2
 90
1
 90
4
 90
1
 90
2
 90
6
 90
5
 90
4
 90
3
 90
7
 90
6
 90
2
 90
4
 90
0
 90
4
 90
7
 90
3
 90
4
 90
0
 90
1
 90
5
 90
4
 90
4
 90
4
 90
5
 90
6
 90
7
 94
0
 95
0
 90
0
  0
MESH
  5
E8
330
17
100
AcDbEntity
  8
3D-COL
100
AcDbSubDMesh
 71
2
 72
0
 91
0
 92
8
 10
95.45
 20
24.36
 30
3.7146
 10
95.73
 20
24.36
 30
3.7146
 10
95.73
 20
24.560000000000002
 30
3.7146
 10
95.45
 20
24.560000000000002
 30
3.7146
 10
95.45
 20
24.36
 30
3.7345999999999995
 10
95.73
 20
24.36
 30
3.7345999999999995
 10
95.73
 20
24.560000000000002
 30
3.7345999999999995
 10
95.45
 20
24.560000000000002
 30
3.7345999999999995
 93
30
 90
4
 90
0
 90
3
 90
2
 90
1
 90
4
 90
1
 90
2
 90
6
 90
5
 90
4
 90
3
 90
7
 90
6
 90
2
 90
4
 90
0
 90
4
 90
7
 90
3
 90
4
 90
0
 90
1
 90
5
 90
4
 90
4
 90
4
 90
5
 90
6
 90
7
 94
0
 95
0
 90
0
  0
MESH
  5
E9
330
17
100
AcDbEntity
  8
3D-BASE
100
AcDbSubDMesh
 71
2
 72
0
 91
0
 92
8
 10
95.315
 20
24.060000000000002
 30
0.025
 10
95.86500000000001
 20
24.060000000000002
 30
0.025
 10
95.86500000000001
 20
24.86
 30
0.025
 10
95.315
 20
24.86
 30
0.025
 10
95.315
 20
24.060000000000002
 30
0.055
 10
95.86500000000001
 20
24.060000000000002
 30
0.055
 10
95.86500000000001
 20
24.86
 30
0.055
 10
95.315
 20
24.86
 30
0.055
 93
30
 90
4
 90
0
 90
3
 90
2
 90
1
 90
4
 90
1
 90
2
 90
6
 90
5
 90
4
 90
3
 90
7
 90
6
 90
2
 90
4
 90
0
 90
4
 90
7
 90
3
 90
4
 90
0
 90
1
 90
5
 90
4
 90
4
 90
4
 90
5
 90
6
 90
7
 94
0
 95
0
 90
0
  0
MESH
  5
EA
330
17
100
AcDbEntity
  8
3D-COL
100
AcDbSubDMesh
 71
2
 72
0
 91
0
 92
8
 10
67.914
 20
21.680000000000003
 30
0.05500000000000016
 10
68.06599999999999
 20
21.680000000000003
 30
0.05500000000000016
 10
68.06599999999999
 20
21.84
 30
0.05500000000000016
 10
67.914
 20
21.84
 30
0.05500000000000016
 10
67.914
 20
21.680000000000003
 30
3.8766
 10
68.06599999999999
 20
21.680000000000003
 30
3.8766
 10
68.06599999999999
 20
21.84
 30
3.8766
 10
67.914
 20
21.84
 30
3.8766
 93
30
 90
4
 90
0
 90
3
 90
2
 90
1
 90
4
 90
1
 90
2
 90
6
 90
5
 90
4
 90
3
 90
7
 90
6
 90
2
 90
4
 90
0
 90
4
 90
7
 90
3
 90
4
 90
0
 90
1
 90
5
 90
4
 90
4
 90
4
 90
5
 90
6
 90
7
 94
0
 95
0
 90
0
  0
MESH
  5
EB
330
17
100
AcDbEntity
  8
3D-COL
100
AcDbSubDMesh
 71
2
 72
0
 91
0
 92
8
 10
67.85
 20
21.66
 30
3.8766
 10
68.13
 20
21.66
 30
3.8766
 10
68.13
 20
21.860000000000003
 30
3.8766
 10
67.85
 20
21.860000000000003
 30
3.8766
 10
67.85
 20
21.66
 30
3.8965999999999994
 10
68.13
 20
21.66
 30
3.8965999999999994
 10
68.13
 20
21.860000000000003
 30
3.8965999999999994
 10
67.85
 20
21.860000000000003
 30
3.8965999999999994
 93
30
 90
4
 90
0
 90
3
 90
2
 90
1
 90
4
 90
1
 90
2
 90
6
 90
5
 90
4
 90
3
 90
7
 90
6
 90
2
 90
4
 90
0
 90
4
 90
7
 90
3
 90
4
 90
0
 90
1
 90
5
 90
4
 90
4
 90
4
 90
5
 90
6
 90
7
 94
0
 95
0
 90
0
  0
MESH
  5
EC
330
17
100
AcDbEntity
  8
3D-BASE
100
AcDbSubDMesh
 71
2
 72
0
 91
0
 92
8
 10
67.71499999999999
 20
21.360000000000003
 30
0.025
 10
68.265
 20
21.360000000000003
 30
0.025
 10
68.265
 20
22.16
 30
0.025
 10
67.71499999999999
 20
22.16
 30
0.025
 10
67.71499999999999
 20
21.360000000000003
 30
0.055
 10
68.265
 20
21.360000000000003
 30
0.055
 10
68.265
 20
22.16
 30
0.055
 10
67.71499999999999
 20
22.16
 30
0.055
 93
30
 90
4
 90
0
 90
3
 90
2
 90
1
 90
4
 90
1
 90
2
 90
6
 90
5
 90
4
 90
3
 90
7
 90
6
 90
2
 90
4
 90
0
 90
4
 90
7
 90
3
 90
4
 90
0
 90
1
 90
5
 90
4
 90
4
 90
4
 90
5
 90
6
 90
7
 94
0
 95
0
 90
0
  0
MESH
  5
ED
330
17
100
AcDbEntity
  8
3D-COL
100
AcDbSubDMesh
 71
2
 72
0
 91
0
 92
8
 10
77.70400000000001
 20
21.680000000000003
 30
0.05500000000000016
 10
77.856
 20
21.680000000000003
 30
0.05500000000000016
 10
77.856
 20
21.84
 30
0.05500000000000016
 10
77.70400000000001
 20
21.84
 30
0.05500000000000016
 10
77.70400000000001
 20
21.680000000000003
 30
3.8766
 10
77.856
 20
21.680000000000003
 30
3.8766
 10
77.856
 20
21.84
 30
3.8766
 10
77.70400000000001
 20
21.84
 30
3.8766
 93
30
 90
4
 90
0
 90
3
 90
2
 90
1
 90
4
 90
1
 90
2
 90
6
 90
5
 90
4
 90
3
 90
7
 90
6
 90
2
 90
4
 90
0
 90
4
 90
7
 90
3
 90
4
 90
0
 90
1
 90
5
 90
4
 90
4
 90
4
 90
5
 90
6
 90
7
 94
0
 95
0
 90
0
  0
MESH
  5
EE
330
17
100
AcDbEntity
  8
3D-COL
100
AcDbSubDMesh
 71
2
 72
0
 91
0
 92
8
 10
77.64
 20
21.66
 30
3.8766
 10
77.92
 20
21.66
 30
3.8766
 10
77.92
 20
21.860000000000003
 30
3.8766
 10
77.64
 20
21.860000000000003
 30
3.8766
 10
77.64
 20
21.66
 30
3.8965999999999994
 10
77.92
 20
21.66
 30
3.8965999999999994
 10
77.92
 20
21.860000000000003
 30
3.8965999999999994
 10
77.64
 20
21.860000000000003
 30
3.8965999999999994
 93
30
 90
4
 90
0
 90
3
 90
2
 90
1
 90
4
 90
1
 90
2
 90
6
 90
5
 90
4
 90
3
 90
7
 90
6
 90
2
 90
4
 90
0
 90
4
 90
7
 90
3
 90
4
 90
0
 90
1
 90
5
 90
4
 90
4
 90
4
 90
5
 90
6
 90
7
 94
0
 95
0
 90
0
  0
MESH
  5
EF
330
17
100
AcDbEntity
  8
3D-BASE
100
AcDbSubDMesh
 71
2
 72
0
 91
0
 92
8
 10
77.505
 20
21.360000000000003
 30
0.025
 10
78.055
 20
21.360000000000003
 30
0.025
 10
78.055
 20
22.16
 30
0.025
 10
77.505
 20
22.16
 30
0.025
 10
77.505
 20
21.360000000000003
 30
0.055
 10
78.055
 20
21.360000000000003
 30
0.055
 10
78.055
 20
22.16
 30
0.055
 10
77.505
 20
22.16
 30
0.055
 93
30
 90
4
 90
0
 90
3
 90
2
 90
1
 90
4
 90
1
 90
2
 90
6
 90
5
 90
4
 90
3
 90
7
 90
6
 90
2
 90
4
 90
0
 90
4
 90
7
 90
3
 90
4
 90
0
 90
1
 90
5
 90
4
 90
4
 90
4
 90
5
 90
6
 90
7
 94
0
 95
0
 90
0
  0
MESH
  5
F0
330
17
100
AcDbEntity
  8
3D-COL
100
AcDbSubDMesh
 71
2
 72
0
 91
0
 92
8
 10
81.71000000000001
 20
19.994
 30
0.04999999999999982
 10
81.87
 20
19.994
 30
0.04999999999999982
 10
81.87
 20
20.146
 30
0.04999999999999982
 10
81.71000000000001
 20
20.146
 30
0.04999999999999982
 10
81.71000000000001
 20
19.994
 30
3.9779999999999998
 10
81.87
 20
19.994
 30
3.9779999999999998
 10
81.87
 20
20.146
 30
3.9779999999999998
 10
81.71000000000001
 20
20.146
 30
3.9779999999999998
 93
30
 90
4
 90
0
 90
3
 90
2
 90
1
 90
4
 90
1
 90
2
 90
6
 90
5
 90
4
 90
3
 90
7
 90
6
 90
2
 90
4
 90
0
 90
4
 90
7
 90
3
 90
4
 90
0
 90
1
 90
5
 90
4
 90
4
 90
4
 90
5
 90
6
 90
7
 94
0
 95
0
 90
0
  0
MESH
  5
F1
330
17
100
AcDbEntity
  8
3D-COL
100
AcDbSubDMesh
 71
2
 72
0
 91
0
 92
8
 10
81.69000000000001
 20
19.93
 30
3.9779999999999998
 10
81.89
 20
19.93
 30
3.9779999999999998
 10
81.89
 20
20.21
 30
3.9779999999999998
 10
81.69000000000001
 20
20.21
 30
3.9779999999999998
 10
81.69000000000001
 20
19.93
 30
3.9979999999999993
 10
81.89
 20
19.93
 30
3.9979999999999993
 10
81.89
 20
20.21
 30
3.9979999999999993
 10
81.69000000000001
 20
20.21
 30
3.9979999999999993
 93
30
 90
4
 90
0
 90
3
 90
2
 90
1
 90
4
 90
1
 90
2
 90
6
 90
5
 90
4
 90
3
 90
7
 90
6
 90
2
 90
4
 90
0
 90
4
 90
7
 90
3
 90
4
 90
0
 90
1
 90
5
 90
4
 90
4
 90
4
 90
5
 90
6
 90
7
 94
0
 95
0
 90
0
  0
MESH
  5
F2
330
17
100
AcDbEntity
  8
3D-BASE
100
AcDbSubDMesh
 71
2
 72
0
 91
0
 92
8
 10
81.59
 20
19.92
 30
0.025000000000000005
 10
81.99000000000001
 20
19.92
 30
0.025000000000000005
 10
81.99000000000001
 20
20.22
 30
0.025000000000000005
 10
81.59
 20
20.22
 30
0.025000000000000005
 10
81.59
 20
19.92
 30
0.05
 10
81.99000000000001
 20
19.92
 30
0.05
 10
81.99000000000001
 20
20.22
 30
0.05
 10
81.59
 20
20.22
 30
0.05
 93
30
 90
4
 90
0
 90
3
 90
2
 90
1
 90
4
 90
1
 90
2
 90
6
 90
5
 90
4
 90
3
 90
7
 90
6
 90
2
 90
4
 90
0
 90
4
 90
7
 90
3
 90
4
 90
0
 90
1
 90
5
 90
4
 90
4
 90
4
 90
5
 90
6
 90
7
 94
0
 95
0
 90
0
  0
MESH
  5
F3
330
17
100
AcDbEntity
  8
3D-COL
100
AcDbSubDMesh
 71
2
 72
0
 91
0
 92
8
 10
88.8
 20
19.994
 30
0.05499999999999994
 10
88.96
 20
19.994
 30
0.05499999999999994
 10
88.96
 20
20.146
 30
0.05499999999999994
 10
88.8
 20
20.146
 30
0.05499999999999994
 10
88.8
 20
19.994
 30
3.9779999999999998
 10
88.96
 20
19.994
 30
3.9779999999999998
 10
88.96
 20
20.146
 30
3.9779999999999998
 10
88.8
 20
20.146
 30
3.9779999999999998
 93
30
 90
4
 90
0
 90
3
 90
2
 90
1
 90
4
 90
1
 90
2
 90
6
 90
5
 90
4
 90
3
 90
7
 90
6
 90
2
 90
4
 90
0
 90
4
 90
7
 90
3
 90
4
 90
0
 90
1
 90
5
 90
4
 90
4
 90
4
 90
5
 90
6
 90
7
 94
0
 95
0
 90
0
  0
MESH
  5
F4
330
17
100
AcDbEntity
  8
3D-COL
100
AcDbSubDMesh
 71
2
 72
0
 91
0
 92
8
 10
88.78
 20
19.93
 30
3.9779999999999998
 10
88.97999999999999
 20
19.93
 30
3.9779999999999998
 10
88.97999999999999
 20
20.21
 30
3.9779999999999998
 10
88.78
 20
20.21
 30
3.9779999999999998
 10
88.78
 20
19.93
 30
3.9979999999999993
 10
88.97999999999999
 20
19.93
 30
3.9979999999999993
 10
88.97999999999999
 20
20.21
 30
3.9979999999999993
 10
88.78
 20
20.21
 30
3.9979999999999993
 93
30
 90
4
 90
0
 90
3
 90
2
 90
1
 90
4
 90
1
 90
2
 90
6
 90
5
 90
4
 90
3
 90
7
 90
6
 90
2
 90
4
 90
0
 90
4
 90
7
 90
3
 90
4
 90
0
 90
1
 90
5
 90
4
 90
4
 90
4
 90
5
 90
6
 90
7
 94
0
 95
0
 90
0
  0
MESH
  5
F5
330
17
100
AcDbEntity
  8
3D-BASE
100
AcDbSubDMesh
 71
2
 72
0
 91
0
 92
8
 10
88.47999999999999
 20
19.795
 30
0.025
 10
89.28
 20
19.795
 30
0.025
 10
89.28
 20
20.345
 30
0.025
 10
88.47999999999999
 20
20.345
 30
0.025
 10
88.47999999999999
 20
19.795
 30
0.055
 10
89.28
 20
19.795
 30
0.055
 10
89.28
 20
20.345
 30
0.055
 10
88.47999999999999
 20
20.345
 30
0.055
 93
30
 90
4
 90
0
 90
3
 90
2
 90
1
 90
4
 90
1
 90
2
 90
6
 90
5
 90
4
 90
3
 90
7
 90
6
 90
2
 90
4
 90
0
 90
4
 90
7
 90
3
 90
4
 90
0
 90
1
 90
5
 90
4
 90
4
 90
4
 90
5
 90
6
 90
7
 94
0
 95
0
 90
0
  0
MESH
  5
F6
330
17
100
AcDbEntity
  8
3D-COL
100
AcDbSubDMesh
 71
2
 72
0
 91
0
 92
8
 10
95.41
 20
19.994
 30
0.05499999999999994
 10
95.57
 20
19.994
 30
0.05499999999999994
 10
95.57
 20
20.146
 30
0.05499999999999994
 10
95.41
 20
20.146
 30
0.05499999999999994
 10
95.41
 20
19.994
 30
3.9779999999999998
 10
95.57
 20
19.994
 30
3.9779999999999998
 10
95.57
 20
20.146
 30
3.9779999999999998
 10
95.41
 20
20.146
 30
3.9779999999999998
 93
30
 90
4
 90
0
 90
3
 90
2
 90
1
 90
4
 90
1
 90
2
 90
6
 90
5
 90
4
 90
3
 90
7
 90
6
 90
2
 90
4
 90
0
 90
4
 90
7
 90
3
 90
4
 90
0
 90
1
 90
5
 90
4
 90
4
 90
4
 90
5
 90
6
 90
7
 94
0
 95
0
 90
0
  0
MESH
  5
F7
330
17
100
AcDbEntity
  8
3D-COL
100
AcDbSubDMesh
 71
2
 72
0
 91
0
 92
8
 10
95.39
 20
19.93
 30
3.9779999999999998
 10
95.58999999999999
 20
19.93
 30
3.9779999999999998
 10
95.58999999999999
 20
20.21
 30
3.9779999999999998
 10
95.39
 20
20.21
 30
3.9779999999999998
 10
95.39
 20
19.93
 30
3.9979999999999993
 10
95.58999999999999
 20
19.93
 30
3.9979999999999993
 10
95.58999999999999
 20
20.21
 30
3.9979999999999993
 10
95.39
 20
20.21
 30
3.9979999999999993
 93
30
 90
4
 90
0
 90
3
 90
2
 90
1
 90
4
 90
1
 90
2
 90
6
 90
5
 90
4
 90
3
 90
7
 90
6
 90
2
 90
4
 90
0
 90
4
 90
7
 90
3
 90
4
 90
0
 90
1
 90
5
 90
4
 90
4
 90
4
 90
5
 90
6
 90
7
 94
0
 95
0
 90
0
  0
MESH
  5
F8
330
17
100
AcDbEntity
  8
3D-BASE
100
AcDbSubDMesh
 71
2
 72
0
 91
0
 92
8
 10
95.08999999999999
 20
19.795
 30
0.025
 10
95.89
 20
19.795
 30
0.025
 10
95.89
 20
20.345
 30
0.025
 10
95.08999999999999
 20
20.345
 30
0.025
 10
95.08999999999999
 20
19.795
 30
0.055
 10
95.89
 20
19.795
 30
0.055
 10
95.89
 20
20.345
 30
0.055
 10
95.08999999999999
 20
20.345
 30
0.055
 93
30
 90
4
 90
0
 90
3
 90
2
 90
1
 90
4
 90
1
 90
2
 90
6
 90
5
 90
4
 90
3
 90
7
 90
6
 90
2
 90
4
 90
0
 90
4
 90
7
 90
3
 90
4
 90
0
 90
1
 90
5
 90
4
 90
4
 90
4
 90
5
 90
6
 90
7
 94
0
 95
0
 90
0
  0
MESH
  5
F9
330
17
100
AcDbEntity
  8
3D-COL
100
AcDbSubDMesh
 71
2
 72
0
 91
0
 92
8
 10
74.81
 20
15.893999999999998
 30
0.04999999999999982
 10
74.97
 20
15.893999999999998
 30
0.04999999999999982
 10
74.97
 20
16.046
 30
0.04999999999999982
 10
74.81
 20
16.046
 30
0.04999999999999982
 10
74.81
 20
15.893999999999998
 30
4.224
 10
74.97
 20
15.893999999999998
 30
4.224
 10
74.97
 20
16.046
 30
4.224
 10
74.81
 20
16.046
 30
4.224
 93
30
 90
4
 90
0
 90
3
 90
2
 90
1
 90
4
 90
1
 90
2
 90
6
 90
5
 90
4
 90
3
 90
7
 90
6
 90
2
 90
4
 90
0
 90
4
 90
7
 90
3
 90
4
 90
0
 90
1
 90
5
 90
4
 90
4
 90
4
 90
5
 90
6
 90
7
 94
0
 95
0
 90
0
  0
MESH
  5
FA
330
17
100
AcDbEntity
  8
3D-COL
100
AcDbSubDMesh
 71
2
 72
0
 91
0
 92
8
 10
74.79
 20
15.829999999999998
 30
4.224
 10
74.99
 20
15.829999999999998
 30
4.224
 10
74.99
 20
16.11
 30
4.224
 10
74.79
 20
16.11
 30
4.224
 10
74.79
 20
15.829999999999998
 30
4.244
 10
74.99
 20
15.829999999999998
 30
4.244
 10
74.99
 20
16.11
 30
4.244
 10
74.79
 20
16.11
 30
4.244
 93
30
 90
4
 90
0
 90
3
 90
2
 90
1
 90
4
 90
1
 90
2
 90
6
 90
5
 90
4
 90
3
 90
7
 90
6
 90
2
 90
4
 90
0
 90
4
 90
7
 90
3
 90
4
 90
0
 90
1
 90
5
 90
4
 90
4
 90
4
 90
5
 90
6
 90
7
 94
0
 95
0
 90
0
  0
MESH
  5
FB
330
17
100
AcDbEntity
  8
3D-BASE
100
AcDbSubDMesh
 71
2
 72
0
 91
0
 92
8
 10
74.69
 20
15.82
 30
0.025000000000000005
 10
75.09
 20
15.82
 30
0.025000000000000005
 10
75.09
 20
16.12
 30
0.025000000000000005
 10
74.69
 20
16.12
 30
0.025000000000000005
 10
74.69
 20
15.82
 30
0.05
 10
75.09
 20
15.82
 30
0.05
 10
75.09
 20
16.12
 30
0.05
 10
74.69
 20
16.12
 30
0.05
 93
30
 90
4
 90
0
 90
3
 90
2
 90
1
 90
4
 90
1
 90
2
 90
6
 90
5
 90
4
 90
3
 90
7
 90
6
 90
2
 90
4
 90
0
 90
4
 90
7
 90
3
 90
4
 90
0
 90
1
 90
5
 90
4
 90
4
 90
4
 90
5
 90
6
 90
7
 94
0
 95
0
 90
0
  0
MESH
  5
FC
330
17
100
AcDbEntity
  8
3D-COL
100
AcDbSubDMesh
 71
2
 72
0
 91
0
 92
8
 10
67.914
 20
15.79
 30
0.054999999999999716
 10
68.06599999999999
 20
15.79
 30
0.054999999999999716
 10
68.06599999999999
 20
15.95
 30
0.054999999999999716
 10
67.914
 20
15.95
 30
0.054999999999999716
 10
67.914
 20
15.79
 30
4.23
 10
68.06599999999999
 20
15.79
 30
4.23
 10
68.06599999999999
 20
15.95
 30
4.23
 10
67.914
 20
15.95
 30
4.23
 93
30
 90
4
 90
0
 90
3
 90
2
 90
1
 90
4
 90
1
 90
2
 90
6
 90
5
 90
4
 90
3
 90
7
 90
6
 90
2
 90
4
 90
0
 90
4
 90
7
 90
3
 90
4
 90
0
 90
1
 90
5
 90
4
 90
4
 90
4
 90
5
 90
6
 90
7
 94
0
 95
0
 90
0
  0
MESH
  5
FD
330
17
100
AcDbEntity
  8
3D-COL
100
AcDbSubDMesh
 71
2
 72
0
 91
0
 92
8
 10
67.85
 20
15.77
 30
4.23
 10
68.13
 20
15.77
 30
4.23
 10
68.13
 20
15.969999999999999
 30
4.23
 10
67.85
 20
15.969999999999999
 30
4.23
 10
67.85
 20
15.77
 30
4.25
 10
68.13
 20
15.77
 30
4.25
 10
68.13
 20
15.969999999999999
 30
4.25
 10
67.85
 20
15.969999999999999
 30
4.25
 93
30
 90
4
 90
0
 90
3
 90
2
 90
1
 90
4
 90
1
 90
2
 90
6
 90
5
 90
4
 90
3
 90
7
 90
6
 90
2
 90
4
 90
0
 90
4
 90
7
 90
3
 90
4
 90
0
 90
1
 90
5
 90
4
 90
4
 90
4
 90
5
 90
6
 90
7
 94
0
 95
0
 90
0
  0
MESH
  5
FE
330
17
100
AcDbEntity
  8
3D-BASE
100
AcDbSubDMesh
 71
2
 72
0
 91
0
 92
8
 10
67.71499999999999
 20
15.469999999999999
 30
0.025
 10
68.265
 20
15.469999999999999
 30
0.025
 10
68.265
 20
16.27
 30
0.025
 10
67.71499999999999
 20
16.27
 30
0.025
 10
67.71499999999999
 20
15.469999999999999
 30
0.055
 10
68.265
 20
15.469999999999999
 30
0.055
 10
68.265
 20
16.27
 30
0.055
 10
67.71499999999999
 20
16.27
 30
0.055
 93
30
 90
4
 90
0
 90
3
 90
2
 90
1
 90
4
 90
1
 90
2
 90
6
 90
5
 90
4
 90
3
 90
7
 90
6
 90
2
 90
4
 90
0
 90
4
 90
7
 90
3
 90
4
 90
0
 90
1
 90
5
 90
4
 90
4
 90
4
 90
5
 90
6
 90
7
 94
0
 95
0
 90
0
  0
MESH
  5
FF
330
17
100
AcDbEntity
  8
3D-COL
100
AcDbSubDMesh
 71
2
 72
0
 91
0
 92
8
 10
71.914
 20
15.79
 30
0.04999999999999982
 10
72.06599999999999
 20
15.79
 30
0.04999999999999982
 10
72.06599999999999
 20
15.95
 30
0.04999999999999982
 10
71.914
 20
15.95
 30
0.04999999999999982
 10
71.914
 20
15.79
 30
4.23
 10
72.06599999999999
 20
15.79
 30
4.23
 10
72.06599999999999
 20
15.95
 30
4.23
 10
71.914
 20
15.95
 30
4.23
 93
30
 90
4
 90
0
 90
3
 90
2
 90
1
 90
4
 90
1
 90
2
 90
6
 90
5
 90
4
 90
3
 90
7
 90
6
 90
2
 90
4
 90
0
 90
4
 90
7
 90
3
 90
4
 90
0
 90
1
 90
5
 90
4
 90
4
 90
4
 90
5
 90
6
 90
7
 94
0
 95
0
 90
0
  0
MESH
  5
100
330
17
100
AcDbEntity
  8
3D-COL
100
AcDbSubDMesh
 71
2
 72
0
 91
0
 92
8
 10
71.85
 20
15.77
 30
4.23
 10
72.13
 20
15.77
 30
4.23
 10
72.13
 20
15.969999999999999
 30
4.23
 10
71.85
 20
15.969999999999999
 30
4.23
 10
71.85
 20
15.77
 30
4.25
 10
72.13
 20
15.77
 30
4.25
 10
72.13
 20
15.969999999999999
 30
4.25
 10
71.85
 20
15.969999999999999
 30
4.25
 93
30
 90
4
 90
0
 90
3
 90
2
 90
1
 90
4
 90
1
 90
2
 90
6
 90
5
 90
4
 90
3
 90
7
 90
6
 90
2
 90
4
 90
0
 90
4
 90
7
 90
3
 90
4
 90
0
 90
1
 90
5
 90
4
 90
4
 90
4
 90
5
 90
6
 90
7
 94
0
 95
0
 90
0
  0
MESH
  5
101
330
17
100
AcDbEntity
  8
3D-BASE
100
AcDbSubDMesh
 71
2
 72
0
 91
0
 92
8
 10
71.83999999999999
 20
15.670000000000002
 30
0.025000000000000005
 10
72.14
 20
15.670000000000002
 30
0.025000000000000005
 10
72.14
 20
16.07
 30
0.025000000000000005
 10
71.83999999999999
 20
16.07
 30
0.025000000000000005
 10
71.83999999999999
 20
15.670000000000002
 30
0.05
 10
72.14
 20
15.670000000000002
 30
0.05
 10
72.14
 20
16.07
 30
0.05
 10
71.83999999999999
 20
16.07
 30
0.05
 93
30
 90
4
 90
0
 90
3
 90
2
 90
1
 90
4
 90
1
 90
2
 90
6
 90
5
 90
4
 90
3
 90
7
 90
6
 90
2
 90
4
 90
0
 90
4
 90
7
 90
3
 90
4
 90
0
 90
1
 90
5
 90
4
 90
4
 90
4
 90
5
 90
6
 90
7
 94
0
 95
0
 90
0
  0
MESH
  5
102
330
17
100
AcDbEntity
  8
3D-COL
100
AcDbSubDMesh
 71
2
 72
0
 91
0
 92
8
 10
77.70400000000001
 20
15.79
 30
0.054999999999999716
 10
77.856
 20
15.79
 30
0.054999999999999716
 10
77.856
 20
15.95
 30
0.054999999999999716
 10
77.70400000000001
 20
15.95
 30
0.054999999999999716
 10
77.70400000000001
 20
15.79
 30
4.23
 10
77.856
 20
15.79
 30
4.23
 10
77.856
 20
15.95
 30
4.23
 10
77.70400000000001
 20
15.95
 30
4.23
 93
30
 90
4
 90
0
 90
3
 90
2
 90
1
 90
4
 90
1
 90
2
 90
6
 90
5
 90
4
 90
3
 90
7
 90
6
 90
2
 90
4
 90
0
 90
4
 90
7
 90
3
 90
4
 90
0
 90
1
 90
5
 90
4
 90
4
 90
4
 90
5
 90
6
 90
7
 94
0
 95
0
 90
0
  0
MESH
  5
103
330
17
100
AcDbEntity
  8
3D-COL
100
AcDbSubDMesh
 71
2
 72
0
 91
0
 92
8
 10
77.64
 20
15.77
 30
4.23
 10
77.92
 20
15.77
 30
4.23
 10
77.92
 20
15.969999999999999
 30
4.23
 10
77.64
 20
15.969999999999999
 30
4.23
 10
77.64
 20
15.77
 30
4.25
 10
77.92
 20
15.77
 30
4.25
 10
77.92
 20
15.969999999999999
 30
4.25
 10
77.64
 20
15.969999999999999
 30
4.25
 93
30
 90
4
 90
0
 90
3
 90
2
 90
1
 90
4
 90
1
 90
2
 90
6
 90
5
 90
4
 90
3
 90
7
 90
6
 90
2
 90
4
 90
0
 90
4
 90
7
 90
3
 90
4
 90
0
 90
1
 90
5
 90
4
 90
4
 90
4
 90
5
 90
6
 90
7
 94
0
 95
0
 90
0
  0
MESH
  5
104
330
17
100
AcDbEntity
  8
3D-BASE
100
AcDbSubDMesh
 71
2
 72
0
 91
0
 92
8
 10
77.505
 20
15.469999999999999
 30
0.025
 10
78.055
 20
15.469999999999999
 30
0.025
 10
78.055
 20
16.27
 30
0.025
 10
77.505
 20
16.27
 30
0.025
 10
77.505
 20
15.469999999999999
 30
0.055
 10
78.055
 20
15.469999999999999
 30
0.055
 10
78.055
 20
16.27
 30
0.055
 10
77.505
 20
16.27
 30
0.055
 93
30
 90
4
 90
0
 90
3
 90
2
 90
1
 90
4
 90
1
 90
2
 90
6
 90
5
 90
4
 90
3
 90
7
 90
6
 90
2
 90
4
 90
0
 90
4
 90
7
 90
3
 90
4
 90
0
 90
1
 90
5
 90
4
 90
4
 90
4
 90
5
 90
6
 90
7
 94
0
 95
0
 90
0
  0
MESH
  5
105
330
17
100
AcDbEntity
  8
3D-COL
100
AcDbSubDMesh
 71
2
 72
0
 91
0
 92
8
 10
77.53
 20
20.174
 30
0.040000000000000036
 10
77.69
 20
20.174
 30
0.040000000000000036
 10
77.69
 20
20.326
 30
0.040000000000000036
 10
77.53
 20
20.326
 30
0.040000000000000036
 10
77.53
 20
20.174
 30
3.984
 10
77.69
 20
20.174
 30
3.984
 10
77.69
 20
20.326
 30
3.984
 10
77.53
 20
20.326
 30
3.984
 93
30
 90
4
 90
0
 90
3
 90
2
 90
1
 90
4
 90
1
 90
2
 90
6
 90
5
 90
4
 90
3
 90
7
 90
6
 90
2
 90
4
 90
0
 90
4
 90
7
 90
3
 90
4
 90
0
 90
1
 90
5
 90
4
 90
4
 90
4
 90
5
 90
6
 90
7
 94
0
 95
0
 90
0
  0
MESH
  5
106
330
17
100
AcDbEntity
  8
3D-BASE
100
AcDbSubDMesh
 71
2
 72
0
 91
0
 92
8
 10
77.485
 20
20.125
 30
0.025
 10
77.735
 20
20.125
 30
0.025
 10
77.735
 20
20.375
 30
0.025
 10
77.485
 20
20.375
 30
0.025
 10
77.485
 20
20.125
 30
0.04
 10
77.735
 20
20.125
 30
0.04
 10
77.735
 20
20.375
 30
0.04
 10
77.485
 20
20.375
 30
0.04
 93
30
 90
4
 90
0
 90
3
 90
2
 90
1
 90
4
 90
1
 90
2
 90
6
 90
5
 90
4
 90
3
 90
7
 90
6
 90
2
 90
4
 90
0
 90
4
 90
7
 90
3
 90
4
 90
0
 90
1
 90
5
 90
4
 90
4
 90
4
 90
5
 90
6
 90
7
 94
0
 95
0
 90
0
  0
MESH
  5
107
330
17
100
AcDbEntity
  8
3D-PRIM
100
AcDbSubDMesh
 71
2
 72
0
 91
0
 92
8
 10
67.99
 20
35.3
 30
3.0889999999999995
 10
67.99
 20
35.14
 30
3.0889999999999995
 10
67.99
 20
35.14
 30
3.4189999999999996
 10
67.99
 20
35.3
 30
3.4189999999999996
 10
72.09
 20
35.3
 30
3.0889999999999995
 10
72.09
 20
35.14
 30
3.0889999999999995
 10
72.09
 20
35.14
 30
3.4189999999999996
 10
72.09
 20
35.3
 30
3.4189999999999996
 93
30
 90
4
 90
3
 90
2
 90
1
 90
0
 90
4
 90
4
 90
5
 90
6
 90
7
 90
4
 90
0
 90
1
 90
5
 90
4
 90
4
 90
1
 90
2
 90
6
 90
5
 90
4
 90
2
 90
3
 90
7
 90
6
 90
4
 90
3
 90
0
 90
4
 90
7
 94
0
 95
0
 90
0
  0
MESH
  5
108
330
17
100
AcDbEntity
  8
3D-PRIM
100
AcDbSubDMesh
 71
2
 72
0
 91
0
 92
8
 10
72.09
 20
35.3
 30
3.0889999999999995
 10
72.09
 20
35.14
 30
3.0889999999999995
 10
72.09
 20
35.14
 30
3.4189999999999996
 10
72.09
 20
35.3
 30
3.4189999999999996
 10
77.78
 20
35.3
 30
3.0889999999999995
 10
77.78
 20
35.14
 30
3.0889999999999995
 10
77.78
 20
35.14
 30
3.4189999999999996
 10
77.78
 20
35.3
 30
3.4189999999999996
 93
30
 90
4
 90
3
 90
2
 90
1
 90
0
 90
4
 90
4
 90
5
 90
6
 90
7
 90
4
 90
0
 90
1
 90
5
 90
4
 90
4
 90
1
 90
2
 90
6
 90
5
 90
4
 90
2
 90
3
 90
7
 90
6
 90
4
 90
3
 90
0
 90
4
 90
7
 94
0
 95
0
 90
0
  0
MESH
  5
109
330
17
100
AcDbEntity
  8
3D-PRIM
100
AcDbSubDMesh
 71
2
 72
0
 91
0
 92
8
 10
81.85
 20
35.8
 30
3.0589999999999997
 10
81.85
 20
35.64
 30
3.0589999999999997
 10
81.85
 20
35.64
 30
3.389
 10
81.85
 20
35.8
 30
3.389
 10
87.19
 20
35.8
 30
3.0589999999999997
 10
87.19
 20
35.64
 30
3.0589999999999997
 10
87.19
 20
35.64
 30
3.389
 10
87.19
 20
35.8
 30
3.389
 93
30
 90
4
 90
3
 90
2
 90
1
 90
0
 90
4
 90
4
 90
5
 90
6
 90
7
 90
4
 90
0
 90
1
 90
5
 90
4
 90
4
 90
1
 90
2
 90
6
 90
5
 90
4
 90
2
 90
3
 90
7
 90
6
 90
4
 90
3
 90
0
 90
4
 90
7
 94
0
 95
0
 90
0
  0
MESH
  5
10A
330
17
100
AcDbEntity
  8
3D-PRIM
100
AcDbSubDMesh
 71
2
 72
0
 91
0
 92
8
 10
87.19
 20
35.85
 30
3.0559999999999996
 10
87.19
 20
35.690000000000005
 30
3.0559999999999996
 10
87.19
 20
35.690000000000005
 30
3.3859999999999997
 10
87.19
 20
35.85
 30
3.3859999999999997
 10
92.48
 20
35.85
 30
3.0559999999999996
 10
92.48
 20
35.690000000000005
 30
3.0559999999999996
 10
92.48
 20
35.690000000000005
 30
3.3859999999999997
 10
92.48
 20
35.85
 30
3.3859999999999997
 93
30
 90
4
 90
3
 90
2
 90
1
 90
0
 90
4
 90
4
 90
5
 90
6
 90
7
 90
4
 90
0
 90
1
 90
5
 90
4
 90
4
 90
1
 90
2
 90
6
 90
5
 90
4
 90
2
 90
3
 90
7
 90
6
 90
4
 90
3
 90
0
 90
4
 90
7
 94
0
 95
0
 90
0
  0
MESH
  5
10B
330
17
100
AcDbEntity
  8
3D-PRIM
100
AcDbSubDMesh
 71
2
 72
0
 91
0
 92
8
 10
92.48
 20
35.8
 30
3.0589999999999997
 10
92.48
 20
35.64
 30
3.0589999999999997
 10
92.48
 20
35.64
 30
3.389
 10
92.48
 20
35.8
 30
3.389
 10
95.55
 20
35.8
 30
3.0589999999999997
 10
95.55
 20
35.64
 30
3.0589999999999997
 10
95.55
 20
35.64
 30
3.389
 10
95.55
 20
35.8
 30
3.389
 93
30
 90
4
 90
3
 90
2
 90
1
 90
0
 90
4
 90
4
 90
5
 90
6
 90
7
 90
4
 90
0
 90
1
 90
5
 90
4
 90
4
 90
1
 90
2
 90
6
 90
5
 90
4
 90
2
 90
3
 90
7
 90
6
 90
4
 90
3
 90
0
 90
4
 90
7
 94
0
 95
0
 90
0
  0
MESH
  5
10C
330
17
100
AcDbEntity
  8
3D-PRIM
100
AcDbSubDMesh
 71
2
 72
0
 91
0
 92
8
 10
67.99
 20
29.4
 30
3.4429999999999996
 10
67.99
 20
29.240000000000002
 30
3.4429999999999996
 10
67.99
 20
29.240000000000002
 30
3.7729999999999997
 10
67.99
 20
29.4
 30
3.7729999999999997
 10
72.09
 20
29.4
 30
3.4429999999999996
 10
72.09
 20
29.240000000000002
 30
3.4429999999999996
 10
72.09
 20
29.240000000000002
 30
3.7729999999999997
 10
72.09
 20
29.4
 30
3.7729999999999997
 93
30
 90
4
 90
3
 90
2
 90
1
 90
0
 90
4
 90
4
 90
5
 90
6
 90
7
 90
4
 90
0
 90
1
 90
5
 90
4
 90
4
 90
1
 90
2
 90
6
 90
5
 90
4
 90
2
 90
3
 90
7
 90
6
 90
4
 90
3
 90
0
 90
4
 90
7
 94
0
 95
0
 90
0
  0
MESH
  5
10D
330
17
100
AcDbEntity
  8
3D-PRIM
100
AcDbSubDMesh
 71
2
 72
0
 91
0
 92
8
 10
72.09
 20
29.349999999999998
 30
3.4459999999999997
 10
72.09
 20
29.19
 30
3.4459999999999997
 10
72.09
 20
29.19
 30
3.776
 10
72.09
 20
29.349999999999998
 30
3.776
 10
77.78
 20
29.349999999999998
 30
3.4459999999999997
 10
77.78
 20
29.19
 30
3.4459999999999997
 10
77.78
 20
29.19
 30
3.776
 10
77.78
 20
29.349999999999998
 30
3.776
 93
30
 90
4
 90
3
 90
2
 90
1
 90
0
 90
4
 90
4
 90
5
 90
6
 90
7
 90
4
 90
0
 90
1
 90
5
 90
4
 90
4
 90
1
 90
2
 90
6
 90
5
 90
4
 90
2
 90
3
 90
7
 90
6
 90
4
 90
3
 90
0
 90
4
 90
7
 94
0
 95
0
 90
0
  0
MESH
  5
10E
330
17
100
AcDbEntity
  8
3D-PRIM
100
AcDbSubDMesh
 71
2
 72
0
 91
0
 92
8
 10
77.78
 20
29.349999999999998
 30
3.4459999999999997
 10
77.78
 20
29.19
 30
3.4459999999999997
 10
77.78
 20
29.19
 30
3.776
 10
77.78
 20
29.349999999999998
 30
3.776
 10
81.85
 20
29.349999999999998
 30
3.4459999999999997
 10
81.85
 20
29.19
 30
3.4459999999999997
 10
81.85
 20
29.19
 30
3.776
 10
81.85
 20
29.349999999999998
 30
3.776
 93
30
 90
4
 90
3
 90
2
 90
1
 90
0
 90
4
 90
4
 90
5
 90
6
 90
7
 90
4
 90
0
 90
1
 90
5
 90
4
 90
4
 90
1
 90
2
 90
6
 90
5
 90
4
 90
2
 90
3
 90
7
 90
6
 90
4
 90
3
 90
0
 90
4
 90
7
 94
0
 95
0
 90
0
  0
MESH
  5
10F
330
17
100
AcDbEntity
  8
3D-PRIM
100
AcDbSubDMesh
 71
2
 72
0
 91
0
 92
8
 10
81.85
 20
29.349999999999998
 30
3.4459999999999997
 10
81.85
 20
29.19
 30
3.4459999999999997
 10
81.85
 20
29.19
 30
3.776
 10
81.85
 20
29.349999999999998
 30
3.776
 10
87.19
 20
29.349999999999998
 30
3.4459999999999997
 10
87.19
 20
29.19
 30
3.4459999999999997
 10
87.19
 20
29.19
 30
3.776
 10
87.19
 20
29.349999999999998
 30
3.776
 93
30
 90
4
 90
3
 90
2
 90
1
 90
0
 90
4
 90
4
 90
5
 90
6
 90
7
 90
4
 90
0
 90
1
 90
5
 90
4
 90
4
 90
1
 90
2
 90
6
 90
5
 90
4
 90
2
 90
3
 90
7
 90
6
 90
4
 90
3
 90
0
 90
4
 90
7
 94
0
 95
0
 90
0
  0
MESH
  5
110
330
17
100
AcDbEntity
  8
3D-PRIM
100
AcDbSubDMesh
 71
2
 72
0
 91
0
 92
8
 10
87.19
 20
29.349999999999998
 30
3.4459999999999997
 10
87.19
 20
29.19
 30
3.4459999999999997
 10
87.19
 20
29.19
 30
3.776
 10
87.19
 20
29.349999999999998
 30
3.776
 10
92.48
 20
29.349999999999998
 30
3.4459999999999997
 10
92.48
 20
29.19
 30
3.4459999999999997
 10
92.48
 20
29.19
 30
3.776
 10
92.48
 20
29.349999999999998
 30
3.776
 93
30
 90
4
 90
3
 90
2
 90
1
 90
0
 90
4
 90
4
 90
5
 90
6
 90
7
 90
4
 90
0
 90
1
 90
5
 90
4
 90
4
 90
1
 90
2
 90
6
 90
5
 90
4
 90
2
 90
3
 90
7
 90
6
 90
4
 90
3
 90
0
 90
4
 90
7
 94
0
 95
0
 90
0
  0
MESH
  5
111
330
17
100
AcDbEntity
  8
3D-PRIM
100
AcDbSubDMesh
 71
2
 72
0
 91
0
 92
8
 10
92.48
 20
29.349999999999998
 30
3.4459999999999997
 10
92.48
 20
29.19
 30
3.4459999999999997
 10
92.48
 20
29.19
 30
3.776
 10
92.48
 20
29.349999999999998
 30
3.776
 10
95.55
 20
29.349999999999998
 30
3.4459999999999997
 10
95.55
 20
29.19
 30
3.4459999999999997
 10
95.55
 20
29.19
 30
3.776
 10
95.55
 20
29.349999999999998
 30
3.776
 93
30
 90
4
 90
3
 90
2
 90
1
 90
0
 90
4
 90
4
 90
5
 90
6
 90
7
 90
4
 90
0
 90
1
 90
5
 90
4
 90
4
 90
1
 90
2
 90
6
 90
5
 90
4
 90
2
 90
3
 90
7
 90
6
 90
4
 90
3
 90
0
 90
4
 90
7
 94
0
 95
0
 90
0
  0
MESH
  5
112
330
17
100
AcDbEntity
  8
3D-PRIM
100
AcDbSubDMesh
 71
2
 72
0
 91
0
 92
8
 10
77.78
 20
24.54
 30
3.7345999999999995
 10
77.78
 20
24.380000000000003
 30
3.7345999999999995
 10
77.78
 20
24.380000000000003
 30
4.0645999999999995
 10
77.78
 20
24.54
 30
4.0645999999999995
 10
81.85
 20
24.54
 30
3.7345999999999995
 10
81.85
 20
24.380000000000003
 30
3.7345999999999995
 10
81.85
 20
24.380000000000003
 30
4.0645999999999995
 10
81.85
 20
24.54
 30
4.0645999999999995
 93
30
 90
4
 90
3
 90
2
 90
1
 90
0
 90
4
 90
4
 90
5
 90
6
 90
7
 90
4
 90
0
 90
1
 90
5
 90
4
 90
4
 90
1
 90
2
 90
6
 90
5
 90
4
 90
2
 90
3
 90
7
 90
6
 90
4
 90
3
 90
0
 90
4
 90
7
 94
0
 95
0
 90
0
  0
MESH
  5
113
330
17
100
AcDbEntity
  8
3D-RAFT
100
AcDbSubDMesh
 71
2
 72
0
 91
0
 92
8
 10
77.8575
 20
24.149293367820665
 30
3.762999616237983
 10
77.8575
 20
24.014535713682786
 30
3.7710850754862557
 10
77.8575
 20
24.030706632179335
 30
4.040600383762016
 10
77.8575
 20
24.165464286317214
 30
4.032514924513744
 10
81.7725
 20
24.149293367820665
 30
3.762999616237983
 10
81.7725
 20
24.014535713682786
 30
3.7710850754862557
 10
81.7725
 20
24.030706632179335
 30
4.040600383762016
 10
81.7725
 20
24.165464286317214
 30
4.032514924513744
 93
30
 90
4
 90
3
 90
2
 90
1
 90
0
 90
4
 90
4
 90
5
 90
6
 90
7
 90
4
 90
0
 90
1
 90
5
 90
4
 90
4
 90
1
 90
2
 90
6
 90
5
 90
4
 90
2
 90
3
 90
7
 90
6
 90
4
 90
3
 90
0
 90
4
 90
7
 94
0
 95
0
 90
0
  0
MESH
  5
114
330
17
100
AcDbEntity
  8
3D-PRIM
100
AcDbSubDMesh
 71
2
 72
0
 91
0
 92
8
 10
67.99
 20
21.84
 30
3.8965999999999994
 10
67.99
 20
21.680000000000003
 30
3.8965999999999994
 10
67.99
 20
21.680000000000003
 30
4.2265999999999995
 10
67.99
 20
21.84
 30
4.2265999999999995
 10
77.78
 20
21.84
 30
3.8965999999999994
 10
77.78
 20
21.680000000000003
 30
3.8965999999999994
 10
77.78
 20
21.680000000000003
 30
4.2265999999999995
 10
77.78
 20
21.84
 30
4.2265999999999995
 93
30
 90
4
 90
3
 90
2
 90
1
 90
0
 90
4
 90
4
 90
5
 90
6
 90
7
 90
4
 90
0
 90
1
 90
5
 90
4
 90
4
 90
1
 90
2
 90
6
 90
5
 90
4
 90
2
 90
3
 90
7
 90
6
 90
4
 90
3
 90
0
 90
4
 90
7
 94
0
 95
0
 90
0
  0
MESH
  5
115
330
17
100
AcDbEntity
  8
3D-PRIM
100
AcDbSubDMesh
 71
2
 72
0
 91
0
 92
8
 10
77.8575
 20
20.15
 30
3.9979999999999993
 10
77.8575
 20
19.990000000000002
 30
3.9979999999999993
 10
77.8575
 20
19.990000000000002
 30
4.327999999999999
 10
77.8575
 20
20.15
 30
4.327999999999999
 10
81.85
 20
20.15
 30
3.9979999999999993
 10
81.85
 20
19.990000000000002
 30
3.9979999999999993
 10
81.85
 20
19.990000000000002
 30
4.327999999999999
 10
81.85
 20
20.15
 30
4.327999999999999
 93
30
 90
4
 90
3
 90
2
 90
1
 90
0
 90
4
 90
4
 90
5
 90
6
 90
7
 90
4
 90
0
 90
1
 90
5
 90
4
 90
4
 90
1
 90
2
 90
6
 90
5
 90
4
 90
2
 90
3
 90
7
 90
6
 90
4
 90
3
 90
0
 90
4
 90
7
 94
0
 95
0
 90
0
  0
MESH
  5
116
330
17
100
AcDbEntity
  8
3D-PRIM
100
AcDbSubDMesh
 71
2
 72
0
 91
0
 92
8
 10
81.85
 20
20.15
 30
3.9979999999999993
 10
81.85
 20
19.990000000000002
 30
3.9979999999999993
 10
81.85
 20
19.990000000000002
 30
4.327999999999999
 10
81.85
 20
20.15
 30
4.327999999999999
 10
88.88
 20
20.15
 30
3.9979999999999993
 10
88.88
 20
19.990000000000002
 30
3.9979999999999993
 10
88.88
 20
19.990000000000002
 30
4.327999999999999
 10
88.88
 20
20.15
 30
4.327999999999999
 93
30
 90
4
 90
3
 90
2
 90
1
 90
0
 90
4
 90
4
 90
5
 90
6
 90
7
 90
4
 90
0
 90
1
 90
5
 90
4
 90
4
 90
1
 90
2
 90
6
 90
5
 90
4
 90
2
 90
3
 90
7
 90
6
 90
4
 90
3
 90
0
 90
4
 90
7
 94
0
 95
0
 90
0
  0
MESH
  5
117
330
17
100
AcDbEntity
  8
3D-PRIM
100
AcDbSubDMesh
 71
2
 72
0
 91
0
 92
8
 10
88.88
 20
20.15
 30
3.9979999999999993
 10
88.88
 20
19.990000000000002
 30
3.9979999999999993
 10
88.88
 20
19.990000000000002
 30
4.327999999999999
 10
88.88
 20
20.15
 30
4.327999999999999
 10
95.55
 20
20.15
 30
3.9979999999999993
 10
95.55
 20
19.990000000000002
 30
3.9979999999999993
 10
95.55
 20
19.990000000000002
 30
4.327999999999999
 10
95.55
 20
20.15
 30
4.327999999999999
 93
30
 90
4
 90
3
 90
2
 90
1
 90
0
 90
4
 90
4
 90
5
 90
6
 90
7
 90
4
 90
0
 90
1
 90
5
 90
4
 90
4
 90
1
 90
2
 90
6
 90
5
 90
4
 90
2
 90
3
 90
7
 90
6
 90
4
 90
3
 90
0
 90
4
 90
7
 94
0
 95
0
 90
0
  0
MESH
  5
118
330
17
100
AcDbEntity
  8
3D-PRIM
100
AcDbSubDMesh
 71
2
 72
0
 91
0
 92
8
 10
67.99
 20
15.95
 30
4.25
 10
67.99
 20
15.79
 30
4.25
 10
67.99
 20
15.79
 30
4.58
 10
67.99
 20
15.95
 30
4.58
 10
71.99
 20
15.95
 30
4.25
 10
71.99
 20
15.79
 30
4.25
 10
71.99
 20
15.79
 30
4.58
 10
71.99
 20
15.95
 30
4.58
 93
30
 90
4
 90
3
 90
2
 90
1
 90
0
 90
4
 90
4
 90
5
 90
6
 90
7
 90
4
 90
0
 90
1
 90
5
 90
4
 90
4
 90
1
 90
2
 90
6
 90
5
 90
4
 90
2
 90
3
 90
7
 90
6
 90
4
 90
3
 90
0
 90
4
 90
7
 94
0
 95
0
 90
0
  0
MESH
  5
119
330
17
100
AcDbEntity
  8
3D-PRIM
100
AcDbSubDMesh
 71
2
 72
0
 91
0
 92
8
 10
71.99
 20
16.0
 30
4.246999999999999
 10
71.99
 20
15.84
 30
4.246999999999999
 10
71.99
 20
15.84
 30
4.576999999999999
 10
71.99
 20
16.0
 30
4.576999999999999
 10
74.89
 20
16.0
 30
4.246999999999999
 10
74.89
 20
15.84
 30
4.246999999999999
 10
74.89
 20
15.84
 30
4.576999999999999
 10
74.89
 20
16.0
 30
4.576999999999999
 93
30
 90
4
 90
3
 90
2
 90
1
 90
0
 90
4
 90
4
 90
5
 90
6
 90
7
 90
4
 90
0
 90
1
 90
5
 90
4
 90
4
 90
1
 90
2
 90
6
 90
5
 90
4
 90
2
 90
3
 90
7
 90
6
 90
4
 90
3
 90
0
 90
4
 90
7
 94
0
 95
0
 90
0
  0
MESH
  5
11A
330
17
100
AcDbEntity
  8
3D-PRIM
100
AcDbSubDMesh
 71
2
 72
0
 91
0
 92
8
 10
74.89
 20
16.0
 30
4.246999999999999
 10
74.89
 20
15.84
 30
4.246999999999999
 10
74.89
 20
15.84
 30
4.576999999999999
 10
74.89
 20
16.0
 30
4.576999999999999
 10
77.78
 20
16.0
 30
4.246999999999999
 10
77.78
 20
15.84
 30
4.246999999999999
 10
77.78
 20
15.84
 30
4.576999999999999
 10
77.78
 20
16.0
 30
4.576999999999999
 93
30
 90
4
 90
3
 90
2
 90
1
 90
0
 90
4
 90
4
 90
5
 90
6
 90
7
 90
4
 90
0
 90
1
 90
5
 90
4
 90
4
 90
1
 90
2
 90
6
 90
5
 90
4
 90
2
 90
3
 90
7
 90
6
 90
4
 90
3
 90
0
 90
4
 90
7
 94
0
 95
0
 90
0
  0
MESH
  5
11B
330
17
100
AcDbEntity
  8
3D-RAFT
100
AcDbSubDMesh
 71
2
 72
0
 91
0
 92
8
 10
67.9225
 20
15.561914540751728
 30
4.27824234586212
 10
68.05749999999999
 20
15.561914540751728
 30
4.27824234586212
 10
68.05749999999999
 20
15.578085459248273
 30
4.547757654137881
 10
67.9225
 20
15.578085459248273
 30
4.547757654137881
 10
67.9225
 20
15.771914540751727
 30
4.26564234586212
 10
68.05749999999999
 20
15.771914540751727
 30
4.26564234586212
 10
68.05749999999999
 20
15.788085459248272
 30
4.535157654137881
 10
67.9225
 20
15.788085459248272
 30
4.535157654137881
 93
30
 90
4
 90
3
 90
2
 90
1
 90
0
 90
4
 90
4
 90
5
 90
6
 90
7
 90
4
 90
0
 90
1
 90
5
 90
4
 90
4
 90
1
 90
2
 90
6
 90
5
 90
4
 90
2
 90
3
 90
7
 90
6
 90
4
 90
3
 90
0
 90
4
 90
7
 94
0
 95
0
 90
0
  0
MESH
  5
11C
330
17
100
AcDbEntity
  8
3D-RAFT
100
AcDbSubDMesh
 71
2
 72
0
 91
0
 92
8
 10
67.9225
 20
15.951914540751726
 30
4.254842345862119
 10
68.05749999999999
 20
15.951914540751726
 30
4.254842345862119
 10
68.05749999999999
 20
15.968085459248272
 30
4.52435765413788
 10
67.9225
 20
15.968085459248272
 30
4.52435765413788
 10
67.9225
 20
21.661914540751727
 30
3.9122423458621194
 10
68.05749999999999
 20
21.661914540751727
 30
3.9122423458621194
 10
68.05749999999999
 20
21.678085459248276
 30
4.18175765413788
 10
67.9225
 20
21.678085459248276
 30
4.18175765413788
 93
30
 90
4
 90
3
 90
2
 90
1
 90
0
 90
4
 90
4
 90
5
 90
6
 90
7
 90
4
 90
0
 90
1
 90
5
 90
4
 90
4
 90
1
 90
2
 90
6
 90
5
 90
4
 90
2
 90
3
 90
7
 90
6
 90
4
 90
3
 90
0
 90
4
 90
7
 94
0
 95
0
 90
0
  0
MESH
  5
11D
330
17
100
AcDbEntity
  8
3D-RAFT
100
AcDbSubDMesh
 71
2
 72
0
 91
0
 92
8
 10
67.9225
 20
21.841914540751727
 30
3.9014423458621197
 10
68.05749999999999
 20
21.841914540751727
 30
3.9014423458621197
 10
68.05749999999999
 20
21.858085459248276
 30
4.17095765413788
 10
67.9225
 20
21.858085459248276
 30
4.17095765413788
 10
67.9225
 20
29.221914540751726
 30
3.4586423458621196
 10
68.05749999999999
 20
29.221914540751726
 30
3.4586423458621196
 10
68.05749999999999
 20
29.238085459248275
 30
3.7281576541378803
 10
67.9225
 20
29.238085459248275
 30
3.7281576541378803
 93
30
 90
4
 90
3
 90
2
 90
1
 90
0
 90
4
 90
4
 90
5
 90
6
 90
7
 90
4
 90
0
 90
1
 90
5
 90
4
 90
4
 90
1
 90
2
 90
6
 90
5
 90
4
 90
2
 90
3
 90
7
 90
6
 90
4
 90
3
 90
0
 90
4
 90
7
 94
0
 95
0
 90
0
  0
MESH
  5
11E
330
17
100
AcDbEntity
  8
3D-RAFT
100
AcDbSubDMesh
 71
2
 72
0
 91
0
 92
8
 10
67.9225
 20
29.401914540751726
 30
3.44784234586212
 10
68.05749999999999
 20
29.401914540751726
 30
3.44784234586212
 10
68.05749999999999
 20
29.418085459248275
 30
3.7173576541378806
 10
67.9225
 20
29.418085459248275
 30
3.7173576541378806
 10
67.9225
 20
35.121914540751725
 30
3.1046423458621195
 10
68.05749999999999
 20
35.121914540751725
 30
3.1046423458621195
 10
68.05749999999999
 20
35.138085459248266
 30
3.37415765413788
 10
67.9225
 20
35.138085459248266
 30
3.37415765413788
 93
30
 90
4
 90
3
 90
2
 90
1
 90
0
 90
4
 90
4
 90
5
 90
6
 90
7
 90
4
 90
0
 90
1
 90
5
 90
4
 90
4
 90
1
 90
2
 90
6
 90
5
 90
4
 90
2
 90
3
 90
7
 90
6
 90
4
 90
3
 90
0
 90
4
 90
7
 94
0
 95
0
 90
0
  0
MESH
  5
11F
330
17
100
AcDbEntity
  8
3D-RAFT
100
AcDbSubDMesh
 71
2
 72
0
 91
0
 92
8
 10
67.9225
 20
35.301914540751724
 30
3.0938423458621203
 10
68.05749999999999
 20
35.301914540751724
 30
3.0938423458621203
 10
68.05749999999999
 20
35.31808545924828
 30
3.36335765413788
 10
67.9225
 20
35.31808545924828
 30
3.36335765413788
 10
67.9225
 20
35.36191454075172
 30
3.0902423458621198
 10
68.05749999999999
 20
35.36191454075172
 30
3.0902423458621198
 10
68.05749999999999
 20
35.378085459248275
 30
3.3597576541378795
 10
67.9225
 20
35.378085459248275
 30
3.3597576541378795
 93
30
 90
4
 90
3
 90
2
 90
1
 90
0
 90
4
 90
4
 90
5
 90
6
 90
7
 90
4
 90
0
 90
1
 90
5
 90
4
 90
4
 90
1
 90
2
 90
6
 90
5
 90
4
 90
2
 90
3
 90
7
 90
6
 90
4
 90
3
 90
0
 90
4
 90
7
 94
0
 95
0
 90
0
  0
MESH
  5
120
330
17
100
AcDbEntity
  8
3D-RAFT
100
AcDbSubDMesh
 71
2
 72
0
 91
0
 92
8
 10
69.97250000000001
 20
15.561914540751728
 30
4.27824234586212
 10
70.1075
 20
15.561914540751728
 30
4.27824234586212
 10
70.1075
 20
15.578085459248273
 30
4.547757654137881
 10
69.97250000000001
 20
15.578085459248273
 30
4.547757654137881
 10
69.97250000000001
 20
15.771914540751727
 30
4.26564234586212
 10
70.1075
 20
15.771914540751727
 30
4.26564234586212
 10
70.1075
 20
15.788085459248272
 30
4.535157654137881
 10
69.97250000000001
 20
15.788085459248272
 30
4.535157654137881
 93
30
 90
4
 90
3
 90
2
 90
1
 90
0
 90
4
 90
4
 90
5
 90
6
 90
7
 90
4
 90
0
 90
1
 90
5
 90
4
 90
4
 90
1
 90
2
 90
6
 90
5
 90
4
 90
2
 90
3
 90
7
 90
6
 90
4
 90
3
 90
0
 90
4
 90
7
 94
0
 95
0
 90
0
  0
MESH
  5
121
330
17
100
AcDbEntity
  8
3D-RAFT
100
AcDbSubDMesh
 71
2
 72
0
 91
0
 92
8
 10
69.97250000000001
 20
15.951914540751726
 30
4.254842345862119
 10
70.1075
 20
15.951914540751726
 30
4.254842345862119
 10
70.1075
 20
15.968085459248272
 30
4.52435765413788
 10
69.97250000000001
 20
15.968085459248272
 30
4.52435765413788
 10
69.97250000000001
 20
21.661914540751727
 30
3.9122423458621194
 10
70.1075
 20
21.661914540751727
 30
3.9122423458621194
 10
70.1075
 20
21.678085459248276
 30
4.18175765413788
 10
69.97250000000001
 20
21.678085459248276
 30
4.18175765413788
 93
30
 90
4
 90
3
 90
2
 90
1
 90
0
 90
4
 90
4
 90
5
 90
6
 90
7
 90
4
 90
0
 90
1
 90
5
 90
4
 90
4
 90
1
 90
2
 90
6
 90
5
 90
4
 90
2
 90
3
 90
7
 90
6
 90
4
 90
3
 90
0
 90
4
 90
7
 94
0
 95
0
 90
0
  0
MESH
  5
122
330
17
100
AcDbEntity
  8
3D-RAFT
100
AcDbSubDMesh
 71
2
 72
0
 91
0
 92
8
 10
69.97250000000001
 20
21.841914540751727
 30
3.9014423458621197
 10
70.1075
 20
21.841914540751727
 30
3.9014423458621197
 10
70.1075
 20
21.858085459248276
 30
4.17095765413788
 10
69.97250000000001
 20
21.858085459248276
 30
4.17095765413788
 10
69.97250000000001
 20
29.221914540751726
 30
3.4586423458621196
 10
70.1075
 20
29.221914540751726
 30
3.4586423458621196
 10
70.1075
 20
29.238085459248275
 30
3.7281576541378803
 10
69.97250000000001
 20
29.238085459248275
 30
3.7281576541378803
 93
30
 90
4
 90
3
 90
2
 90
1
 90
0
 90
4
 90
4
 90
5
 90
6
 90
7
 90
4
 90
0
 90
1
 90
5
 90
4
 90
4
 90
1
 90
2
 90
6
 90
5
 90
4
 90
2
 90
3
 90
7
 90
6
 90
4
 90
3
 90
0
 90
4
 90
7
 94
0
 95
0
 90
0
  0
MESH
  5
123
330
17
100
AcDbEntity
  8
3D-RAFT
100
AcDbSubDMesh
 71
2
 72
0
 91
0
 92
8
 10
69.97250000000001
 20
29.401914540751726
 30
3.44784234586212
 10
70.1075
 20
29.401914540751726
 30
3.44784234586212
 10
70.1075
 20
29.418085459248275
 30
3.7173576541378806
 10
69.97250000000001
 20
29.418085459248275
 30
3.7173576541378806
 10
69.97250000000001
 20
35.121914540751725
 30
3.1046423458621195
 10
70.1075
 20
35.121914540751725
 30
3.1046423458621195
 10
70.1075
 20
35.138085459248266
 30
3.37415765413788
 10
69.97250000000001
 20
35.138085459248266
 30
3.37415765413788
 93
30
 90
4
 90
3
 90
2
 90
1
 90
0
 90
4
 90
4
 90
5
 90
6
 90
7
 90
4
 90
0
 90
1
 90
5
 90
4
 90
4
 90
1
 90
2
 90
6
 90
5
 90
4
 90
2
 90
3
 90
7
 90
6
 90
4
 90
3
 90
0
 90
4
 90
7
 94
0
 95
0
 90
0
  0
MESH
  5
124
330
17
100
AcDbEntity
  8
3D-RAFT
100
AcDbSubDMesh
 71
2
 72
0
 91
0
 92
8
 10
69.97250000000001
 20
35.301914540751724
 30
3.0938423458621203
 10
70.1075
 20
35.301914540751724
 30
3.0938423458621203
 10
70.1075
 20
35.31808545924828
 30
3.36335765413788
 10
69.97250000000001
 20
35.31808545924828
 30
3.36335765413788
 10
69.97250000000001
 20
35.36191454075172
 30
3.0902423458621198
 10
70.1075
 20
35.36191454075172
 30
3.0902423458621198
 10
70.1075
 20
35.378085459248275
 30
3.3597576541378795
 10
69.97250000000001
 20
35.378085459248275
 30
3.3597576541378795
 93
30
 90
4
 90
3
 90
2
 90
1
 90
0
 90
4
 90
4
 90
5
 90
6
 90
7
 90
4
 90
0
 90
1
 90
5
 90
4
 90
4
 90
1
 90
2
 90
6
 90
5
 90
4
 90
2
 90
3
 90
7
 90
6
 90
4
 90
3
 90
0
 90
4
 90
7
 94
0
 95
0
 90
0
  0
MESH
  5
125
330
17
100
AcDbEntity
  8
3D-RAFT
100
AcDbSubDMesh
 71
2
 72
0
 91
0
 92
8
 10
72.02250000000001
 20
15.561914540751728
 30
4.27824234586212
 10
72.1575
 20
15.561914540751728
 30
4.27824234586212
 10
72.1575
 20
15.578085459248273
 30
4.547757654137881
 10
72.02250000000001
 20
15.578085459248273
 30
4.547757654137881
 10
72.02250000000001
 20
15.821914540751727
 30
4.26264234586212
 10
72.1575
 20
15.821914540751727
 30
4.26264234586212
 10
72.1575
 20
15.838085459248273
 30
4.5321576541378805
 10
72.02250000000001
 20
15.838085459248273
 30
4.5321576541378805
 93
30
 90
4
 90
3
 90
2
 90
1
 90
0
 90
4
 90
4
 90
5
 90
6
 90
7
 90
4
 90
0
 90
1
 90
5
 90
4
 90
4
 90
1
 90
2
 90
6
 90
5
 90
4
 90
2
 90
3
 90
7
 90
6
 90
4
 90
3
 90
0
 90
4
 90
7
 94
0
 95
0
 90
0
  0
MESH
  5
126
330
17
100
AcDbEntity
  8
3D-RAFT
100
AcDbSubDMesh
 71
2
 72
0
 91
0
 92
8
 10
72.02250000000001
 20
16.001914540751727
 30
4.251842345862119
 10
72.1575
 20
16.001914540751727
 30
4.251842345862119
 10
72.1575
 20
16.018085459248276
 30
4.52135765413788
 10
72.02250000000001
 20
16.018085459248276
 30
4.52135765413788
 10
72.02250000000001
 20
21.661914540751727
 30
3.9122423458621194
 10
72.1575
 20
21.661914540751727
 30
3.9122423458621194
 10
72.1575
 20
21.678085459248276
 30
4.18175765413788
 10
72.02250000000001
 20
21.678085459248276
 30
4.18175765413788
 93
30
 90
4
 90
3
 90
2
 90
1
 90
0
 90
4
 90
4
 90
5
 90
6
 90
7
 90
4
 90
0
 90
1
 90
5
 90
4
 90
4
 90
1
 90
2
 90
6
 90
5
 90
4
 90
2
 90
3
 90
7
 90
6
 90
4
 90
3
 90
0
 90
4
 90
7
 94
0
 95
0
 90
0
  0
MESH
  5
127
330
17
100
AcDbEntity
  8
3D-RAFT
100
AcDbSubDMesh
 71
2
 72
0
 91
0
 92
8
 10
72.02250000000001
 20
21.841914540751727
 30
3.9014423458621197
 10
72.1575
 20
21.841914540751727
 30
3.9014423458621197
 10
72.1575
 20
21.858085459248276
 30
4.17095765413788
 10
72.02250000000001
 20
21.858085459248276
 30
4.17095765413788
 10
72.02250000000001
 20
29.221914540751726
 30
3.4586423458621196
 10
72.1575
 20
29.221914540751726
 30
3.4586423458621196
 10
72.1575
 20
29.238085459248275
 30
3.7281576541378803
 10
72.02250000000001
 20
29.238085459248275
 30
3.7281576541378803
 93
30
 90
4
 90
3
 90
2
 90
1
 90
0
 90
4
 90
4
 90
5
 90
6
 90
7
 90
4
 90
0
 90
1
 90
5
 90
4
 90
4
 90
1
 90
2
 90
6
 90
5
 90
4
 90
2
 90
3
 90
7
 90
6
 90
4
 90
3
 90
0
 90
4
 90
7
 94
0
 95
0
 90
0
  0
MESH
  5
128
330
17
100
AcDbEntity
  8
3D-RAFT
100
AcDbSubDMesh
 71
2
 72
0
 91
0
 92
8
 10
72.02250000000001
 20
29.401914540751726
 30
3.44784234586212
 10
72.1575
 20
29.401914540751726
 30
3.44784234586212
 10
72.1575
 20
29.418085459248275
 30
3.7173576541378806
 10
72.02250000000001
 20
29.418085459248275
 30
3.7173576541378806
 10
72.02250000000001
 20
35.121914540751725
 30
3.1046423458621195
 10
72.1575
 20
35.121914540751725
 30
3.1046423458621195
 10
72.1575
 20
35.138085459248266
 30
3.37415765413788
 10
72.02250000000001
 20
35.138085459248266
 30
3.37415765413788
 93
30
 90
4
 90
3
 90
2
 90
1
 90
0
 90
4
 90
4
 90
5
 90
6
 90
7
 90
4
 90
0
 90
1
 90
5
 90
4
 90
4
 90
1
 90
2
 90
6
 90
5
 90
4
 90
2
 90
3
 90
7
 90
6
 90
4
 90
3
 90
0
 90
4
 90
7
 94
0
 95
0
 90
0
  0
MESH
  5
129
330
17
100
AcDbEntity
  8
3D-RAFT
100
AcDbSubDMesh
 71
2
 72
0
 91
0
 92
8
 10
72.02250000000001
 20
35.301914540751724
 30
3.0938423458621203
 10
72.1575
 20
35.301914540751724
 30
3.0938423458621203
 10
72.1575
 20
35.31808545924828
 30
3.36335765413788
 10
72.02250000000001
 20
35.31808545924828
 30
3.36335765413788
 10
72.02250000000001
 20
35.36191454075172
 30
3.0902423458621198
 10
72.1575
 20
35.36191454075172
 30
3.0902423458621198
 10
72.1575
 20
35.378085459248275
 30
3.3597576541378795
 10
72.02250000000001
 20
35.378085459248275
 30
3.3597576541378795
 93
30
 90
4
 90
3
 90
2
 90
1
 90
0
 90
4
 90
4
 90
5
 90
6
 90
7
 90
4
 90
0
 90
1
 90
5
 90
4
 90
4
 90
1
 90
2
 90
6
 90
5
 90
4
 90
2
 90
3
 90
7
 90
6
 90
4
 90
3
 90
0
 90
4
 90
7
 94
0
 95
0
 90
0
  0
MESH
  5
12A
330
17
100
AcDbEntity
  8
3D-RAFT
100
AcDbSubDMesh
 71
2
 72
0
 91
0
 92
8
 10
74.83250000000001
 20
15.561914540751728
 30
4.27824234586212
 10
74.9675
 20
15.561914540751728
 30
4.27824234586212
 10
74.9675
 20
15.578085459248273
 30
4.547757654137881
 10
74.83250000000001
 20
15.578085459248273
 30
4.547757654137881
 10
74.83250000000001
 20
15.821914540751727
 30
4.26264234586212
 10
74.9675
 20
15.821914540751727
 30
4.26264234586212
 10
74.9675
 20
15.838085459248273
 30
4.5321576541378805
 10
74.83250000000001
 20
15.838085459248273
 30
4.5321576541378805
 93
30
 90
4
 90
3
 90
2
 90
1
 90
0
 90
4
 90
4
 90
5
 90
6
 90
7
 90
4
 90
0
 90
1
 90
5
 90
4
 90
4
 90
1
 90
2
 90
6
 90
5
 90
4
 90
2
 90
3
 90
7
 90
6
 90
4
 90
3
 90
0
 90
4
 90
7
 94
0
 95
0
 90
0
  0
MESH
  5
12B
330
17
100
AcDbEntity
  8
3D-RAFT
100
AcDbSubDMesh
 71
2
 72
0
 91
0
 92
8
 10
74.83250000000001
 20
16.001914540751727
 30
4.251842345862119
 10
74.9675
 20
16.001914540751727
 30
4.251842345862119
 10
74.9675
 20
16.018085459248276
 30
4.52135765413788
 10
74.83250000000001
 20
16.018085459248276
 30
4.52135765413788
 10
74.83250000000001
 20
21.661914540751727
 30
3.9122423458621194
 10
74.9675
 20
21.661914540751727
 30
3.9122423458621194
 10
74.9675
 20
21.678085459248276
 30
4.18175765413788
 10
74.83250000000001
 20
21.678085459248276
 30
4.18175765413788
 93
30
 90
4
 90
3
 90
2
 90
1
 90
0
 90
4
 90
4
 90
5
 90
6
 90
7
 90
4
 90
0
 90
1
 90
5
 90
4
 90
4
 90
1
 90
2
 90
6
 90
5
 90
4
 90
2
 90
3
 90
7
 90
6
 90
4
 90
3
 90
0
 90
4
 90
7
 94
0
 95
0
 90
0
  0
MESH
  5
12C
330
17
100
AcDbEntity
  8
3D-RAFT
100
AcDbSubDMesh
 71
2
 72
0
 91
0
 92
8
 10
74.83250000000001
 20
21.841914540751727
 30
3.9014423458621197
 10
74.9675
 20
21.841914540751727
 30
3.9014423458621197
 10
74.9675
 20
21.858085459248276
 30
4.17095765413788
 10
74.83250000000001
 20
21.858085459248276
 30
4.17095765413788
 10
74.83250000000001
 20
29.171914540751725
 30
3.4616423458621197
 10
74.9675
 20
29.171914540751725
 30
3.4616423458621197
 10
74.9675
 20
29.188085459248274
 30
3.7311576541378804
 10
74.83250000000001
 20
29.188085459248274
 30
3.7311576541378804
 93
30
 90
4
 90
3
 90
2
 90
1
 90
0
 90
4
 90
4
 90
5
 90
6
 90
7
 90
4
 90
0
 90
1
 90
5
 90
4
 90
4
 90
1
 90
2
 90
6
 90
5
 90
4
 90
2
 90
3
 90
7
 90
6
 90
4
 90
3
 90
0
 90
4
 90
7
 94
0
 95
0
 90
0
  0
MESH
  5
12D
330
17
100
AcDbEntity
  8
3D-RAFT
100
AcDbSubDMesh
 71
2
 72
0
 91
0
 92
8
 10
74.83250000000001
 20
29.351914540751725
 30
3.45084234586212
 10
74.9675
 20
29.351914540751725
 30
3.45084234586212
 10
74.9675
 20
29.368085459248274
 30
3.7203576541378807
 10
74.83250000000001
 20
29.368085459248274
 30
3.7203576541378807
 10
74.83250000000001
 20
35.121914540751725
 30
3.1046423458621195
 10
74.9675
 20
35.121914540751725
 30
3.1046423458621195
 10
74.9675
 20
35.138085459248266
 30
3.37415765413788
 10
74.83250000000001
 20
35.138085459248266
 30
3.37415765413788
 93
30
 90
4
 90
3
 90
2
 90
1
 90
0
 90
4
 90
4
 90
5
 90
6
 90
7
 90
4
 90
0
 90
1
 90
5
 90
4
 90
4
 90
1
 90
2
 90
6
 90
5
 90
4
 90
2
 90
3
 90
7
 90
6
 90
4
 90
3
 90
0
 90
4
 90
7
 94
0
 95
0
 90
0
  0
MESH
  5
12E
330
17
100
AcDbEntity
  8
3D-RAFT
100
AcDbSubDMesh
 71
2
 72
0
 91
0
 92
8
 10
74.83250000000001
 20
35.301914540751724
 30
3.0938423458621203
 10
74.9675
 20
35.301914540751724
 30
3.0938423458621203
 10
74.9675
 20
35.31808545924828
 30
3.36335765413788
 10
74.83250000000001
 20
35.31808545924828
 30
3.36335765413788
 10
74.83250000000001
 20
35.36191454075172
 30
3.0902423458621198
 10
74.9675
 20
35.36191454075172
 30
3.0902423458621198
 10
74.9675
 20
35.378085459248275
 30
3.3597576541378795
 10
74.83250000000001
 20
35.378085459248275
 30
3.3597576541378795
 93
30
 90
4
 90
3
 90
2
 90
1
 90
0
 90
4
 90
4
 90
5
 90
6
 90
7
 90
4
 90
0
 90
1
 90
5
 90
4
 90
4
 90
1
 90
2
 90
6
 90
5
 90
4
 90
2
 90
3
 90
7
 90
6
 90
4
 90
3
 90
0
 90
4
 90
7
 94
0
 95
0
 90
0
  0
MESH
  5
12F
330
17
100
AcDbEntity
  8
3D-RAFT
100
AcDbSubDMesh
 71
2
 72
0
 91
0
 92
8
 10
77.7125
 20
15.561914540751728
 30
4.27824234586212
 10
77.8475
 20
15.561914540751728
 30
4.27824234586212
 10
77.8475
 20
15.578085459248273
 30
4.547757654137881
 10
77.7125
 20
15.578085459248273
 30
4.547757654137881
 10
77.7125
 20
15.821914540751727
 30
4.26264234586212
 10
77.8475
 20
15.821914540751727
 30
4.26264234586212
 10
77.8475
 20
15.838085459248273
 30
4.5321576541378805
 10
77.7125
 20
15.838085459248273
 30
4.5321576541378805
 93
30
 90
4
 90
3
 90
2
 90
1
 90
0
 90
4
 90
4
 90
5
 90
6
 90
7
 90
4
 90
0
 90
1
 90
5
 90
4
 90
4
 90
1
 90
2
 90
6
 90
5
 90
4
 90
2
 90
3
 90
7
 90
6
 90
4
 90
3
 90
0
 90
4
 90
7
 94
0
 95
0
 90
0
  0
MESH
  5
130
330
17
100
AcDbEntity
  8
3D-RAFT
100
AcDbSubDMesh
 71
2
 72
0
 91
0
 92
8
 10
77.7125
 20
16.001914540751727
 30
4.251842345862119
 10
77.8475
 20
16.001914540751727
 30
4.251842345862119
 10
77.8475
 20
16.018085459248276
 30
4.52135765413788
 10
77.7125
 20
16.018085459248276
 30
4.52135765413788
 10
77.7125
 20
21.661914540751727
 30
3.9122423458621194
 10
77.8475
 20
21.661914540751727
 30
3.9122423458621194
 10
77.8475
 20
21.678085459248276
 30
4.18175765413788
 10
77.7125
 20
21.678085459248276
 30
4.18175765413788
 93
30
 90
4
 90
3
 90
2
 90
1
 90
0
 90
4
 90
4
 90
5
 90
6
 90
7
 90
4
 90
0
 90
1
 90
5
 90
4
 90
4
 90
1
 90
2
 90
6
 90
5
 90
4
 90
2
 90
3
 90
7
 90
6
 90
4
 90
3
 90
0
 90
4
 90
7
 94
0
 95
0
 90
0
  0
MESH
  5
131
330
17
100
AcDbEntity
  8
3D-RAFT
100
AcDbSubDMesh
 71
2
 72
0
 91
0
 92
8
 10
77.7125
 20
21.841914540751727
 30
3.9014423458621197
 10
77.8475
 20
21.841914540751727
 30
3.9014423458621197
 10
77.8475
 20
21.858085459248276
 30
4.17095765413788
 10
77.7125
 20
21.858085459248276
 30
4.17095765413788
 10
77.7125
 20
24.361914540751727
 30
3.7502423458621195
 10
77.8475
 20
24.361914540751727
 30
3.7502423458621195
 10
77.8475
 20
24.378085459248275
 30
4.01975765413788
 10
77.7125
 20
24.378085459248275
 30
4.01975765413788
 93
30
 90
4
 90
3
 90
2
 90
1
 90
0
 90
4
 90
4
 90
5
 90
6
 90
7
 90
4
 90
0
 90
1
 90
5
 90
4
 90
4
 90
1
 90
2
 90
6
 90
5
 90
4
 90
2
 90
3
 90
7
 90
6
 90
4
 90
3
 90
0
 90
4
 90
7
 94
0
 95
0
 90
0
  0
MESH
  5
132
330
17
100
AcDbEntity
  8
3D-RAFT
100
AcDbSubDMesh
 71
2
 72
0
 91
0
 92
8
 10
77.7125
 20
24.541914540751726
 30
3.7394423458621198
 10
77.8475
 20
24.541914540751726
 30
3.7394423458621198
 10
77.8475
 20
24.558085459248275
 30
4.00895765413788
 10
77.7125
 20
24.558085459248275
 30
4.00895765413788
 10
77.7125
 20
29.171914540751725
 30
3.4616423458621197
 10
77.8475
 20
29.171914540751725
 30
3.4616423458621197
 10
77.8475
 20
29.188085459248274
 30
3.7311576541378804
 10
77.7125
 20
29.188085459248274
 30
3.7311576541378804
 93
30
 90
4
 90
3
 90
2
 90
1
 90
0
 90
4
 90
4
 90
5
 90
6
 90
7
 90
4
 90
0
 90
1
 90
5
 90
4
 90
4
 90
1
 90
2
 90
6
 90
5
 90
4
 90
2
 90
3
 90
7
 90
6
 90
4
 90
3
 90
0
 90
4
 90
7
 94
0
 95
0
 90
0
  0
MESH
  5
133
330
17
100
AcDbEntity
  8
3D-RAFT
100
AcDbSubDMesh
 71
2
 72
0
 91
0
 92
8
 10
77.7125
 20
29.351914540751725
 30
3.45084234586212
 10
77.8475
 20
29.351914540751725
 30
3.45084234586212
 10
77.8475
 20
29.368085459248274
 30
3.7203576541378807
 10
77.7125
 20
29.368085459248274
 30
3.7203576541378807
 10
77.7125
 20
35.121914540751725
 30
3.1046423458621195
 10
77.8475
 20
35.121914540751725
 30
3.1046423458621195
 10
77.8475
 20
35.138085459248266
 30
3.37415765413788
 10
77.7125
 20
35.138085459248266
 30
3.37415765413788
 93
30
 90
4
 90
3
 90
2
 90
1
 90
0
 90
4
 90
4
 90
5
 90
6
 90
7
 90
4
 90
0
 90
1
 90
5
 90
4
 90
4
 90
1
 90
2
 90
6
 90
5
 90
4
 90
2
 90
3
 90
7
 90
6
 90
4
 90
3
 90
0
 90
4
 90
7
 94
0
 95
0
 90
0
  0
MESH
  5
134
330
17
100
AcDbEntity
  8
3D-RAFT
100
AcDbSubDMesh
 71
2
 72
0
 91
0
 92
8
 10
77.7125
 20
35.301914540751724
 30
3.0938423458621203
 10
77.8475
 20
35.301914540751724
 30
3.0938423458621203
 10
77.8475
 20
35.31808545924828
 30
3.36335765413788
 10
77.7125
 20
35.31808545924828
 30
3.36335765413788
 10
77.7125
 20
35.36191454075172
 30
3.0902423458621198
 10
77.8475
 20
35.36191454075172
 30
3.0902423458621198
 10
77.8475
 20
35.378085459248275
 30
3.3597576541378795
 10
77.7125
 20
35.378085459248275
 30
3.3597576541378795
 93
30
 90
4
 90
3
 90
2
 90
1
 90
0
 90
4
 90
4
 90
5
 90
6
 90
7
 90
4
 90
0
 90
1
 90
5
 90
4
 90
4
 90
1
 90
2
 90
6
 90
5
 90
4
 90
2
 90
3
 90
7
 90
6
 90
4
 90
3
 90
0
 90
4
 90
7
 94
0
 95
0
 90
0
  0
MESH
  5
135
330
17
100
AcDbEntity
  8
3D-RAFT
100
AcDbSubDMesh
 71
2
 72
0
 91
0
 92
8
 10
81.7825
 20
19.961914540751735
 30
4.01424234586212
 10
81.91749999999999
 20
19.961914540751735
 30
4.01424234586212
 10
81.91749999999999
 20
19.978085459248263
 30
4.28375765413788
 10
81.7825
 20
19.978085459248263
 30
4.28375765413788
 10
81.7825
 20
19.971914540751737
 30
4.01364234586212
 10
81.91749999999999
 20
19.971914540751737
 30
4.01364234586212
 10
81.91749999999999
 20
19.988085459248264
 30
4.283157654137881
 10
81.7825
 20
19.988085459248264
 30
4.283157654137881
 93
30
 90
4
 90
3
 90
2
 90
1
 90
0
 90
4
 90
4
 90
5
 90
6
 90
7
 90
4
 90
0
 90
1
 90
5
 90
4
 90
4
 90
1
 90
2
 90
6
 90
5
 90
4
 90
2
 90
3
 90
7
 90
6
 90
4
 90
3
 90
0
 90
4
 90
7
 94
0
 95
0
 90
0
  0
MESH
  5
136
330
17
100
AcDbEntity
  8
3D-RAFT
100
AcDbSubDMesh
 71
2
 72
0
 91
0
 92
8
 10
81.7825
 20
20.151914540751726
 30
4.00284234586212
 10
81.91749999999999
 20
20.151914540751726
 30
4.00284234586212
 10
81.91749999999999
 20
20.168085459248275
 30
4.27235765413788
 10
81.7825
 20
20.168085459248275
 30
4.27235765413788
 10
81.7825
 20
24.361914540751727
 30
3.7502423458621195
 10
81.91749999999999
 20
24.361914540751727
 30
3.7502423458621195
 10
81.91749999999999
 20
24.378085459248275
 30
4.01975765413788
 10
81.7825
 20
24.378085459248275
 30
4.01975765413788
 93
30
 90
4
 90
3
 90
2
 90
1
 90
0
 90
4
 90
4
 90
5
 90
6
 90
7
 90
4
 90
0
 90
1
 90
5
 90
4
 90
4
 90
1
 90
2
 90
6
 90
5
 90
4
 90
2
 90
3
 90
7
 90
6
 90
4
 90
3
 90
0
 90
4
 90
7
 94
0
 95
0
 90
0
  0
MESH
  5
137
330
17
100
AcDbEntity
  8
3D-RAFT
100
AcDbSubDMesh
 71
2
 72
0
 91
0
 92
8
 10
81.7825
 20
24.541914540751726
 30
3.7394423458621198
 10
81.91749999999999
 20
24.541914540751726
 30
3.7394423458621198
 10
81.91749999999999
 20
24.558085459248275
 30
4.00895765413788
 10
81.7825
 20
24.558085459248275
 30
4.00895765413788
 10
81.7825
 20
29.171914540751725
 30
3.4616423458621197
 10
81.91749999999999
 20
29.171914540751725
 30
3.4616423458621197
 10
81.91749999999999
 20
29.188085459248274
 30
3.7311576541378804
 10
81.7825
 20
29.188085459248274
 30
3.7311576541378804
 93
30
 90
4
 90
3
 90
2
 90
1
 90
0
 90
4
 90
4
 90
5
 90
6
 90
7
 90
4
 90
0
 90
1
 90
5
 90
4
 90
4
 90
1
 90
2
 90
6
 90
5
 90
4
 90
2
 90
3
 90
7
 90
6
 90
4
 90
3
 90
0
 90
4
 90
7
 94
0
 95
0
 90
0
  0
MESH
  5
138
330
17
100
AcDbEntity
  8
3D-RAFT
100
AcDbSubDMesh
 71
2
 72
0
 91
0
 92
8
 10
81.7825
 20
29.351914540751725
 30
3.45084234586212
 10
81.91749999999999
 20
29.351914540751725
 30
3.45084234586212
 10
81.91749999999999
 20
29.368085459248274
 30
3.7203576541378807
 10
81.7825
 20
29.368085459248274
 30
3.7203576541378807
 10
81.7825
 20
35.621914540751725
 30
3.07464234586212
 10
81.91749999999999
 20
35.621914540751725
 30
3.07464234586212
 10
81.91749999999999
 20
35.638085459248266
 30
3.344157654137881
 10
81.7825
 20
35.638085459248266
 30
3.344157654137881
 93
30
 90
4
 90
3
 90
2
 90
1
 90
0
 90
4
 90
4
 90
5
 90
6
 90
7
 90
4
 90
0
 90
1
 90
5
 90
4
 90
4
 90
1
 90
2
 90
6
 90
5
 90
4
 90
2
 90
3
 90
7
 90
6
 90
4
 90
3
 90
0
 90
4
 90
7
 94
0
 95
0
 90
0
  0
MESH
  5
139
330
17
100
AcDbEntity
  8
3D-RAFT
100
AcDbSubDMesh
 71
2
 72
0
 91
0
 92
8
 10
81.7825
 20
35.80191454075173
 30
3.0638423458621196
 10
81.91749999999999
 20
35.80191454075173
 30
3.0638423458621196
 10
81.91749999999999
 20
35.81808545924827
 30
3.33335765413788
 10
81.7825
 20
35.81808545924827
 30
3.33335765413788
 10
81.7825
 20
35.86191454075173
 30
3.06024234586212
 10
81.91749999999999
 20
35.86191454075173
 30
3.06024234586212
 10
81.91749999999999
 20
35.87808545924827
 30
3.3297576541378806
 10
81.7825
 20
35.87808545924827
 30
3.3297576541378806
 93
30
 90
4
 90
3
 90
2
 90
1
 90
0
 90
4
 90
4
 90
5
 90
6
 90
7
 90
4
 90
0
 90
1
 90
5
 90
4
 90
4
 90
1
 90
2
 90
6
 90
5
 90
4
 90
2
 90
3
 90
7
 90
6
 90
4
 90
3
 90
0
 90
4
 90
7
 94
0
 95
0
 90
0
  0
MESH
  5
13A
330
17
100
AcDbEntity
  8
3D-RAFT
100
AcDbSubDMesh
 71
2
 72
0
 91
0
 92
8
 10
84.4325
 20
19.961914540751735
 30
4.01424234586212
 10
84.5675
 20
19.961914540751735
 30
4.01424234586212
 10
84.5675
 20
19.978085459248263
 30
4.28375765413788
 10
84.4325
 20
19.978085459248263
 30
4.28375765413788
 10
84.4325
 20
19.971914540751737
 30
4.01364234586212
 10
84.5675
 20
19.971914540751737
 30
4.01364234586212
 10
84.5675
 20
19.988085459248264
 30
4.283157654137881
 10
84.4325
 20
19.988085459248264
 30
4.283157654137881
 93
30
 90
4
 90
3
 90
2
 90
1
 90
0
 90
4
 90
4
 90
5
 90
6
 90
7
 90
4
 90
0
 90
1
 90
5
 90
4
 90
4
 90
1
 90
2
 90
6
 90
5
 90
4
 90
2
 90
3
 90
7
 90
6
 90
4
 90
3
 90
0
 90
4
 90
7
 94
0
 95
0
 90
0
  0
MESH
  5
13B
330
17
100
AcDbEntity
  8
3D-RAFT
100
AcDbSubDMesh
 71
2
 72
0
 91
0
 92
8
 10
84.4325
 20
20.151914540751726
 30
4.00284234586212
 10
84.5675
 20
20.151914540751726
 30
4.00284234586212
 10
84.5675
 20
20.168085459248275
 30
4.27235765413788
 10
84.4325
 20
20.168085459248275
 30
4.27235765413788
 10
84.4325
 20
29.171914540751725
 30
3.4616423458621197
 10
84.5675
 20
29.171914540751725
 30
3.4616423458621197
 10
84.5675
 20
29.188085459248274
 30
3.7311576541378804
 10
84.4325
 20
29.188085459248274
 30
3.7311576541378804
 93
30
 90
4
 90
3
 90
2
 90
1
 90
0
 90
4
 90
4
 90
5
 90
6
 90
7
 90
4
 90
0
 90
1
 90
5
 90
4
 90
4
 90
1
 90
2
 90
6
 90
5
 90
4
 90
2
 90
3
 90
7
 90
6
 90
4
 90
3
 90
0
 90
4
 90
7
 94
0
 95
0
 90
0
  0
MESH
  5
13C
330
17
100
AcDbEntity
  8
3D-RAFT
100
AcDbSubDMesh
 71
2
 72
0
 91
0
 92
8
 10
84.4325
 20
29.351914540751725
 30
3.45084234586212
 10
84.5675
 20
29.351914540751725
 30
3.45084234586212
 10
84.5675
 20
29.368085459248274
 30
3.7203576541378807
 10
84.4325
 20
29.368085459248274
 30
3.7203576541378807
 10
84.4325
 20
35.621914540751725
 30
3.07464234586212
 10
84.5675
 20
35.621914540751725
 30
3.07464234586212
 10
84.5675
 20
35.638085459248266
 30
3.344157654137881
 10
84.4325
 20
35.638085459248266
 30
3.344157654137881
 93
30
 90
4
 90
3
 90
2
 90
1
 90
0
 90
4
 90
4
 90
5
 90
6
 90
7
 90
4
 90
0
 90
1
 90
5
 90
4
 90
4
 90
1
 90
2
 90
6
 90
5
 90
4
 90
2
 90
3
 90
7
 90
6
 90
4
 90
3
 90
0
 90
4
 90
7
 94
0
 95
0
 90
0
  0
MESH
  5
13D
330
17
100
AcDbEntity
  8
3D-RAFT
100
AcDbSubDMesh
 71
2
 72
0
 91
0
 92
8
 10
84.4325
 20
35.80191454075173
 30
3.0638423458621196
 10
84.5675
 20
35.80191454075173
 30
3.0638423458621196
 10
84.5675
 20
35.81808545924827
 30
3.33335765413788
 10
84.4325
 20
35.81808545924827
 30
3.33335765413788
 10
84.4325
 20
35.86191454075173
 30
3.06024234586212
 10
84.5675
 20
35.86191454075173
 30
3.06024234586212
 10
84.5675
 20
35.87808545924827
 30
3.3297576541378806
 10
84.4325
 20
35.87808545924827
 30
3.3297576541378806
 93
30
 90
4
 90
3
 90
2
 90
1
 90
0
 90
4
 90
4
 90
5
 90
6
 90
7
 90
4
 90
0
 90
1
 90
5
 90
4
 90
4
 90
1
 90
2
 90
6
 90
5
 90
4
 90
2
 90
3
 90
7
 90
6
 90
4
 90
3
 90
0
 90
4
 90
7
 94
0
 95
0
 90
0
  0
MESH
  5
13E
330
17
100
AcDbEntity
  8
3D-RAFT
100
AcDbSubDMesh
 71
2
 72
0
 91
0
 92
8
 10
87.1225
 20
19.961914540751735
 30
4.01424234586212
 10
87.2575
 20
19.961914540751735
 30
4.01424234586212
 10
87.2575
 20
19.978085459248263
 30
4.28375765413788
 10
87.1225
 20
19.978085459248263
 30
4.28375765413788
 10
87.1225
 20
19.971914540751737
 30
4.01364234586212
 10
87.2575
 20
19.971914540751737
 30
4.01364234586212
 10
87.2575
 20
19.988085459248264
 30
4.283157654137881
 10
87.1225
 20
19.988085459248264
 30
4.283157654137881
 93
30
 90
4
 90
3
 90
2
 90
1
 90
0
 90
4
 90
4
 90
5
 90
6
 90
7
 90
4
 90
0
 90
1
 90
5
 90
4
 90
4
 90
1
 90
2
 90
6
 90
5
 90
4
 90
2
 90
3
 90
7
 90
6
 90
4
 90
3
 90
0
 90
4
 90
7
 94
0
 95
0
 90
0
  0
MESH
  5
13F
330
17
100
AcDbEntity
  8
3D-RAFT
100
AcDbSubDMesh
 71
2
 72
0
 91
0
 92
8
 10
87.1225
 20
20.151914540751726
 30
4.00284234586212
 10
87.2575
 20
20.151914540751726
 30
4.00284234586212
 10
87.2575
 20
20.168085459248275
 30
4.27235765413788
 10
87.1225
 20
20.168085459248275
 30
4.27235765413788
 10
87.1225
 20
29.171914540751725
 30
3.4616423458621197
 10
87.2575
 20
29.171914540751725
 30
3.4616423458621197
 10
87.2575
 20
29.188085459248274
 30
3.7311576541378804
 10
87.1225
 20
29.188085459248274
 30
3.7311576541378804
 93
30
 90
4
 90
3
 90
2
 90
1
 90
0
 90
4
 90
4
 90
5
 90
6
 90
7
 90
4
 90
0
 90
1
 90
5
 90
4
 90
4
 90
1
 90
2
 90
6
 90
5
 90
4
 90
2
 90
3
 90
7
 90
6
 90
4
 90
3
 90
0
 90
4
 90
7
 94
0
 95
0
 90
0
  0
MESH
  5
140
330
17
100
AcDbEntity
  8
3D-RAFT
100
AcDbSubDMesh
 71
2
 72
0
 91
0
 92
8
 10
87.1225
 20
29.351914540751725
 30
3.45084234586212
 10
87.2575
 20
29.351914540751725
 30
3.45084234586212
 10
87.2575
 20
29.368085459248274
 30
3.7203576541378807
 10
87.1225
 20
29.368085459248274
 30
3.7203576541378807
 10
87.1225
 20
35.621914540751725
 30
3.07464234586212
 10
87.2575
 20
35.621914540751725
 30
3.07464234586212
 10
87.2575
 20
35.638085459248266
 30
3.344157654137881
 10
87.1225
 20
35.638085459248266
 30
3.344157654137881
 93
30
 90
4
 90
3
 90
2
 90
1
 90
0
 90
4
 90
4
 90
5
 90
6
 90
7
 90
4
 90
0
 90
1
 90
5
 90
4
 90
4
 90
1
 90
2
 90
6
 90
5
 90
4
 90
2
 90
3
 90
7
 90
6
 90
4
 90
3
 90
0
 90
4
 90
7
 94
0
 95
0
 90
0
  0
MESH
  5
141
330
17
100
AcDbEntity
  8
3D-RAFT
100
AcDbSubDMesh
 71
2
 72
0
 91
0
 92
8
 10
87.1225
 20
35.80191454075173
 30
3.0638423458621196
 10
87.2575
 20
35.80191454075173
 30
3.0638423458621196
 10
87.2575
 20
35.81808545924827
 30
3.33335765413788
 10
87.1225
 20
35.81808545924827
 30
3.33335765413788
 10
87.1225
 20
35.86191454075173
 30
3.06024234586212
 10
87.2575
 20
35.86191454075173
 30
3.06024234586212
 10
87.2575
 20
35.87808545924827
 30
3.3297576541378806
 10
87.1225
 20
35.87808545924827
 30
3.3297576541378806
 93
30
 90
4
 90
3
 90
2
 90
1
 90
0
 90
4
 90
4
 90
5
 90
6
 90
7
 90
4
 90
0
 90
1
 90
5
 90
4
 90
4
 90
1
 90
2
 90
6
 90
5
 90
4
 90
2
 90
3
 90
7
 90
6
 90
4
 90
3
 90
0
 90
4
 90
7
 94
0
 95
0
 90
0
  0
MESH
  5
142
330
17
100
AcDbEntity
  8
3D-RAFT
100
AcDbSubDMesh
 71
2
 72
0
 91
0
 92
8
 10
89.83250000000001
 20
19.961914540751735
 30
4.01424234586212
 10
89.9675
 20
19.961914540751735
 30
4.01424234586212
 10
89.9675
 20
19.978085459248263
 30
4.28375765413788
 10
89.83250000000001
 20
19.978085459248263
 30
4.28375765413788
 10
89.83250000000001
 20
19.971914540751737
 30
4.01364234586212
 10
89.9675
 20
19.971914540751737
 30
4.01364234586212
 10
89.9675
 20
19.988085459248264
 30
4.283157654137881
 10
89.83250000000001
 20
19.988085459248264
 30
4.283157654137881
 93
30
 90
4
 90
3
 90
2
 90
1
 90
0
 90
4
 90
4
 90
5
 90
6
 90
7
 90
4
 90
0
 90
1
 90
5
 90
4
 90
4
 90
1
 90
2
 90
6
 90
5
 90
4
 90
2
 90
3
 90
7
 90
6
 90
4
 90
3
 90
0
 90
4
 90
7
 94
0
 95
0
 90
0
  0
MESH
  5
143
330
17
100
AcDbEntity
  8
3D-RAFT
100
AcDbSubDMesh
 71
2
 72
0
 91
0
 92
8
 10
89.83250000000001
 20
20.151914540751726
 30
4.00284234586212
 10
89.9675
 20
20.151914540751726
 30
4.00284234586212
 10
89.9675
 20
20.168085459248275
 30
4.27235765413788
 10
89.83250000000001
 20
20.168085459248275
 30
4.27235765413788
 10
89.83250000000001
 20
29.171914540751725
 30
3.4616423458621197
 10
89.9675
 20
29.171914540751725
 30
3.4616423458621197
 10
89.9675
 20
29.188085459248274
 30
3.7311576541378804
 10
89.83250000000001
 20
29.188085459248274
 30
3.7311576541378804
 93
30
 90
4
 90
3
 90
2
 90
1
 90
0
 90
4
 90
4
 90
5
 90
6
 90
7
 90
4
 90
0
 90
1
 90
5
 90
4
 90
4
 90
1
 90
2
 90
6
 90
5
 90
4
 90
2
 90
3
 90
7
 90
6
 90
4
 90
3
 90
0
 90
4
 90
7
 94
0
 95
0
 90
0
  0
MESH
  5
144
330
17
100
AcDbEntity
  8
3D-RAFT
100
AcDbSubDMesh
 71
2
 72
0
 91
0
 92
8
 10
89.83250000000001
 20
29.351914540751725
 30
3.45084234586212
 10
89.9675
 20
29.351914540751725
 30
3.45084234586212
 10
89.9675
 20
29.368085459248274
 30
3.7203576541378807
 10
89.83250000000001
 20
29.368085459248274
 30
3.7203576541378807
 10
89.83250000000001
 20
35.67191454075173
 30
3.07164234586212
 10
89.9675
 20
35.67191454075173
 30
3.07164234586212
 10
89.9675
 20
35.68808545924827
 30
3.3411576541378807
 10
89.83250000000001
 20
35.68808545924827
 30
3.3411576541378807
 93
30
 90
4
 90
3
 90
2
 90
1
 90
0
 90
4
 90
4
 90
5
 90
6
 90
7
 90
4
 90
0
 90
1
 90
5
 90
4
 90
4
 90
1
 90
2
 90
6
 90
5
 90
4
 90
2
 90
3
 90
7
 90
6
 90
4
 90
3
 90
0
 90
4
 90
7
 94
0
 95
0
 90
0
  0
MESH
  5
145
330
17
100
AcDbEntity
  8
3D-RAFT
100
AcDbSubDMesh
 71
2
 72
0
 91
0
 92
8
 10
89.83250000000001
 20
35.851914540751736
 30
3.0608423458621195
 10
89.9675
 20
35.851914540751736
 30
3.0608423458621195
 10
89.9675
 20
35.86808545924828
 30
3.33035765413788
 10
89.83250000000001
 20
35.86808545924828
 30
3.33035765413788
 10
89.83250000000001
 20
35.86191454075173
 30
3.06024234586212
 10
89.9675
 20
35.86191454075173
 30
3.06024234586212
 10
89.9675
 20
35.87808545924827
 30
3.3297576541378806
 10
89.83250000000001
 20
35.87808545924827
 30
3.3297576541378806
 93
30
 90
4
 90
3
 90
2
 90
1
 90
0
 90
4
 90
4
 90
5
 90
6
 90
7
 90
4
 90
0
 90
1
 90
5
 90
4
 90
4
 90
1
 90
2
 90
6
 90
5
 90
4
 90
2
 90
3
 90
7
 90
6
 90
4
 90
3
 90
0
 90
4
 90
7
 94
0
 95
0
 90
0
  0
MESH
  5
146
330
17
100
AcDbEntity
  8
3D-RAFT
100
AcDbSubDMesh
 71
2
 72
0
 91
0
 92
8
 10
92.41250000000001
 20
19.961914540751735
 30
4.01424234586212
 10
92.5475
 20
19.961914540751735
 30
4.01424234586212
 10
92.5475
 20
19.978085459248263
 30
4.28375765413788
 10
92.41250000000001
 20
19.978085459248263
 30
4.28375765413788
 10
92.41250000000001
 20
19.971914540751737
 30
4.01364234586212
 10
92.5475
 20
19.971914540751737
 30
4.01364234586212
 10
92.5475
 20
19.988085459248264
 30
4.283157654137881
 10
92.41250000000001
 20
19.988085459248264
 30
4.283157654137881
 93
30
 90
4
 90
3
 90
2
 90
1
 90
0
 90
4
 90
4
 90
5
 90
6
 90
7
 90
4
 90
0
 90
1
 90
5
 90
4
 90
4
 90
1
 90
2
 90
6
 90
5
 90
4
 90
2
 90
3
 90
7
 90
6
 90
4
 90
3
 90
0
 90
4
 90
7
 94
0
 95
0
 90
0
  0
MESH
  5
147
330
17
100
AcDbEntity
  8
3D-RAFT
100
AcDbSubDMesh
 71
2
 72
0
 91
0
 92
8
 10
92.41250000000001
 20
20.151914540751726
 30
4.00284234586212
 10
92.5475
 20
20.151914540751726
 30
4.00284234586212
 10
92.5475
 20
20.168085459248275
 30
4.27235765413788
 10
92.41250000000001
 20
20.168085459248275
 30
4.27235765413788
 10
92.41250000000001
 20
29.171914540751725
 30
3.4616423458621197
 10
92.5475
 20
29.171914540751725
 30
3.4616423458621197
 10
92.5475
 20
29.188085459248274
 30
3.7311576541378804
 10
92.41250000000001
 20
29.188085459248274
 30
3.7311576541378804
 93
30
 90
4
 90
3
 90
2
 90
1
 90
0
 90
4
 90
4
 90
5
 90
6
 90
7
 90
4
 90
0
 90
1
 90
5
 90
4
 90
4
 90
1
 90
2
 90
6
 90
5
 90
4
 90
2
 90
3
 90
7
 90
6
 90
4
 90
3
 90
0
 90
4
 90
7
 94
0
 95
0
 90
0
  0
MESH
  5
148
330
17
100
AcDbEntity
  8
3D-RAFT
100
AcDbSubDMesh
 71
2
 72
0
 91
0
 92
8
 10
92.41250000000001
 20
29.351914540751725
 30
3.45084234586212
 10
92.5475
 20
29.351914540751725
 30
3.45084234586212
 10
92.5475
 20
29.368085459248274
 30
3.7203576541378807
 10
92.41250000000001
 20
29.368085459248274
 30
3.7203576541378807
 10
92.41250000000001
 20
35.67191454075173
 30
3.07164234586212
 10
92.5475
 20
35.67191454075173
 30
3.07164234586212
 10
92.5475
 20
35.68808545924827
 30
3.3411576541378807
 10
92.41250000000001
 20
35.68808545924827
 30
3.3411576541378807
 93
30
 90
4
 90
3
 90
2
 90
1
 90
0
 90
4
 90
4
 90
5
 90
6
 90
7
 90
4
 90
0
 90
1
 90
5
 90
4
 90
4
 90
1
 90
2
 90
6
 90
5
 90
4
 90
2
 90
3
 90
7
 90
6
 90
4
 90
3
 90
0
 90
4
 90
7
 94
0
 95
0
 90
0
  0
MESH
  5
149
330
17
100
AcDbEntity
  8
3D-RAFT
100
AcDbSubDMesh
 71
2
 72
0
 91
0
 92
8
 10
92.41250000000001
 20
35.851914540751736
 30
3.0608423458621195
 10
92.5475
 20
35.851914540751736
 30
3.0608423458621195
 10
92.5475
 20
35.86808545924828
 30
3.33035765413788
 10
92.41250000000001
 20
35.86808545924828
 30
3.33035765413788
 10
92.41250000000001
 20
35.86191454075173
 30
3.06024234586212
 10
92.5475
 20
35.86191454075173
 30
3.06024234586212
 10
92.5475
 20
35.87808545924827
 30
3.3297576541378806
 10
92.41250000000001
 20
35.87808545924827
 30
3.3297576541378806
 93
30
 90
4
 90
3
 90
2
 90
1
 90
0
 90
4
 90
4
 90
5
 90
6
 90
7
 90
4
 90
0
 90
1
 90
5
 90
4
 90
4
 90
1
 90
2
 90
6
 90
5
 90
4
 90
2
 90
3
 90
7
 90
6
 90
4
 90
3
 90
0
 90
4
 90
7
 94
0
 95
0
 90
0
  0
MESH
  5
14A
330
17
100
AcDbEntity
  8
3D-RAFT
100
AcDbSubDMesh
 71
2
 72
0
 91
0
 92
8
 10
95.4825
 20
19.961914540751735
 30
4.01424234586212
 10
95.61749999999999
 20
19.961914540751735
 30
4.01424234586212
 10
95.61749999999999
 20
19.978085459248263
 30
4.28375765413788
 10
95.4825
 20
19.978085459248263
 30
4.28375765413788
 10
95.4825
 20
19.971914540751737
 30
4.01364234586212
 10
95.61749999999999
 20
19.971914540751737
 30
4.01364234586212
 10
95.61749999999999
 20
19.988085459248264
 30
4.283157654137881
 10
95.4825
 20
19.988085459248264
 30
4.283157654137881
 93
30
 90
4
 90
3
 90
2
 90
1
 90
0
 90
4
 90
4
 90
5
 90
6
 90
7
 90
4
 90
0
 90
1
 90
5
 90
4
 90
4
 90
1
 90
2
 90
6
 90
5
 90
4
 90
2
 90
3
 90
7
 90
6
 90
4
 90
3
 90
0
 90
4
 90
7
 94
0
 95
0
 90
0
  0
MESH
  5
14B
330
17
100
AcDbEntity
  8
3D-RAFT
100
AcDbSubDMesh
 71
2
 72
0
 91
0
 92
8
 10
95.4825
 20
20.151914540751726
 30
4.00284234586212
 10
95.61749999999999
 20
20.151914540751726
 30
4.00284234586212
 10
95.61749999999999
 20
20.168085459248275
 30
4.27235765413788
 10
95.4825
 20
20.168085459248275
 30
4.27235765413788
 10
95.4825
 20
29.171914540751725
 30
3.4616423458621197
 10
95.61749999999999
 20
29.171914540751725
 30
3.4616423458621197
 10
95.61749999999999
 20
29.188085459248274
 30
3.7311576541378804
 10
95.4825
 20
29.188085459248274
 30
3.7311576541378804
 93
30
 90
4
 90
3
 90
2
 90
1
 90
0
 90
4
 90
4
 90
5
 90
6
 90
7
 90
4
 90
0
 90
1
 90
5
 90
4
 90
4
 90
1
 90
2
 90
6
 90
5
 90
4
 90
2
 90
3
 90
7
 90
6
 90
4
 90
3
 90
0
 90
4
 90
7
 94
0
 95
0
 90
0
  0
MESH
  5
14C
330
17
100
AcDbEntity
  8
3D-RAFT
100
AcDbSubDMesh
 71
2
 72
0
 91
0
 92
8
 10
95.4825
 20
29.351914540751725
 30
3.45084234586212
 10
95.61749999999999
 20
29.351914540751725
 30
3.45084234586212
 10
95.61749999999999
 20
29.368085459248274
 30
3.7203576541378807
 10
95.4825
 20
29.368085459248274
 30
3.7203576541378807
 10
95.4825
 20
35.621914540751725
 30
3.07464234586212
 10
95.61749999999999
 20
35.621914540751725
 30
3.07464234586212
 10
95.61749999999999
 20
35.638085459248266
 30
3.344157654137881
 10
95.4825
 20
35.638085459248266
 30
3.344157654137881
 93
30
 90
4
 90
3
 90
2
 90
1
 90
0
 90
4
 90
4
 90
5
 90
6
 90
7
 90
4
 90
0
 90
1
 90
5
 90
4
 90
4
 90
1
 90
2
 90
6
 90
5
 90
4
 90
2
 90
3
 90
7
 90
6
 90
4
 90
3
 90
0
 90
4
 90
7
 94
0
 95
0
 90
0
  0
MESH
  5
14D
330
17
100
AcDbEntity
  8
3D-RAFT
100
AcDbSubDMesh
 71
2
 72
0
 91
0
 92
8
 10
95.4825
 20
35.80191454075173
 30
3.0638423458621196
 10
95.61749999999999
 20
35.80191454075173
 30
3.0638423458621196
 10
95.61749999999999
 20
35.81808545924827
 30
3.33335765413788
 10
95.4825
 20
35.81808545924827
 30
3.33335765413788
 10
95.4825
 20
35.86191454075173
 30
3.06024234586212
 10
95.61749999999999
 20
35.86191454075173
 30
3.06024234586212
 10
95.61749999999999
 20
35.87808545924827
 30
3.3297576541378806
 10
95.4825
 20
35.87808545924827
 30
3.3297576541378806
 93
30
 90
4
 90
3
 90
2
 90
1
 90
0
 90
4
 90
4
 90
5
 90
6
 90
7
 90
4
 90
0
 90
1
 90
5
 90
4
 90
4
 90
1
 90
2
 90
6
 90
5
 90
4
 90
2
 90
3
 90
7
 90
6
 90
4
 90
3
 90
0
 90
4
 90
7
 94
0
 95
0
 90
0
  0
MESH
  5
14E
330
17
100
AcDbEntity
  8
3D-RAFT
100
AcDbSubDMesh
 71
2
 72
0
 91
0
 92
8
 10
89.9775
 20
24.519293367820666
 30
3.7407996162379833
 10
89.9775
 20
24.384535713682787
 30
3.748885075486256
 10
89.9775
 20
24.400706632179336
 30
4.018400383762017
 10
89.9775
 20
24.535464286317215
 30
4.010314924513744
 10
92.4025
 20
24.519293367820666
 30
3.7407996162379833
 10
92.4025
 20
24.384535713682787
 30
3.748885075486256
 10
92.4025
 20
24.400706632179336
 30
4.018400383762017
 10
92.4025
 20
24.535464286317215
 30
4.010314924513744
 93
30
 90
4
 90
3
 90
2
 90
1
 90
0
 90
4
 90
4
 90
5
 90
6
 90
7
 90
4
 90
0
 90
1
 90
5
 90
4
 90
4
 90
1
 90
2
 90
6
 90
5
 90
4
 90
2
 90
3
 90
7
 90
6
 90
4
 90
3
 90
0
 90
4
 90
7
 94
0
 95
0
 90
0
  0
MESH
  5
14F
330
17
100
AcDbEntity
  8
3D-RAFT
100
AcDbSubDMesh
 71
2
 72
0
 91
0
 92
8
 10
92.5575
 20
24.519293367820666
 30
3.7407996162379833
 10
92.5575
 20
24.384535713682787
 30
3.748885075486256
 10
92.5575
 20
24.400706632179336
 30
4.018400383762017
 10
92.5575
 20
24.535464286317215
 30
4.010314924513744
 10
95.4725
 20
24.519293367820666
 30
3.7407996162379833
 10
95.4725
 20
24.384535713682787
 30
3.748885075486256
 10
95.4725
 20
24.400706632179336
 30
4.018400383762017
 10
95.4725
 20
24.535464286317215
 30
4.010314924513744
 93
30
 90
4
 90
3
 90
2
 90
1
 90
0
 90
4
 90
4
 90
5
 90
6
 90
7
 90
4
 90
0
 90
1
 90
5
 90
4
 90
4
 90
1
 90
2
 90
6
 90
5
 90
4
 90
2
 90
3
 90
7
 90
6
 90
4
 90
3
 90
0
 90
4
 90
7
 94
0
 95
0
 90
0
  0
MESH
  5
150
330
17
100
AcDbEntity
  8
3D-RAFT
100
AcDbSubDMesh
 71
2
 72
0
 91
0
 92
8
 10
68.0675
 20
26.429293367820666
 30
3.626199616237983
 10
68.0675
 20
26.294535713682787
 30
3.6342850754862557
 10
68.0675
 20
26.310706632179336
 30
3.9038003837620163
 10
68.0675
 20
26.445464286317215
 30
3.8957149245137437
 10
69.9625
 20
26.429293367820666
 30
3.626199616237983
 10
69.9625
 20
26.294535713682787
 30
3.6342850754862557
 10
69.9625
 20
26.310706632179336
 30
3.9038003837620163
 10
69.9625
 20
26.445464286317215
 30
3.8957149245137437
 93
30
 90
4
 90
3
 90
2
 90
1
 90
0
 90
4
 90
4
 90
5
 90
6
 90
7
 90
4
 90
0
 90
1
 90
5
 90
4
 90
4
 90
1
 90
2
 90
6
 90
5
 90
4
 90
2
 90
3
 90
7
 90
6
 90
4
 90
3
 90
0
 90
4
 90
7
 94
0
 95
0
 90
0
  0
MESH
  5
151
330
17
100
AcDbEntity
  8
3D-RAFT
100
AcDbSubDMesh
 71
2
 72
0
 91
0
 92
8
 10
70.1175
 20
26.429293367820666
 30
3.626199616237983
 10
70.1175
 20
26.294535713682787
 30
3.6342850754862557
 10
70.1175
 20
26.310706632179336
 30
3.9038003837620163
 10
70.1175
 20
26.445464286317215
 30
3.8957149245137437
 10
72.0125
 20
26.429293367820666
 30
3.626199616237983
 10
72.0125
 20
26.294535713682787
 30
3.6342850754862557
 10
72.0125
 20
26.310706632179336
 30
3.9038003837620163
 10
72.0125
 20
26.445464286317215
 30
3.8957149245137437
 93
30
 90
4
 90
3
 90
2
 90
1
 90
0
 90
4
 90
4
 90
5
 90
6
 90
7
 90
4
 90
0
 90
1
 90
5
 90
4
 90
4
 90
1
 90
2
 90
6
 90
5
 90
4
 90
2
 90
3
 90
7
 90
6
 90
4
 90
3
 90
0
 90
4
 90
7
 94
0
 95
0
 90
0
  0
MESH
  5
152
330
17
100
AcDbEntity
  8
3D-PURL
100
AcDbSubDMesh
 71
2
 72
0
 91
0
 92
8
 10
81.85
 20
35.59894794051851
 30
3.346083285277944
 10
81.85
 20
35.5290736013359
 30
3.3502757456289003
 10
81.85
 20
35.541052059481494
 30
3.549916714722056
 10
81.85
 20
35.6109263986641
 30
3.5457242543710996
 10
84.5
 20
35.59894794051851
 30
3.346083285277944
 10
84.5
 20
35.5290736013359
 30
3.3502757456289003
 10
84.5
 20
35.541052059481494
 30
3.549916714722056
 10
84.5
 20
35.6109263986641
 30
3.5457242543710996
 93
30
 90
4
 90
3
 90
2
 90
1
 90
0
 90
4
 90
4
 90
5
 90
6
 90
7
 90
4
 90
0
 90
1
 90
5
 90
4
 90
4
 90
1
 90
2
 90
6
 90
5
 90
4
 90
2
 90
3
 90
7
 90
6
 90
4
 90
3
 90
0
 90
4
 90
7
 94
0
 95
0
 90
0
  0
MESH
  5
153
330
17
100
AcDbEntity
  8
3D-PURL
100
AcDbSubDMesh
 71
2
 72
0
 91
0
 92
8
 10
84.5
 20
35.59894794051851
 30
3.346083285277944
 10
84.5
 20
35.5290736013359
 30
3.3502757456289003
 10
84.5
 20
35.541052059481494
 30
3.549916714722056
 10
84.5
 20
35.6109263986641
 30
3.5457242543710996
 10
87.19
 20
35.59894794051851
 30
3.346083285277944
 10
87.19
 20
35.5290736013359
 30
3.3502757456289003
 10
87.19
 20
35.541052059481494
 30
3.549916714722056
 10
87.19
 20
35.6109263986641
 30
3.5457242543710996
 93
30
 90
4
 90
3
 90
2
 90
1
 90
0
 90
4
 90
4
 90
5
 90
6
 90
7
 90
4
 90
0
 90
1
 90
5
 90
4
 90
4
 90
1
 90
2
 90
6
 90
5
 90
4
 90
2
 90
3
 90
7
 90
6
 90
4
 90
3
 90
0
 90
4
 90
7
 94
0
 95
0
 90
0
  0
MESH
  5
154
330
17
100
AcDbEntity
  8
3D-PURL
100
AcDbSubDMesh
 71
2
 72
0
 91
0
 92
8
 10
87.19
 20
35.59894794051851
 30
3.346083285277944
 10
87.19
 20
35.5290736013359
 30
3.3502757456289003
 10
87.19
 20
35.541052059481494
 30
3.549916714722056
 10
87.19
 20
35.6109263986641
 30
3.5457242543710996
 10
89.9
 20
35.59894794051851
 30
3.346083285277944
 10
89.9
 20
35.5290736013359
 30
3.3502757456289003
 10
89.9
 20
35.541052059481494
 30
3.549916714722056
 10
89.9
 20
35.6109263986641
 30
3.5457242543710996
 93
30
 90
4
 90
3
 90
2
 90
1
 90
0
 90
4
 90
4
 90
5
 90
6
 90
7
 90
4
 90
0
 90
1
 90
5
 90
4
 90
4
 90
1
 90
2
 90
6
 90
5
 90
4
 90
2
 90
3
 90
7
 90
6
 90
4
 90
3
 90
0
 90
4
 90
7
 94
0
 95
0
 90
0
  0
MESH
  5
155
330
17
100
AcDbEntity
  8
3D-PURL
100
AcDbSubDMesh
 71
2
 72
0
 91
0
 92
8
 10
89.9
 20
35.59894794051851
 30
3.346083285277944
 10
89.9
 20
35.5290736013359
 30
3.3502757456289003
 10
89.9
 20
35.541052059481494
 30
3.549916714722056
 10
89.9
 20
35.6109263986641
 30
3.5457242543710996
 10
92.48
 20
35.59894794051851
 30
3.346083285277944
 10
92.48
 20
35.5290736013359
 30
3.3502757456289003
 10
92.48
 20
35.541052059481494
 30
3.549916714722056
 10
92.48
 20
35.6109263986641
 30
3.5457242543710996
 93
30
 90
4
 90
3
 90
2
 90
1
 90
0
 90
4
 90
4
 90
5
 90
6
 90
7
 90
4
 90
0
 90
1
 90
5
 90
4
 90
4
 90
1
 90
2
 90
6
 90
5
 90
4
 90
2
 90
3
 90
7
 90
6
 90
4
 90
3
 90
0
 90
4
 90
7
 94
0
 95
0
 90
0
  0
MESH
  5
156
330
17
100
AcDbEntity
  8
3D-PURL
100
AcDbSubDMesh
 71
2
 72
0
 91
0
 92
8
 10
92.48
 20
35.59894794051851
 30
3.346083285277944
 10
92.48
 20
35.5290736013359
 30
3.3502757456289003
 10
92.48
 20
35.541052059481494
 30
3.549916714722056
 10
92.48
 20
35.6109263986641
 30
3.5457242543710996
 10
95.55
 20
35.59894794051851
 30
3.346083285277944
 10
95.55
 20
35.5290736013359
 30
3.3502757456289003
 10
95.55
 20
35.541052059481494
 30
3.549916714722056
 10
95.55
 20
35.6109263986641
 30
3.5457242543710996
 93
30
 90
4
 90
3
 90
2
 90
1
 90
0
 90
4
 90
4
 90
5
 90
6
 90
7
 90
4
 90
0
 90
1
 90
5
 90
4
 90
4
 90
1
 90
2
 90
6
 90
5
 90
4
 90
2
 90
3
 90
7
 90
6
 90
4
 90
3
 90
0
 90
4
 90
7
 94
0
 95
0
 90
0
  0
MESH
  5
157
330
17
100
AcDbEntity
  8
3D-PURL
100
AcDbSubDMesh
 71
2
 72
0
 91
0
 92
8
 10
67.99
 20
34.09894794051851
 30
3.436083285277944
 10
67.99
 20
34.0290736013359
 30
3.4402757456289
 10
67.99
 20
34.041052059481494
 30
3.6399167147220557
 10
67.99
 20
34.1109263986641
 30
3.6357242543710995
 10
70.04
 20
34.09894794051851
 30
3.436083285277944
 10
70.04
 20
34.0290736013359
 30
3.4402757456289
 10
70.04
 20
34.041052059481494
 30
3.6399167147220557
 10
70.04
 20
34.1109263986641
 30
3.6357242543710995
 93
30
 90
4
 90
3
 90
2
 90
1
 90
0
 90
4
 90
4
 90
5
 90
6
 90
7
 90
4
 90
0
 90
1
 90
5
 90
4
 90
4
 90
1
 90
2
 90
6
 90
5
 90
4
 90
2
 90
3
 90
7
 90
6
 90
4
 90
3
 90
0
 90
4
 90
7
 94
0
 95
0
 90
0
  0
MESH
  5
158
330
17
100
AcDbEntity
  8
3D-PURL
100
AcDbSubDMesh
 71
2
 72
0
 91
0
 92
8
 10
70.04
 20
34.09894794051851
 30
3.436083285277944
 10
70.04
 20
34.0290736013359
 30
3.4402757456289
 10
70.04
 20
34.041052059481494
 30
3.6399167147220557
 10
70.04
 20
34.1109263986641
 30
3.6357242543710995
 10
72.09
 20
34.09894794051851
 30
3.436083285277944
 10
72.09
 20
34.0290736013359
 30
3.4402757456289
 10
72.09
 20
34.041052059481494
 30
3.6399167147220557
 10
72.09
 20
34.1109263986641
 30
3.6357242543710995
 93
30
 90
4
 90
3
 90
2
 90
1
 90
0
 90
4
 90
4
 90
5
 90
6
 90
7
 90
4
 90
0
 90
1
 90
5
 90
4
 90
4
 90
1
 90
2
 90
6
 90
5
 90
4
 90
2
 90
3
 90
7
 90
6
 90
4
 90
3
 90
0
 90
4
 90
7
 94
0
 95
0
 90
0
  0
MESH
  5
159
330
17
100
AcDbEntity
  8
3D-PURL
100
AcDbSubDMesh
 71
2
 72
0
 91
0
 92
8
 10
72.09
 20
34.09894794051851
 30
3.436083285277944
 10
72.09
 20
34.0290736013359
 30
3.4402757456289
 10
72.09
 20
34.041052059481494
 30
3.6399167147220557
 10
72.09
 20
34.1109263986641
 30
3.6357242543710995
 10
74.9
 20
34.09894794051851
 30
3.436083285277944
 10
74.9
 20
34.0290736013359
 30
3.4402757456289
 10
74.9
 20
34.041052059481494
 30
3.6399167147220557
 10
74.9
 20
34.1109263986641
 30
3.6357242543710995
 93
30
 90
4
 90
3
 90
2
 90
1
 90
0
 90
4
 90
4
 90
5
 90
6
 90
7
 90
4
 90
0
 90
1
 90
5
 90
4
 90
4
 90
1
 90
2
 90
6
 90
5
 90
4
 90
2
 90
3
 90
7
 90
6
 90
4
 90
3
 90
0
 90
4
 90
7
 94
0
 95
0
 90
0
  0
MESH
  5
15A
330
17
100
AcDbEntity
  8
3D-PURL
100
AcDbSubDMesh
 71
2
 72
0
 91
0
 92
8
 10
74.9
 20
34.09894794051851
 30
3.436083285277944
 10
74.9
 20
34.0290736013359
 30
3.4402757456289
 10
74.9
 20
34.041052059481494
 30
3.6399167147220557
 10
74.9
 20
34.1109263986641
 30
3.6357242543710995
 10
77.78
 20
34.09894794051851
 30
3.436083285277944
 10
77.78
 20
34.0290736013359
 30
3.4402757456289
 10
77.78
 20
34.041052059481494
 30
3.6399167147220557
 10
77.78
 20
34.1109263986641
 30
3.6357242543710995
 93
30
 90
4
 90
3
 90
2
 90
1
 90
0
 90
4
 90
4
 90
5
 90
6
 90
7
 90
4
 90
0
 90
1
 90
5
 90
4
 90
4
 90
1
 90
2
 90
6
 90
5
 90
4
 90
2
 90
3
 90
7
 90
6
 90
4
 90
3
 90
0
 90
4
 90
7
 94
0
 95
0
 90
0
  0
MESH
  5
15B
330
17
100
AcDbEntity
  8
3D-PURL
100
AcDbSubDMesh
 71
2
 72
0
 91
0
 92
8
 10
81.85
 20
34.09894794051851
 30
3.436083285277944
 10
81.85
 20
34.0290736013359
 30
3.4402757456289
 10
81.85
 20
34.041052059481494
 30
3.6399167147220557
 10
81.85
 20
34.1109263986641
 30
3.6357242543710995
 10
84.5
 20
34.09894794051851
 30
3.436083285277944
 10
84.5
 20
34.0290736013359
 30
3.4402757456289
 10
84.5
 20
34.041052059481494
 30
3.6399167147220557
 10
84.5
 20
34.1109263986641
 30
3.6357242543710995
 93
30
 90
4
 90
3
 90
2
 90
1
 90
0
 90
4
 90
4
 90
5
 90
6
 90
7
 90
4
 90
0
 90
1
 90
5
 90
4
 90
4
 90
1
 90
2
 90
6
 90
5
 90
4
 90
2
 90
3
 90
7
 90
6
 90
4
 90
3
 90
0
 90
4
 90
7
 94
0
 95
0
 90
0
  0
MESH
  5
15C
330
17
100
AcDbEntity
  8
3D-PURL
100
AcDbSubDMesh
 71
2
 72
0
 91
0
 92
8
 10
84.5
 20
34.09894794051851
 30
3.436083285277944
 10
84.5
 20
34.0290736013359
 30
3.4402757456289
 10
84.5
 20
34.041052059481494
 30
3.6399167147220557
 10
84.5
 20
34.1109263986641
 30
3.6357242543710995
 10
87.19
 20
34.09894794051851
 30
3.436083285277944
 10
87.19
 20
34.0290736013359
 30
3.4402757456289
 10
87.19
 20
34.041052059481494
 30
3.6399167147220557
 10
87.19
 20
34.1109263986641
 30
3.6357242543710995
 93
30
 90
4
 90
3
 90
2
 90
1
 90
0
 90
4
 90
4
 90
5
 90
6
 90
7
 90
4
 90
0
 90
1
 90
5
 90
4
 90
4
 90
1
 90
2
 90
6
 90
5
 90
4
 90
2
 90
3
 90
7
 90
6
 90
4
 90
3
 90
0
 90
4
 90
7
 94
0
 95
0
 90
0
  0
MESH
  5
15D
330
17
100
AcDbEntity
  8
3D-PURL
100
AcDbSubDMesh
 71
2
 72
0
 91
0
 92
8
 10
87.19
 20
34.09894794051851
 30
3.436083285277944
 10
87.19
 20
34.0290736013359
 30
3.4402757456289
 10
87.19
 20
34.041052059481494
 30
3.6399167147220557
 10
87.19
 20
34.1109263986641
 30
3.6357242543710995
 10
89.9
 20
34.09894794051851
 30
3.436083285277944
 10
89.9
 20
34.0290736013359
 30
3.4402757456289
 10
89.9
 20
34.041052059481494
 30
3.6399167147220557
 10
89.9
 20
34.1109263986641
 30
3.6357242543710995
 93
30
 90
4
 90
3
 90
2
 90
1
 90
0
 90
4
 90
4
 90
5
 90
6
 90
7
 90
4
 90
0
 90
1
 90
5
 90
4
 90
4
 90
1
 90
2
 90
6
 90
5
 90
4
 90
2
 90
3
 90
7
 90
6
 90
4
 90
3
 90
0
 90
4
 90
7
 94
0
 95
0
 90
0
  0
MESH
  5
15E
330
17
100
AcDbEntity
  8
3D-PURL
100
AcDbSubDMesh
 71
2
 72
0
 91
0
 92
8
 10
89.9
 20
34.09894794051851
 30
3.436083285277944
 10
89.9
 20
34.0290736013359
 30
3.4402757456289
 10
89.9
 20
34.041052059481494
 30
3.6399167147220557
 10
89.9
 20
34.1109263986641
 30
3.6357242543710995
 10
92.48
 20
34.09894794051851
 30
3.436083285277944
 10
92.48
 20
34.0290736013359
 30
3.4402757456289
 10
92.48
 20
34.041052059481494
 30
3.6399167147220557
 10
92.48
 20
34.1109263986641
 30
3.6357242543710995
 93
30
 90
4
 90
3
 90
2
 90
1
 90
0
 90
4
 90
4
 90
5
 90
6
 90
7
 90
4
 90
0
 90
1
 90
5
 90
4
 90
4
 90
1
 90
2
 90
6
 90
5
 90
4
 90
2
 90
3
 90
7
 90
6
 90
4
 90
3
 90
0
 90
4
 90
7
 94
0
 95
0
 90
0
  0
MESH
  5
15F
330
17
100
AcDbEntity
  8
3D-PURL
100
AcDbSubDMesh
 71
2
 72
0
 91
0
 92
8
 10
92.48
 20
34.09894794051851
 30
3.436083285277944
 10
92.48
 20
34.0290736013359
 30
3.4402757456289
 10
92.48
 20
34.041052059481494
 30
3.6399167147220557
 10
92.48
 20
34.1109263986641
 30
3.6357242543710995
 10
95.55
 20
34.09894794051851
 30
3.436083285277944
 10
95.55
 20
34.0290736013359
 30
3.4402757456289
 10
95.55
 20
34.041052059481494
 30
3.6399167147220557
 10
95.55
 20
34.1109263986641
 30
3.6357242543710995
 93
30
 90
4
 90
3
 90
2
 90
1
 90
0
 90
4
 90
4
 90
5
 90
6
 90
7
 90
4
 90
0
 90
1
 90
5
 90
4
 90
4
 90
1
 90
2
 90
6
 90
5
 90
4
 90
2
 90
3
 90
7
 90
6
 90
4
 90
3
 90
0
 90
4
 90
7
 94
0
 95
0
 90
0
  0
MESH
  5
160
330
17
100
AcDbEntity
  8
3D-PURL
100
AcDbSubDMesh
 71
2
 72
0
 91
0
 92
8
 10
67.99
 20
32.59894794051851
 30
3.5260832852779442
 10
67.99
 20
32.5290736013359
 30
3.5302757456289005
 10
67.99
 20
32.541052059481494
 30
3.729916714722056
 10
67.99
 20
32.6109263986641
 30
3.7257242543710998
 10
70.04
 20
32.59894794051851
 30
3.5260832852779442
 10
70.04
 20
32.5290736013359
 30
3.5302757456289005
 10
70.04
 20
32.541052059481494
 30
3.729916714722056
 10
70.04
 20
32.6109263986641
 30
3.7257242543710998
 93
30
 90
4
 90
3
 90
2
 90
1
 90
0
 90
4
 90
4
 90
5
 90
6
 90
7
 90
4
 90
0
 90
1
 90
5
 90
4
 90
4
 90
1
 90
2
 90
6
 90
5
 90
4
 90
2
 90
3
 90
7
 90
6
 90
4
 90
3
 90
0
 90
4
 90
7
 94
0
 95
0
 90
0
  0
MESH
  5
161
330
17
100
AcDbEntity
  8
3D-PURL
100
AcDbSubDMesh
 71
2
 72
0
 91
0
 92
8
 10
70.04
 20
32.59894794051851
 30
3.5260832852779442
 10
70.04
 20
32.5290736013359
 30
3.5302757456289005
 10
70.04
 20
32.541052059481494
 30
3.729916714722056
 10
70.04
 20
32.6109263986641
 30
3.7257242543710998
 10
72.09
 20
32.59894794051851
 30
3.5260832852779442
 10
72.09
 20
32.5290736013359
 30
3.5302757456289005
 10
72.09
 20
32.541052059481494
 30
3.729916714722056
 10
72.09
 20
32.6109263986641
 30
3.7257242543710998
 93
30
 90
4
 90
3
 90
2
 90
1
 90
0
 90
4
 90
4
 90
5
 90
6
 90
7
 90
4
 90
0
 90
1
 90
5
 90
4
 90
4
 90
1
 90
2
 90
6
 90
5
 90
4
 90
2
 90
3
 90
7
 90
6
 90
4
 90
3
 90
0
 90
4
 90
7
 94
0
 95
0
 90
0
  0
MESH
  5
162
330
17
100
AcDbEntity
  8
3D-PURL
100
AcDbSubDMesh
 71
2
 72
0
 91
0
 92
8
 10
72.09
 20
32.59894794051851
 30
3.5260832852779442
 10
72.09
 20
32.5290736013359
 30
3.5302757456289005
 10
72.09
 20
32.541052059481494
 30
3.729916714722056
 10
72.09
 20
32.6109263986641
 30
3.7257242543710998
 10
74.9
 20
32.59894794051851
 30
3.5260832852779442
 10
74.9
 20
32.5290736013359
 30
3.5302757456289005
 10
74.9
 20
32.541052059481494
 30
3.729916714722056
 10
74.9
 20
32.6109263986641
 30
3.7257242543710998
 93
30
 90
4
 90
3
 90
2
 90
1
 90
0
 90
4
 90
4
 90
5
 90
6
 90
7
 90
4
 90
0
 90
1
 90
5
 90
4
 90
4
 90
1
 90
2
 90
6
 90
5
 90
4
 90
2
 90
3
 90
7
 90
6
 90
4
 90
3
 90
0
 90
4
 90
7
 94
0
 95
0
 90
0
  0
MESH
  5
163
330
17
100
AcDbEntity
  8
3D-PURL
100
AcDbSubDMesh
 71
2
 72
0
 91
0
 92
8
 10
74.9
 20
32.59894794051851
 30
3.5260832852779442
 10
74.9
 20
32.5290736013359
 30
3.5302757456289005
 10
74.9
 20
32.541052059481494
 30
3.729916714722056
 10
74.9
 20
32.6109263986641
 30
3.7257242543710998
 10
77.78
 20
32.59894794051851
 30
3.5260832852779442
 10
77.78
 20
32.5290736013359
 30
3.5302757456289005
 10
77.78
 20
32.541052059481494
 30
3.729916714722056
 10
77.78
 20
32.6109263986641
 30
3.7257242543710998
 93
30
 90
4
 90
3
 90
2
 90
1
 90
0
 90
4
 90
4
 90
5
 90
6
 90
7
 90
4
 90
0
 90
1
 90
5
 90
4
 90
4
 90
1
 90
2
 90
6
 90
5
 90
4
 90
2
 90
3
 90
7
 90
6
 90
4
 90
3
 90
0
 90
4
 90
7
 94
0
 95
0
 90
0
  0
MESH
  5
164
330
17
100
AcDbEntity
  8
3D-PURL
100
AcDbSubDMesh
 71
2
 72
0
 91
0
 92
8
 10
81.85
 20
32.59894794051851
 30
3.5260832852779442
 10
81.85
 20
32.5290736013359
 30
3.5302757456289005
 10
81.85
 20
32.541052059481494
 30
3.729916714722056
 10
81.85
 20
32.6109263986641
 30
3.7257242543710998
 10
84.5
 20
32.59894794051851
 30
3.5260832852779442
 10
84.5
 20
32.5290736013359
 30
3.5302757456289005
 10
84.5
 20
32.541052059481494
 30
3.729916714722056
 10
84.5
 20
32.6109263986641
 30
3.7257242543710998
 93
30
 90
4
 90
3
 90
2
 90
1
 90
0
 90
4
 90
4
 90
5
 90
6
 90
7
 90
4
 90
0
 90
1
 90
5
 90
4
 90
4
 90
1
 90
2
 90
6
 90
5
 90
4
 90
2
 90
3
 90
7
 90
6
 90
4
 90
3
 90
0
 90
4
 90
7
 94
0
 95
0
 90
0
  0
MESH
  5
165
330
17
100
AcDbEntity
  8
3D-PURL
100
AcDbSubDMesh
 71
2
 72
0
 91
0
 92
8
 10
84.5
 20
32.59894794051851
 30
3.5260832852779442
 10
84.5
 20
32.5290736013359
 30
3.5302757456289005
 10
84.5
 20
32.541052059481494
 30
3.729916714722056
 10
84.5
 20
32.6109263986641
 30
3.7257242543710998
 10
87.19
 20
32.59894794051851
 30
3.5260832852779442
 10
87.19
 20
32.5290736013359
 30
3.5302757456289005
 10
87.19
 20
32.541052059481494
 30
3.729916714722056
 10
87.19
 20
32.6109263986641
 30
3.7257242543710998
 93
30
 90
4
 90
3
 90
2
 90
1
 90
0
 90
4
 90
4
 90
5
 90
6
 90
7
 90
4
 90
0
 90
1
 90
5
 90
4
 90
4
 90
1
 90
2
 90
6
 90
5
 90
4
 90
2
 90
3
 90
7
 90
6
 90
4
 90
3
 90
0
 90
4
 90
7
 94
0
 95
0
 90
0
  0
MESH
  5
166
330
17
100
AcDbEntity
  8
3D-PURL
100
AcDbSubDMesh
 71
2
 72
0
 91
0
 92
8
 10
87.19
 20
32.59894794051851
 30
3.5260832852779442
 10
87.19
 20
32.5290736013359
 30
3.5302757456289005
 10
87.19
 20
32.541052059481494
 30
3.729916714722056
 10
87.19
 20
32.6109263986641
 30
3.7257242543710998
 10
89.9
 20
32.59894794051851
 30
3.5260832852779442
 10
89.9
 20
32.5290736013359
 30
3.5302757456289005
 10
89.9
 20
32.541052059481494
 30
3.729916714722056
 10
89.9
 20
32.6109263986641
 30
3.7257242543710998
 93
30
 90
4
 90
3
 90
2
 90
1
 90
0
 90
4
 90
4
 90
5
 90
6
 90
7
 90
4
 90
0
 90
1
 90
5
 90
4
 90
4
 90
1
 90
2
 90
6
 90
5
 90
4
 90
2
 90
3
 90
7
 90
6
 90
4
 90
3
 90
0
 90
4
 90
7
 94
0
 95
0
 90
0
  0
MESH
  5
167
330
17
100
AcDbEntity
  8
3D-PURL
100
AcDbSubDMesh
 71
2
 72
0
 91
0
 92
8
 10
89.9
 20
32.59894794051851
 30
3.5260832852779442
 10
89.9
 20
32.5290736013359
 30
3.5302757456289005
 10
89.9
 20
32.541052059481494
 30
3.729916714722056
 10
89.9
 20
32.6109263986641
 30
3.7257242543710998
 10
92.48
 20
32.59894794051851
 30
3.5260832852779442
 10
92.48
 20
32.5290736013359
 30
3.5302757456289005
 10
92.48
 20
32.541052059481494
 30
3.729916714722056
 10
92.48
 20
32.6109263986641
 30
3.7257242543710998
 93
30
 90
4
 90
3
 90
2
 90
1
 90
0
 90
4
 90
4
 90
5
 90
6
 90
7
 90
4
 90
0
 90
1
 90
5
 90
4
 90
4
 90
1
 90
2
 90
6
 90
5
 90
4
 90
2
 90
3
 90
7
 90
6
 90
4
 90
3
 90
0
 90
4
 90
7
 94
0
 95
0
 90
0
  0
MESH
  5
168
330
17
100
AcDbEntity
  8
3D-PURL
100
AcDbSubDMesh
 71
2
 72
0
 91
0
 92
8
 10
92.48
 20
32.59894794051851
 30
3.5260832852779442
 10
92.48
 20
32.5290736013359
 30
3.5302757456289005
 10
92.48
 20
32.541052059481494
 30
3.729916714722056
 10
92.48
 20
32.6109263986641
 30
3.7257242543710998
 10
95.55
 20
32.59894794051851
 30
3.5260832852779442
 10
95.55
 20
32.5290736013359
 30
3.5302757456289005
 10
95.55
 20
32.541052059481494
 30
3.729916714722056
 10
95.55
 20
32.6109263986641
 30
3.7257242543710998
 93
30
 90
4
 90
3
 90
2
 90
1
 90
0
 90
4
 90
4
 90
5
 90
6
 90
7
 90
4
 90
0
 90
1
 90
5
 90
4
 90
4
 90
1
 90
2
 90
6
 90
5
 90
4
 90
2
 90
3
 90
7
 90
6
 90
4
 90
3
 90
0
 90
4
 90
7
 94
0
 95
0
 90
0
  0
MESH
  5
169
330
17
100
AcDbEntity
  8
3D-PURL
100
AcDbSubDMesh
 71
2
 72
0
 91
0
 92
8
 10
67.99
 20
31.098947940518507
 30
3.616083285277944
 10
67.99
 20
31.029073601335902
 30
3.6202757456289003
 10
67.99
 20
31.041052059481494
 30
3.819916714722056
 10
67.99
 20
31.1109263986641
 30
3.8157242543710996
 10
70.04
 20
31.098947940518507
 30
3.616083285277944
 10
70.04
 20
31.029073601335902
 30
3.6202757456289003
 10
70.04
 20
31.041052059481494
 30
3.819916714722056
 10
70.04
 20
31.1109263986641
 30
3.8157242543710996
 93
30
 90
4
 90
3
 90
2
 90
1
 90
0
 90
4
 90
4
 90
5
 90
6
 90
7
 90
4
 90
0
 90
1
 90
5
 90
4
 90
4
 90
1
 90
2
 90
6
 90
5
 90
4
 90
2
 90
3
 90
7
 90
6
 90
4
 90
3
 90
0
 90
4
 90
7
 94
0
 95
0
 90
0
  0
MESH
  5
16A
330
17
100
AcDbEntity
  8
3D-PURL
100
AcDbSubDMesh
 71
2
 72
0
 91
0
 92
8
 10
70.04
 20
31.098947940518507
 30
3.616083285277944
 10
70.04
 20
31.029073601335902
 30
3.6202757456289003
 10
70.04
 20
31.041052059481494
 30
3.819916714722056
 10
70.04
 20
31.1109263986641
 30
3.8157242543710996
 10
72.09
 20
31.098947940518507
 30
3.616083285277944
 10
72.09
 20
31.029073601335902
 30
3.6202757456289003
 10
72.09
 20
31.041052059481494
 30
3.819916714722056
 10
72.09
 20
31.1109263986641
 30
3.8157242543710996
 93
30
 90
4
 90
3
 90
2
 90
1
 90
0
 90
4
 90
4
 90
5
 90
6
 90
7
 90
4
 90
0
 90
1
 90
5
 90
4
 90
4
 90
1
 90
2
 90
6
 90
5
 90
4
 90
2
 90
3
 90
7
 90
6
 90
4
 90
3
 90
0
 90
4
 90
7
 94
0
 95
0
 90
0
  0
MESH
  5
16B
330
17
100
AcDbEntity
  8
3D-PURL
100
AcDbSubDMesh
 71
2
 72
0
 91
0
 92
8
 10
72.09
 20
31.098947940518507
 30
3.616083285277944
 10
72.09
 20
31.029073601335902
 30
3.6202757456289003
 10
72.09
 20
31.041052059481494
 30
3.819916714722056
 10
72.09
 20
31.1109263986641
 30
3.8157242543710996
 10
74.9
 20
31.098947940518507
 30
3.616083285277944
 10
74.9
 20
31.029073601335902
 30
3.6202757456289003
 10
74.9
 20
31.041052059481494
 30
3.819916714722056
 10
74.9
 20
31.1109263986641
 30
3.8157242543710996
 93
30
 90
4
 90
3
 90
2
 90
1
 90
0
 90
4
 90
4
 90
5
 90
6
 90
7
 90
4
 90
0
 90
1
 90
5
 90
4
 90
4
 90
1
 90
2
 90
6
 90
5
 90
4
 90
2
 90
3
 90
7
 90
6
 90
4
 90
3
 90
0
 90
4
 90
7
 94
0
 95
0
 90
0
  0
MESH
  5
16C
330
17
100
AcDbEntity
  8
3D-PURL
100
AcDbSubDMesh
 71
2
 72
0
 91
0
 92
8
 10
74.9
 20
31.098947940518507
 30
3.616083285277944
 10
74.9
 20
31.029073601335902
 30
3.6202757456289003
 10
74.9
 20
31.041052059481494
 30
3.819916714722056
 10
74.9
 20
31.1109263986641
 30
3.8157242543710996
 10
77.78
 20
31.098947940518507
 30
3.616083285277944
 10
77.78
 20
31.029073601335902
 30
3.6202757456289003
 10
77.78
 20
31.041052059481494
 30
3.819916714722056
 10
77.78
 20
31.1109263986641
 30
3.8157242543710996
 93
30
 90
4
 90
3
 90
2
 90
1
 90
0
 90
4
 90
4
 90
5
 90
6
 90
7
 90
4
 90
0
 90
1
 90
5
 90
4
 90
4
 90
1
 90
2
 90
6
 90
5
 90
4
 90
2
 90
3
 90
7
 90
6
 90
4
 90
3
 90
0
 90
4
 90
7
 94
0
 95
0
 90
0
  0
MESH
  5
16D
330
17
100
AcDbEntity
  8
3D-PURL
100
AcDbSubDMesh
 71
2
 72
0
 91
0
 92
8
 10
81.85
 20
31.098947940518507
 30
3.616083285277944
 10
81.85
 20
31.029073601335902
 30
3.6202757456289003
 10
81.85
 20
31.041052059481494
 30
3.819916714722056
 10
81.85
 20
31.1109263986641
 30
3.8157242543710996
 10
84.5
 20
31.098947940518507
 30
3.616083285277944
 10
84.5
 20
31.029073601335902
 30
3.6202757456289003
 10
84.5
 20
31.041052059481494
 30
3.819916714722056
 10
84.5
 20
31.1109263986641
 30
3.8157242543710996
 93
30
 90
4
 90
3
 90
2
 90
1
 90
0
 90
4
 90
4
 90
5
 90
6
 90
7
 90
4
 90
0
 90
1
 90
5
 90
4
 90
4
 90
1
 90
2
 90
6
 90
5
 90
4
 90
2
 90
3
 90
7
 90
6
 90
4
 90
3
 90
0
 90
4
 90
7
 94
0
 95
0
 90
0
  0
MESH
  5
16E
330
17
100
AcDbEntity
  8
3D-PURL
100
AcDbSubDMesh
 71
2
 72
0
 91
0
 92
8
 10
84.5
 20
31.098947940518507
 30
3.616083285277944
 10
84.5
 20
31.029073601335902
 30
3.6202757456289003
 10
84.5
 20
31.041052059481494
 30
3.819916714722056
 10
84.5
 20
31.1109263986641
 30
3.8157242543710996
 10
87.19
 20
31.098947940518507
 30
3.616083285277944
 10
87.19
 20
31.029073601335902
 30
3.6202757456289003
 10
87.19
 20
31.041052059481494
 30
3.819916714722056
 10
87.19
 20
31.1109263986641
 30
3.8157242543710996
 93
30
 90
4
 90
3
 90
2
 90
1
 90
0
 90
4
 90
4
 90
5
 90
6
 90
7
 90
4
 90
0
 90
1
 90
5
 90
4
 90
4
 90
1
 90
2
 90
6
 90
5
 90
4
 90
2
 90
3
 90
7
 90
6
 90
4
 90
3
 90
0
 90
4
 90
7
 94
0
 95
0
 90
0
  0
MESH
  5
16F
330
17
100
AcDbEntity
  8
3D-PURL
100
AcDbSubDMesh
 71
2
 72
0
 91
0
 92
8
 10
87.19
 20
31.098947940518507
 30
3.616083285277944
 10
87.19
 20
31.029073601335902
 30
3.6202757456289003
 10
87.19
 20
31.041052059481494
 30
3.819916714722056
 10
87.19
 20
31.1109263986641
 30
3.8157242543710996
 10
89.9
 20
31.098947940518507
 30
3.616083285277944
 10
89.9
 20
31.029073601335902
 30
3.6202757456289003
 10
89.9
 20
31.041052059481494
 30
3.819916714722056
 10
89.9
 20
31.1109263986641
 30
3.8157242543710996
 93
30
 90
4
 90
3
 90
2
 90
1
 90
0
 90
4
 90
4
 90
5
 90
6
 90
7
 90
4
 90
0
 90
1
 90
5
 90
4
 90
4
 90
1
 90
2
 90
6
 90
5
 90
4
 90
2
 90
3
 90
7
 90
6
 90
4
 90
3
 90
0
 90
4
 90
7
 94
0
 95
0
 90
0
  0
MESH
  5
170
330
17
100
AcDbEntity
  8
3D-PURL
100
AcDbSubDMesh
 71
2
 72
0
 91
0
 92
8
 10
89.9
 20
31.098947940518507
 30
3.616083285277944
 10
89.9
 20
31.029073601335902
 30
3.6202757456289003
 10
89.9
 20
31.041052059481494
 30
3.819916714722056
 10
89.9
 20
31.1109263986641
 30
3.8157242543710996
 10
92.48
 20
31.098947940518507
 30
3.616083285277944
 10
92.48
 20
31.029073601335902
 30
3.6202757456289003
 10
92.48
 20
31.041052059481494
 30
3.819916714722056
 10
92.48
 20
31.1109263986641
 30
3.8157242543710996
 93
30
 90
4
 90
3
 90
2
 90
1
 90
0
 90
4
 90
4
 90
5
 90
6
 90
7
 90
4
 90
0
 90
1
 90
5
 90
4
 90
4
 90
1
 90
2
 90
6
 90
5
 90
4
 90
2
 90
3
 90
7
 90
6
 90
4
 90
3
 90
0
 90
4
 90
7
 94
0
 95
0
 90
0
  0
MESH
  5
171
330
17
100
AcDbEntity
  8
3D-PURL
100
AcDbSubDMesh
 71
2
 72
0
 91
0
 92
8
 10
92.48
 20
31.098947940518507
 30
3.616083285277944
 10
92.48
 20
31.029073601335902
 30
3.6202757456289003
 10
92.48
 20
31.041052059481494
 30
3.819916714722056
 10
92.48
 20
31.1109263986641
 30
3.8157242543710996
 10
95.55
 20
31.098947940518507
 30
3.616083285277944
 10
95.55
 20
31.029073601335902
 30
3.6202757456289003
 10
95.55
 20
31.041052059481494
 30
3.819916714722056
 10
95.55
 20
31.1109263986641
 30
3.8157242543710996
 93
30
 90
4
 90
3
 90
2
 90
1
 90
0
 90
4
 90
4
 90
5
 90
6
 90
7
 90
4
 90
0
 90
1
 90
5
 90
4
 90
4
 90
1
 90
2
 90
6
 90
5
 90
4
 90
2
 90
3
 90
7
 90
6
 90
4
 90
3
 90
0
 90
4
 90
7
 94
0
 95
0
 90
0
  0
MESH
  5
172
330
17
100
AcDbEntity
  8
3D-PURL
100
AcDbSubDMesh
 71
2
 72
0
 91
0
 92
8
 10
67.99
 20
29.598947940518507
 30
3.706083285277944
 10
67.99
 20
29.529073601335902
 30
3.7102757456289
 10
67.99
 20
29.541052059481494
 30
3.9099167147220557
 10
67.99
 20
29.6109263986641
 30
3.9057242543710995
 10
70.04
 20
29.598947940518507
 30
3.706083285277944
 10
70.04
 20
29.529073601335902
 30
3.7102757456289
 10
70.04
 20
29.541052059481494
 30
3.9099167147220557
 10
70.04
 20
29.6109263986641
 30
3.9057242543710995
 93
30
 90
4
 90
3
 90
2
 90
1
 90
0
 90
4
 90
4
 90
5
 90
6
 90
7
 90
4
 90
0
 90
1
 90
5
 90
4
 90
4
 90
1
 90
2
 90
6
 90
5
 90
4
 90
2
 90
3
 90
7
 90
6
 90
4
 90
3
 90
0
 90
4
 90
7
 94
0
 95
0
 90
0
  0
MESH
  5
173
330
17
100
AcDbEntity
  8
3D-PURL
100
AcDbSubDMesh
 71
2
 72
0
 91
0
 92
8
 10
70.04
 20
29.598947940518507
 30
3.706083285277944
 10
70.04
 20
29.529073601335902
 30
3.7102757456289
 10
70.04
 20
29.541052059481494
 30
3.9099167147220557
 10
70.04
 20
29.6109263986641
 30
3.9057242543710995
 10
72.09
 20
29.598947940518507
 30
3.706083285277944
 10
72.09
 20
29.529073601335902
 30
3.7102757456289
 10
72.09
 20
29.541052059481494
 30
3.9099167147220557
 10
72.09
 20
29.6109263986641
 30
3.9057242543710995
 93
30
 90
4
 90
3
 90
2
 90
1
 90
0
 90
4
 90
4
 90
5
 90
6
 90
7
 90
4
 90
0
 90
1
 90
5
 90
4
 90
4
 90
1
 90
2
 90
6
 90
5
 90
4
 90
2
 90
3
 90
7
 90
6
 90
4
 90
3
 90
0
 90
4
 90
7
 94
0
 95
0
 90
0
  0
MESH
  5
174
330
17
100
AcDbEntity
  8
3D-PURL
100
AcDbSubDMesh
 71
2
 72
0
 91
0
 92
8
 10
72.09
 20
29.598947940518507
 30
3.706083285277944
 10
72.09
 20
29.529073601335902
 30
3.7102757456289
 10
72.09
 20
29.541052059481494
 30
3.9099167147220557
 10
72.09
 20
29.6109263986641
 30
3.9057242543710995
 10
74.9
 20
29.598947940518507
 30
3.706083285277944
 10
74.9
 20
29.529073601335902
 30
3.7102757456289
 10
74.9
 20
29.541052059481494
 30
3.9099167147220557
 10
74.9
 20
29.6109263986641
 30
3.9057242543710995
 93
30
 90
4
 90
3
 90
2
 90
1
 90
0
 90
4
 90
4
 90
5
 90
6
 90
7
 90
4
 90
0
 90
1
 90
5
 90
4
 90
4
 90
1
 90
2
 90
6
 90
5
 90
4
 90
2
 90
3
 90
7
 90
6
 90
4
 90
3
 90
0
 90
4
 90
7
 94
0
 95
0
 90
0
  0
MESH
  5
175
330
17
100
AcDbEntity
  8
3D-PURL
100
AcDbSubDMesh
 71
2
 72
0
 91
0
 92
8
 10
74.9
 20
29.598947940518507
 30
3.706083285277944
 10
74.9
 20
29.529073601335902
 30
3.7102757456289
 10
74.9
 20
29.541052059481494
 30
3.9099167147220557
 10
74.9
 20
29.6109263986641
 30
3.9057242543710995
 10
77.78
 20
29.598947940518507
 30
3.706083285277944
 10
77.78
 20
29.529073601335902
 30
3.7102757456289
 10
77.78
 20
29.541052059481494
 30
3.9099167147220557
 10
77.78
 20
29.6109263986641
 30
3.9057242543710995
 93
30
 90
4
 90
3
 90
2
 90
1
 90
0
 90
4
 90
4
 90
5
 90
6
 90
7
 90
4
 90
0
 90
1
 90
5
 90
4
 90
4
 90
1
 90
2
 90
6
 90
5
 90
4
 90
2
 90
3
 90
7
 90
6
 90
4
 90
3
 90
0
 90
4
 90
7
 94
0
 95
0
 90
0
  0
MESH
  5
176
330
17
100
AcDbEntity
  8
3D-PURL
100
AcDbSubDMesh
 71
2
 72
0
 91
0
 92
8
 10
81.85
 20
29.598947940518507
 30
3.706083285277944
 10
81.85
 20
29.529073601335902
 30
3.7102757456289
 10
81.85
 20
29.541052059481494
 30
3.9099167147220557
 10
81.85
 20
29.6109263986641
 30
3.9057242543710995
 10
84.5
 20
29.598947940518507
 30
3.706083285277944
 10
84.5
 20
29.529073601335902
 30
3.7102757456289
 10
84.5
 20
29.541052059481494
 30
3.9099167147220557
 10
84.5
 20
29.6109263986641
 30
3.9057242543710995
 93
30
 90
4
 90
3
 90
2
 90
1
 90
0
 90
4
 90
4
 90
5
 90
6
 90
7
 90
4
 90
0
 90
1
 90
5
 90
4
 90
4
 90
1
 90
2
 90
6
 90
5
 90
4
 90
2
 90
3
 90
7
 90
6
 90
4
 90
3
 90
0
 90
4
 90
7
 94
0
 95
0
 90
0
  0
MESH
  5
177
330
17
100
AcDbEntity
  8
3D-PURL
100
AcDbSubDMesh
 71
2
 72
0
 91
0
 92
8
 10
84.5
 20
29.598947940518507
 30
3.706083285277944
 10
84.5
 20
29.529073601335902
 30
3.7102757456289
 10
84.5
 20
29.541052059481494
 30
3.9099167147220557
 10
84.5
 20
29.6109263986641
 30
3.9057242543710995
 10
87.19
 20
29.598947940518507
 30
3.706083285277944
 10
87.19
 20
29.529073601335902
 30
3.7102757456289
 10
87.19
 20
29.541052059481494
 30
3.9099167147220557
 10
87.19
 20
29.6109263986641
 30
3.9057242543710995
 93
30
 90
4
 90
3
 90
2
 90
1
 90
0
 90
4
 90
4
 90
5
 90
6
 90
7
 90
4
 90
0
 90
1
 90
5
 90
4
 90
4
 90
1
 90
2
 90
6
 90
5
 90
4
 90
2
 90
3
 90
7
 90
6
 90
4
 90
3
 90
0
 90
4
 90
7
 94
0
 95
0
 90
0
  0
MESH
  5
178
330
17
100
AcDbEntity
  8
3D-PURL
100
AcDbSubDMesh
 71
2
 72
0
 91
0
 92
8
 10
87.19
 20
29.598947940518507
 30
3.706083285277944
 10
87.19
 20
29.529073601335902
 30
3.7102757456289
 10
87.19
 20
29.541052059481494
 30
3.9099167147220557
 10
87.19
 20
29.6109263986641
 30
3.9057242543710995
 10
89.9
 20
29.598947940518507
 30
3.706083285277944
 10
89.9
 20
29.529073601335902
 30
3.7102757456289
 10
89.9
 20
29.541052059481494
 30
3.9099167147220557
 10
89.9
 20
29.6109263986641
 30
3.9057242543710995
 93
30
 90
4
 90
3
 90
2
 90
1
 90
0
 90
4
 90
4
 90
5
 90
6
 90
7
 90
4
 90
0
 90
1
 90
5
 90
4
 90
4
 90
1
 90
2
 90
6
 90
5
 90
4
 90
2
 90
3
 90
7
 90
6
 90
4
 90
3
 90
0
 90
4
 90
7
 94
0
 95
0
 90
0
  0
MESH
  5
179
330
17
100
AcDbEntity
  8
3D-PURL
100
AcDbSubDMesh
 71
2
 72
0
 91
0
 92
8
 10
89.9
 20
29.598947940518507
 30
3.706083285277944
 10
89.9
 20
29.529073601335902
 30
3.7102757456289
 10
89.9
 20
29.541052059481494
 30
3.9099167147220557
 10
89.9
 20
29.6109263986641
 30
3.9057242543710995
 10
92.48
 20
29.598947940518507
 30
3.706083285277944
 10
92.48
 20
29.529073601335902
 30
3.7102757456289
 10
92.48
 20
29.541052059481494
 30
3.9099167147220557
 10
92.48
 20
29.6109263986641
 30
3.9057242543710995
 93
30
 90
4
 90
3
 90
2
 90
1
 90
0
 90
4
 90
4
 90
5
 90
6
 90
7
 90
4
 90
0
 90
1
 90
5
 90
4
 90
4
 90
1
 90
2
 90
6
 90
5
 90
4
 90
2
 90
3
 90
7
 90
6
 90
4
 90
3
 90
0
 90
4
 90
7
 94
0
 95
0
 90
0
  0
MESH
  5
17A
330
17
100
AcDbEntity
  8
3D-PURL
100
AcDbSubDMesh
 71
2
 72
0
 91
0
 92
8
 10
92.48
 20
29.598947940518507
 30
3.706083285277944
 10
92.48
 20
29.529073601335902
 30
3.7102757456289
 10
92.48
 20
29.541052059481494
 30
3.9099167147220557
 10
92.48
 20
29.6109263986641
 30
3.9057242543710995
 10
95.55
 20
29.598947940518507
 30
3.706083285277944
 10
95.55
 20
29.529073601335902
 30
3.7102757456289
 10
95.55
 20
29.541052059481494
 30
3.9099167147220557
 10
95.55
 20
29.6109263986641
 30
3.9057242543710995
 93
30
 90
4
 90
3
 90
2
 90
1
 90
0
 90
4
 90
4
 90
5
 90
6
 90
7
 90
4
 90
0
 90
1
 90
5
 90
4
 90
4
 90
1
 90
2
 90
6
 90
5
 90
4
 90
2
 90
3
 90
7
 90
6
 90
4
 90
3
 90
0
 90
4
 90
7
 94
0
 95
0
 90
0
  0
MESH
  5
17B
330
17
100
AcDbEntity
  8
3D-PURL
100
AcDbSubDMesh
 71
2
 72
0
 91
0
 92
8
 10
67.99
 20
28.098947940518507
 30
3.7960832852779443
 10
67.99
 20
28.029073601335902
 30
3.8002757456289005
 10
67.99
 20
28.041052059481494
 30
3.999916714722056
 10
67.99
 20
28.1109263986641
 30
3.9957242543711
 10
70.04
 20
28.098947940518507
 30
3.7960832852779443
 10
70.04
 20
28.029073601335902
 30
3.8002757456289005
 10
70.04
 20
28.041052059481494
 30
3.999916714722056
 10
70.04
 20
28.1109263986641
 30
3.9957242543711
 93
30
 90
4
 90
3
 90
2
 90
1
 90
0
 90
4
 90
4
 90
5
 90
6
 90
7
 90
4
 90
0
 90
1
 90
5
 90
4
 90
4
 90
1
 90
2
 90
6
 90
5
 90
4
 90
2
 90
3
 90
7
 90
6
 90
4
 90
3
 90
0
 90
4
 90
7
 94
0
 95
0
 90
0
  0
MESH
  5
17C
330
17
100
AcDbEntity
  8
3D-PURL
100
AcDbSubDMesh
 71
2
 72
0
 91
0
 92
8
 10
70.04
 20
28.098947940518507
 30
3.7960832852779443
 10
70.04
 20
28.029073601335902
 30
3.8002757456289005
 10
70.04
 20
28.041052059481494
 30
3.999916714722056
 10
70.04
 20
28.1109263986641
 30
3.9957242543711
 10
72.09
 20
28.098947940518507
 30
3.7960832852779443
 10
72.09
 20
28.029073601335902
 30
3.8002757456289005
 10
72.09
 20
28.041052059481494
 30
3.999916714722056
 10
72.09
 20
28.1109263986641
 30
3.9957242543711
 93
30
 90
4
 90
3
 90
2
 90
1
 90
0
 90
4
 90
4
 90
5
 90
6
 90
7
 90
4
 90
0
 90
1
 90
5
 90
4
 90
4
 90
1
 90
2
 90
6
 90
5
 90
4
 90
2
 90
3
 90
7
 90
6
 90
4
 90
3
 90
0
 90
4
 90
7
 94
0
 95
0
 90
0
  0
MESH
  5
17D
330
17
100
AcDbEntity
  8
3D-PURL
100
AcDbSubDMesh
 71
2
 72
0
 91
0
 92
8
 10
72.09
 20
28.098947940518507
 30
3.7960832852779443
 10
72.09
 20
28.029073601335902
 30
3.8002757456289005
 10
72.09
 20
28.041052059481494
 30
3.999916714722056
 10
72.09
 20
28.1109263986641
 30
3.9957242543711
 10
74.9
 20
28.098947940518507
 30
3.7960832852779443
 10
74.9
 20
28.029073601335902
 30
3.8002757456289005
 10
74.9
 20
28.041052059481494
 30
3.999916714722056
 10
74.9
 20
28.1109263986641
 30
3.9957242543711
 93
30
 90
4
 90
3
 90
2
 90
1
 90
0
 90
4
 90
4
 90
5
 90
6
 90
7
 90
4
 90
0
 90
1
 90
5
 90
4
 90
4
 90
1
 90
2
 90
6
 90
5
 90
4
 90
2
 90
3
 90
7
 90
6
 90
4
 90
3
 90
0
 90
4
 90
7
 94
0
 95
0
 90
0
  0
MESH
  5
17E
330
17
100
AcDbEntity
  8
3D-PURL
100
AcDbSubDMesh
 71
2
 72
0
 91
0
 92
8
 10
74.9
 20
28.098947940518507
 30
3.7960832852779443
 10
74.9
 20
28.029073601335902
 30
3.8002757456289005
 10
74.9
 20
28.041052059481494
 30
3.999916714722056
 10
74.9
 20
28.1109263986641
 30
3.9957242543711
 10
77.78
 20
28.098947940518507
 30
3.7960832852779443
 10
77.78
 20
28.029073601335902
 30
3.8002757456289005
 10
77.78
 20
28.041052059481494
 30
3.999916714722056
 10
77.78
 20
28.1109263986641
 30
3.9957242543711
 93
30
 90
4
 90
3
 90
2
 90
1
 90
0
 90
4
 90
4
 90
5
 90
6
 90
7
 90
4
 90
0
 90
1
 90
5
 90
4
 90
4
 90
1
 90
2
 90
6
 90
5
 90
4
 90
2
 90
3
 90
7
 90
6
 90
4
 90
3
 90
0
 90
4
 90
7
 94
0
 95
0
 90
0
  0
MESH
  5
17F
330
17
100
AcDbEntity
  8
3D-PURL
100
AcDbSubDMesh
 71
2
 72
0
 91
0
 92
8
 10
77.78
 20
28.098947940518507
 30
3.7960832852779443
 10
77.78
 20
28.029073601335902
 30
3.8002757456289005
 10
77.78
 20
28.041052059481494
 30
3.999916714722056
 10
77.78
 20
28.1109263986641
 30
3.9957242543711
 10
81.85
 20
28.098947940518507
 30
3.7960832852779443
 10
81.85
 20
28.029073601335902
 30
3.8002757456289005
 10
81.85
 20
28.041052059481494
 30
3.999916714722056
 10
81.85
 20
28.1109263986641
 30
3.9957242543711
 93
30
 90
4
 90
3
 90
2
 90
1
 90
0
 90
4
 90
4
 90
5
 90
6
 90
7
 90
4
 90
0
 90
1
 90
5
 90
4
 90
4
 90
1
 90
2
 90
6
 90
5
 90
4
 90
2
 90
3
 90
7
 90
6
 90
4
 90
3
 90
0
 90
4
 90
7
 94
0
 95
0
 90
0
  0
MESH
  5
180
330
17
100
AcDbEntity
  8
3D-PURL
100
AcDbSubDMesh
 71
2
 72
0
 91
0
 92
8
 10
81.85
 20
28.098947940518507
 30
3.7960832852779443
 10
81.85
 20
28.029073601335902
 30
3.8002757456289005
 10
81.85
 20
28.041052059481494
 30
3.999916714722056
 10
81.85
 20
28.1109263986641
 30
3.9957242543711
 10
84.5
 20
28.098947940518507
 30
3.7960832852779443
 10
84.5
 20
28.029073601335902
 30
3.8002757456289005
 10
84.5
 20
28.041052059481494
 30
3.999916714722056
 10
84.5
 20
28.1109263986641
 30
3.9957242543711
 93
30
 90
4
 90
3
 90
2
 90
1
 90
0
 90
4
 90
4
 90
5
 90
6
 90
7
 90
4
 90
0
 90
1
 90
5
 90
4
 90
4
 90
1
 90
2
 90
6
 90
5
 90
4
 90
2
 90
3
 90
7
 90
6
 90
4
 90
3
 90
0
 90
4
 90
7
 94
0
 95
0
 90
0
  0
MESH
  5
181
330
17
100
AcDbEntity
  8
3D-PURL
100
AcDbSubDMesh
 71
2
 72
0
 91
0
 92
8
 10
84.5
 20
28.098947940518507
 30
3.7960832852779443
 10
84.5
 20
28.029073601335902
 30
3.8002757456289005
 10
84.5
 20
28.041052059481494
 30
3.999916714722056
 10
84.5
 20
28.1109263986641
 30
3.9957242543711
 10
87.19
 20
28.098947940518507
 30
3.7960832852779443
 10
87.19
 20
28.029073601335902
 30
3.8002757456289005
 10
87.19
 20
28.041052059481494
 30
3.999916714722056
 10
87.19
 20
28.1109263986641
 30
3.9957242543711
 93
30
 90
4
 90
3
 90
2
 90
1
 90
0
 90
4
 90
4
 90
5
 90
6
 90
7
 90
4
 90
0
 90
1
 90
5
 90
4
 90
4
 90
1
 90
2
 90
6
 90
5
 90
4
 90
2
 90
3
 90
7
 90
6
 90
4
 90
3
 90
0
 90
4
 90
7
 94
0
 95
0
 90
0
  0
MESH
  5
182
330
17
100
AcDbEntity
  8
3D-PURL
100
AcDbSubDMesh
 71
2
 72
0
 91
0
 92
8
 10
87.19
 20
28.098947940518507
 30
3.7960832852779443
 10
87.19
 20
28.029073601335902
 30
3.8002757456289005
 10
87.19
 20
28.041052059481494
 30
3.999916714722056
 10
87.19
 20
28.1109263986641
 30
3.9957242543711
 10
89.9
 20
28.098947940518507
 30
3.7960832852779443
 10
89.9
 20
28.029073601335902
 30
3.8002757456289005
 10
89.9
 20
28.041052059481494
 30
3.999916714722056
 10
89.9
 20
28.1109263986641
 30
3.9957242543711
 93
30
 90
4
 90
3
 90
2
 90
1
 90
0
 90
4
 90
4
 90
5
 90
6
 90
7
 90
4
 90
0
 90
1
 90
5
 90
4
 90
4
 90
1
 90
2
 90
6
 90
5
 90
4
 90
2
 90
3
 90
7
 90
6
 90
4
 90
3
 90
0
 90
4
 90
7
 94
0
 95
0
 90
0
  0
MESH
  5
183
330
17
100
AcDbEntity
  8
3D-PURL
100
AcDbSubDMesh
 71
2
 72
0
 91
0
 92
8
 10
89.9
 20
28.098947940518507
 30
3.7960832852779443
 10
89.9
 20
28.029073601335902
 30
3.8002757456289005
 10
89.9
 20
28.041052059481494
 30
3.999916714722056
 10
89.9
 20
28.1109263986641
 30
3.9957242543711
 10
92.48
 20
28.098947940518507
 30
3.7960832852779443
 10
92.48
 20
28.029073601335902
 30
3.8002757456289005
 10
92.48
 20
28.041052059481494
 30
3.999916714722056
 10
92.48
 20
28.1109263986641
 30
3.9957242543711
 93
30
 90
4
 90
3
 90
2
 90
1
 90
0
 90
4
 90
4
 90
5
 90
6
 90
7
 90
4
 90
0
 90
1
 90
5
 90
4
 90
4
 90
1
 90
2
 90
6
 90
5
 90
4
 90
2
 90
3
 90
7
 90
6
 90
4
 90
3
 90
0
 90
4
 90
7
 94
0
 95
0
 90
0
  0
MESH
  5
184
330
17
100
AcDbEntity
  8
3D-PURL
100
AcDbSubDMesh
 71
2
 72
0
 91
0
 92
8
 10
92.48
 20
28.098947940518507
 30
3.7960832852779443
 10
92.48
 20
28.029073601335902
 30
3.8002757456289005
 10
92.48
 20
28.041052059481494
 30
3.999916714722056
 10
92.48
 20
28.1109263986641
 30
3.9957242543711
 10
95.55
 20
28.098947940518507
 30
3.7960832852779443
 10
95.55
 20
28.029073601335902
 30
3.8002757456289005
 10
95.55
 20
28.041052059481494
 30
3.999916714722056
 10
95.55
 20
28.1109263986641
 30
3.9957242543711
 93
30
 90
4
 90
3
 90
2
 90
1
 90
0
 90
4
 90
4
 90
5
 90
6
 90
7
 90
4
 90
0
 90
1
 90
5
 90
4
 90
4
 90
1
 90
2
 90
6
 90
5
 90
4
 90
2
 90
3
 90
7
 90
6
 90
4
 90
3
 90
0
 90
4
 90
7
 94
0
 95
0
 90
0
  0
MESH
  5
185
330
17
100
AcDbEntity
  8
3D-PURL
100
AcDbSubDMesh
 71
2
 72
0
 91
0
 92
8
 10
67.99
 20
26.598947940518507
 30
3.886083285277944
 10
67.99
 20
26.529073601335902
 30
3.8902757456289003
 10
67.99
 20
26.541052059481494
 30
4.089916714722056
 10
67.99
 20
26.6109263986641
 30
4.0857242543711
 10
70.04
 20
26.598947940518507
 30
3.886083285277944
 10
70.04
 20
26.529073601335902
 30
3.8902757456289003
 10
70.04
 20
26.541052059481494
 30
4.089916714722056
 10
70.04
 20
26.6109263986641
 30
4.0857242543711
 93
30
 90
4
 90
3
 90
2
 90
1
 90
0
 90
4
 90
4
 90
5
 90
6
 90
7
 90
4
 90
0
 90
1
 90
5
 90
4
 90
4
 90
1
 90
2
 90
6
 90
5
 90
4
 90
2
 90
3
 90
7
 90
6
 90
4
 90
3
 90
0
 90
4
 90
7
 94
0
 95
0
 90
0
  0
MESH
  5
186
330
17
100
AcDbEntity
  8
3D-PURL
100
AcDbSubDMesh
 71
2
 72
0
 91
0
 92
8
 10
70.04
 20
26.598947940518507
 30
3.886083285277944
 10
70.04
 20
26.529073601335902
 30
3.8902757456289003
 10
70.04
 20
26.541052059481494
 30
4.089916714722056
 10
70.04
 20
26.6109263986641
 30
4.0857242543711
 10
72.09
 20
26.598947940518507
 30
3.886083285277944
 10
72.09
 20
26.529073601335902
 30
3.8902757456289003
 10
72.09
 20
26.541052059481494
 30
4.089916714722056
 10
72.09
 20
26.6109263986641
 30
4.0857242543711
 93
30
 90
4
 90
3
 90
2
 90
1
 90
0
 90
4
 90
4
 90
5
 90
6
 90
7
 90
4
 90
0
 90
1
 90
5
 90
4
 90
4
 90
1
 90
2
 90
6
 90
5
 90
4
 90
2
 90
3
 90
7
 90
6
 90
4
 90
3
 90
0
 90
4
 90
7
 94
0
 95
0
 90
0
  0
MESH
  5
187
330
17
100
AcDbEntity
  8
3D-PURL
100
AcDbSubDMesh
 71
2
 72
0
 91
0
 92
8
 10
72.09
 20
26.598947940518507
 30
3.886083285277944
 10
72.09
 20
26.529073601335902
 30
3.8902757456289003
 10
72.09
 20
26.541052059481494
 30
4.089916714722056
 10
72.09
 20
26.6109263986641
 30
4.0857242543711
 10
74.9
 20
26.598947940518507
 30
3.886083285277944
 10
74.9
 20
26.529073601335902
 30
3.8902757456289003
 10
74.9
 20
26.541052059481494
 30
4.089916714722056
 10
74.9
 20
26.6109263986641
 30
4.0857242543711
 93
30
 90
4
 90
3
 90
2
 90
1
 90
0
 90
4
 90
4
 90
5
 90
6
 90
7
 90
4
 90
0
 90
1
 90
5
 90
4
 90
4
 90
1
 90
2
 90
6
 90
5
 90
4
 90
2
 90
3
 90
7
 90
6
 90
4
 90
3
 90
0
 90
4
 90
7
 94
0
 95
0
 90
0
  0
MESH
  5
188
330
17
100
AcDbEntity
  8
3D-PURL
100
AcDbSubDMesh
 71
2
 72
0
 91
0
 92
8
 10
74.9
 20
26.598947940518507
 30
3.886083285277944
 10
74.9
 20
26.529073601335902
 30
3.8902757456289003
 10
74.9
 20
26.541052059481494
 30
4.089916714722056
 10
74.9
 20
26.6109263986641
 30
4.0857242543711
 10
77.78
 20
26.598947940518507
 30
3.886083285277944
 10
77.78
 20
26.529073601335902
 30
3.8902757456289003
 10
77.78
 20
26.541052059481494
 30
4.089916714722056
 10
77.78
 20
26.6109263986641
 30
4.0857242543711
 93
30
 90
4
 90
3
 90
2
 90
1
 90
0
 90
4
 90
4
 90
5
 90
6
 90
7
 90
4
 90
0
 90
1
 90
5
 90
4
 90
4
 90
1
 90
2
 90
6
 90
5
 90
4
 90
2
 90
3
 90
7
 90
6
 90
4
 90
3
 90
0
 90
4
 90
7
 94
0
 95
0
 90
0
  0
MESH
  5
189
330
17
100
AcDbEntity
  8
3D-PURL
100
AcDbSubDMesh
 71
2
 72
0
 91
0
 92
8
 10
77.78
 20
26.598947940518507
 30
3.886083285277944
 10
77.78
 20
26.529073601335902
 30
3.8902757456289003
 10
77.78
 20
26.541052059481494
 30
4.089916714722056
 10
77.78
 20
26.6109263986641
 30
4.0857242543711
 10
81.85
 20
26.598947940518507
 30
3.886083285277944
 10
81.85
 20
26.529073601335902
 30
3.8902757456289003
 10
81.85
 20
26.541052059481494
 30
4.089916714722056
 10
81.85
 20
26.6109263986641
 30
4.0857242543711
 93
30
 90
4
 90
3
 90
2
 90
1
 90
0
 90
4
 90
4
 90
5
 90
6
 90
7
 90
4
 90
0
 90
1
 90
5
 90
4
 90
4
 90
1
 90
2
 90
6
 90
5
 90
4
 90
2
 90
3
 90
7
 90
6
 90
4
 90
3
 90
0
 90
4
 90
7
 94
0
 95
0
 90
0
  0
MESH
  5
18A
330
17
100
AcDbEntity
  8
3D-PURL
100
AcDbSubDMesh
 71
2
 72
0
 91
0
 92
8
 10
81.85
 20
26.598947940518507
 30
3.886083285277944
 10
81.85
 20
26.529073601335902
 30
3.8902757456289003
 10
81.85
 20
26.541052059481494
 30
4.089916714722056
 10
81.85
 20
26.6109263986641
 30
4.0857242543711
 10
84.5
 20
26.598947940518507
 30
3.886083285277944
 10
84.5
 20
26.529073601335902
 30
3.8902757456289003
 10
84.5
 20
26.541052059481494
 30
4.089916714722056
 10
84.5
 20
26.6109263986641
 30
4.0857242543711
 93
30
 90
4
 90
3
 90
2
 90
1
 90
0
 90
4
 90
4
 90
5
 90
6
 90
7
 90
4
 90
0
 90
1
 90
5
 90
4
 90
4
 90
1
 90
2
 90
6
 90
5
 90
4
 90
2
 90
3
 90
7
 90
6
 90
4
 90
3
 90
0
 90
4
 90
7
 94
0
 95
0
 90
0
  0
MESH
  5
18B
330
17
100
AcDbEntity
  8
3D-PURL
100
AcDbSubDMesh
 71
2
 72
0
 91
0
 92
8
 10
84.5
 20
26.598947940518507
 30
3.886083285277944
 10
84.5
 20
26.529073601335902
 30
3.8902757456289003
 10
84.5
 20
26.541052059481494
 30
4.089916714722056
 10
84.5
 20
26.6109263986641
 30
4.0857242543711
 10
87.19
 20
26.598947940518507
 30
3.886083285277944
 10
87.19
 20
26.529073601335902
 30
3.8902757456289003
 10
87.19
 20
26.541052059481494
 30
4.089916714722056
 10
87.19
 20
26.6109263986641
 30
4.0857242543711
 93
30
 90
4
 90
3
 90
2
 90
1
 90
0
 90
4
 90
4
 90
5
 90
6
 90
7
 90
4
 90
0
 90
1
 90
5
 90
4
 90
4
 90
1
 90
2
 90
6
 90
5
 90
4
 90
2
 90
3
 90
7
 90
6
 90
4
 90
3
 90
0
 90
4
 90
7
 94
0
 95
0
 90
0
  0
MESH
  5
18C
330
17
100
AcDbEntity
  8
3D-PURL
100
AcDbSubDMesh
 71
2
 72
0
 91
0
 92
8
 10
87.19
 20
26.598947940518507
 30
3.886083285277944
 10
87.19
 20
26.529073601335902
 30
3.8902757456289003
 10
87.19
 20
26.541052059481494
 30
4.089916714722056
 10
87.19
 20
26.6109263986641
 30
4.0857242543711
 10
89.9
 20
26.598947940518507
 30
3.886083285277944
 10
89.9
 20
26.529073601335902
 30
3.8902757456289003
 10
89.9
 20
26.541052059481494
 30
4.089916714722056
 10
89.9
 20
26.6109263986641
 30
4.0857242543711
 93
30
 90
4
 90
3
 90
2
 90
1
 90
0
 90
4
 90
4
 90
5
 90
6
 90
7
 90
4
 90
0
 90
1
 90
5
 90
4
 90
4
 90
1
 90
2
 90
6
 90
5
 90
4
 90
2
 90
3
 90
7
 90
6
 90
4
 90
3
 90
0
 90
4
 90
7
 94
0
 95
0
 90
0
  0
MESH
  5
18D
330
17
100
AcDbEntity
  8
3D-PURL
100
AcDbSubDMesh
 71
2
 72
0
 91
0
 92
8
 10
89.9
 20
26.598947940518507
 30
3.886083285277944
 10
89.9
 20
26.529073601335902
 30
3.8902757456289003
 10
89.9
 20
26.541052059481494
 30
4.089916714722056
 10
89.9
 20
26.6109263986641
 30
4.0857242543711
 10
92.48
 20
26.598947940518507
 30
3.886083285277944
 10
92.48
 20
26.529073601335902
 30
3.8902757456289003
 10
92.48
 20
26.541052059481494
 30
4.089916714722056
 10
92.48
 20
26.6109263986641
 30
4.0857242543711
 93
30
 90
4
 90
3
 90
2
 90
1
 90
0
 90
4
 90
4
 90
5
 90
6
 90
7
 90
4
 90
0
 90
1
 90
5
 90
4
 90
4
 90
1
 90
2
 90
6
 90
5
 90
4
 90
2
 90
3
 90
7
 90
6
 90
4
 90
3
 90
0
 90
4
 90
7
 94
0
 95
0
 90
0
  0
MESH
  5
18E
330
17
100
AcDbEntity
  8
3D-PURL
100
AcDbSubDMesh
 71
2
 72
0
 91
0
 92
8
 10
92.48
 20
26.598947940518507
 30
3.886083285277944
 10
92.48
 20
26.529073601335902
 30
3.8902757456289003
 10
92.48
 20
26.541052059481494
 30
4.089916714722056
 10
92.48
 20
26.6109263986641
 30
4.0857242543711
 10
95.55
 20
26.598947940518507
 30
3.886083285277944
 10
95.55
 20
26.529073601335902
 30
3.8902757456289003
 10
95.55
 20
26.541052059481494
 30
4.089916714722056
 10
95.55
 20
26.6109263986641
 30
4.0857242543711
 93
30
 90
4
 90
3
 90
2
 90
1
 90
0
 90
4
 90
4
 90
5
 90
6
 90
7
 90
4
 90
0
 90
1
 90
5
 90
4
 90
4
 90
1
 90
2
 90
6
 90
5
 90
4
 90
2
 90
3
 90
7
 90
6
 90
4
 90
3
 90
0
 90
4
 90
7
 94
0
 95
0
 90
0
  0
MESH
  5
18F
330
17
100
AcDbEntity
  8
3D-PURL
100
AcDbSubDMesh
 71
2
 72
0
 91
0
 92
8
 10
67.99
 20
25.098947940518507
 30
3.976083285277943
 10
67.99
 20
25.029073601335902
 30
3.9802757456289
 10
67.99
 20
25.041052059481494
 30
4.179916714722056
 10
67.99
 20
25.1109263986641
 30
4.175724254371099
 10
70.04
 20
25.098947940518507
 30
3.976083285277943
 10
70.04
 20
25.029073601335902
 30
3.9802757456289
 10
70.04
 20
25.041052059481494
 30
4.179916714722056
 10
70.04
 20
25.1109263986641
 30
4.175724254371099
 93
30
 90
4
 90
3
 90
2
 90
1
 90
0
 90
4
 90
4
 90
5
 90
6
 90
7
 90
4
 90
0
 90
1
 90
5
 90
4
 90
4
 90
1
 90
2
 90
6
 90
5
 90
4
 90
2
 90
3
 90
7
 90
6
 90
4
 90
3
 90
0
 90
4
 90
7
 94
0
 95
0
 90
0
  0
MESH
  5
190
330
17
100
AcDbEntity
  8
3D-PURL
100
AcDbSubDMesh
 71
2
 72
0
 91
0
 92
8
 10
70.04
 20
25.098947940518507
 30
3.976083285277943
 10
70.04
 20
25.029073601335902
 30
3.9802757456289
 10
70.04
 20
25.041052059481494
 30
4.179916714722056
 10
70.04
 20
25.1109263986641
 30
4.175724254371099
 10
72.09
 20
25.098947940518507
 30
3.976083285277943
 10
72.09
 20
25.029073601335902
 30
3.9802757456289
 10
72.09
 20
25.041052059481494
 30
4.179916714722056
 10
72.09
 20
25.1109263986641
 30
4.175724254371099
 93
30
 90
4
 90
3
 90
2
 90
1
 90
0
 90
4
 90
4
 90
5
 90
6
 90
7
 90
4
 90
0
 90
1
 90
5
 90
4
 90
4
 90
1
 90
2
 90
6
 90
5
 90
4
 90
2
 90
3
 90
7
 90
6
 90
4
 90
3
 90
0
 90
4
 90
7
 94
0
 95
0
 90
0
  0
MESH
  5
191
330
17
100
AcDbEntity
  8
3D-PURL
100
AcDbSubDMesh
 71
2
 72
0
 91
0
 92
8
 10
72.09
 20
25.098947940518507
 30
3.976083285277943
 10
72.09
 20
25.029073601335902
 30
3.9802757456289
 10
72.09
 20
25.041052059481494
 30
4.179916714722056
 10
72.09
 20
25.1109263986641
 30
4.175724254371099
 10
74.9
 20
25.098947940518507
 30
3.976083285277943
 10
74.9
 20
25.029073601335902
 30
3.9802757456289
 10
74.9
 20
25.041052059481494
 30
4.179916714722056
 10
74.9
 20
25.1109263986641
 30
4.175724254371099
 93
30
 90
4
 90
3
 90
2
 90
1
 90
0
 90
4
 90
4
 90
5
 90
6
 90
7
 90
4
 90
0
 90
1
 90
5
 90
4
 90
4
 90
1
 90
2
 90
6
 90
5
 90
4
 90
2
 90
3
 90
7
 90
6
 90
4
 90
3
 90
0
 90
4
 90
7
 94
0
 95
0
 90
0
  0
MESH
  5
192
330
17
100
AcDbEntity
  8
3D-PURL
100
AcDbSubDMesh
 71
2
 72
0
 91
0
 92
8
 10
74.9
 20
25.098947940518507
 30
3.976083285277943
 10
74.9
 20
25.029073601335902
 30
3.9802757456289
 10
74.9
 20
25.041052059481494
 30
4.179916714722056
 10
74.9
 20
25.1109263986641
 30
4.175724254371099
 10
77.78
 20
25.098947940518507
 30
3.976083285277943
 10
77.78
 20
25.029073601335902
 30
3.9802757456289
 10
77.78
 20
25.041052059481494
 30
4.179916714722056
 10
77.78
 20
25.1109263986641
 30
4.175724254371099
 93
30
 90
4
 90
3
 90
2
 90
1
 90
0
 90
4
 90
4
 90
5
 90
6
 90
7
 90
4
 90
0
 90
1
 90
5
 90
4
 90
4
 90
1
 90
2
 90
6
 90
5
 90
4
 90
2
 90
3
 90
7
 90
6
 90
4
 90
3
 90
0
 90
4
 90
7
 94
0
 95
0
 90
0
  0
MESH
  5
193
330
17
100
AcDbEntity
  8
3D-PURL
100
AcDbSubDMesh
 71
2
 72
0
 91
0
 92
8
 10
77.78
 20
25.098947940518507
 30
3.976083285277943
 10
77.78
 20
25.029073601335902
 30
3.9802757456289
 10
77.78
 20
25.041052059481494
 30
4.179916714722056
 10
77.78
 20
25.1109263986641
 30
4.175724254371099
 10
81.85
 20
25.098947940518507
 30
3.976083285277943
 10
81.85
 20
25.029073601335902
 30
3.9802757456289
 10
81.85
 20
25.041052059481494
 30
4.179916714722056
 10
81.85
 20
25.1109263986641
 30
4.175724254371099
 93
30
 90
4
 90
3
 90
2
 90
1
 90
0
 90
4
 90
4
 90
5
 90
6
 90
7
 90
4
 90
0
 90
1
 90
5
 90
4
 90
4
 90
1
 90
2
 90
6
 90
5
 90
4
 90
2
 90
3
 90
7
 90
6
 90
4
 90
3
 90
0
 90
4
 90
7
 94
0
 95
0
 90
0
  0
MESH
  5
194
330
17
100
AcDbEntity
  8
3D-PURL
100
AcDbSubDMesh
 71
2
 72
0
 91
0
 92
8
 10
81.85
 20
25.098947940518507
 30
3.976083285277943
 10
81.85
 20
25.029073601335902
 30
3.9802757456289
 10
81.85
 20
25.041052059481494
 30
4.179916714722056
 10
81.85
 20
25.1109263986641
 30
4.175724254371099
 10
84.5
 20
25.098947940518507
 30
3.976083285277943
 10
84.5
 20
25.029073601335902
 30
3.9802757456289
 10
84.5
 20
25.041052059481494
 30
4.179916714722056
 10
84.5
 20
25.1109263986641
 30
4.175724254371099
 93
30
 90
4
 90
3
 90
2
 90
1
 90
0
 90
4
 90
4
 90
5
 90
6
 90
7
 90
4
 90
0
 90
1
 90
5
 90
4
 90
4
 90
1
 90
2
 90
6
 90
5
 90
4
 90
2
 90
3
 90
7
 90
6
 90
4
 90
3
 90
0
 90
4
 90
7
 94
0
 95
0
 90
0
  0
MESH
  5
195
330
17
100
AcDbEntity
  8
3D-PURL
100
AcDbSubDMesh
 71
2
 72
0
 91
0
 92
8
 10
84.5
 20
25.098947940518507
 30
3.976083285277943
 10
84.5
 20
25.029073601335902
 30
3.9802757456289
 10
84.5
 20
25.041052059481494
 30
4.179916714722056
 10
84.5
 20
25.1109263986641
 30
4.175724254371099
 10
87.19
 20
25.098947940518507
 30
3.976083285277943
 10
87.19
 20
25.029073601335902
 30
3.9802757456289
 10
87.19
 20
25.041052059481494
 30
4.179916714722056
 10
87.19
 20
25.1109263986641
 30
4.175724254371099
 93
30
 90
4
 90
3
 90
2
 90
1
 90
0
 90
4
 90
4
 90
5
 90
6
 90
7
 90
4
 90
0
 90
1
 90
5
 90
4
 90
4
 90
1
 90
2
 90
6
 90
5
 90
4
 90
2
 90
3
 90
7
 90
6
 90
4
 90
3
 90
0
 90
4
 90
7
 94
0
 95
0
 90
0
  0
MESH
  5
196
330
17
100
AcDbEntity
  8
3D-PURL
100
AcDbSubDMesh
 71
2
 72
0
 91
0
 92
8
 10
87.19
 20
25.098947940518507
 30
3.976083285277943
 10
87.19
 20
25.029073601335902
 30
3.9802757456289
 10
87.19
 20
25.041052059481494
 30
4.179916714722056
 10
87.19
 20
25.1109263986641
 30
4.175724254371099
 10
89.9
 20
25.098947940518507
 30
3.976083285277943
 10
89.9
 20
25.029073601335902
 30
3.9802757456289
 10
89.9
 20
25.041052059481494
 30
4.179916714722056
 10
89.9
 20
25.1109263986641
 30
4.175724254371099
 93
30
 90
4
 90
3
 90
2
 90
1
 90
0
 90
4
 90
4
 90
5
 90
6
 90
7
 90
4
 90
0
 90
1
 90
5
 90
4
 90
4
 90
1
 90
2
 90
6
 90
5
 90
4
 90
2
 90
3
 90
7
 90
6
 90
4
 90
3
 90
0
 90
4
 90
7
 94
0
 95
0
 90
0
  0
MESH
  5
197
330
17
100
AcDbEntity
  8
3D-PURL
100
AcDbSubDMesh
 71
2
 72
0
 91
0
 92
8
 10
89.9
 20
25.098947940518507
 30
3.976083285277943
 10
89.9
 20
25.029073601335902
 30
3.9802757456289
 10
89.9
 20
25.041052059481494
 30
4.179916714722056
 10
89.9
 20
25.1109263986641
 30
4.175724254371099
 10
92.48
 20
25.098947940518507
 30
3.976083285277943
 10
92.48
 20
25.029073601335902
 30
3.9802757456289
 10
92.48
 20
25.041052059481494
 30
4.179916714722056
 10
92.48
 20
25.1109263986641
 30
4.175724254371099
 93
30
 90
4
 90
3
 90
2
 90
1
 90
0
 90
4
 90
4
 90
5
 90
6
 90
7
 90
4
 90
0
 90
1
 90
5
 90
4
 90
4
 90
1
 90
2
 90
6
 90
5
 90
4
 90
2
 90
3
 90
7
 90
6
 90
4
 90
3
 90
0
 90
4
 90
7
 94
0
 95
0
 90
0
  0
MESH
  5
198
330
17
100
AcDbEntity
  8
3D-PURL
100
AcDbSubDMesh
 71
2
 72
0
 91
0
 92
8
 10
92.48
 20
25.098947940518507
 30
3.976083285277943
 10
92.48
 20
25.029073601335902
 30
3.9802757456289
 10
92.48
 20
25.041052059481494
 30
4.179916714722056
 10
92.48
 20
25.1109263986641
 30
4.175724254371099
 10
95.55
 20
25.098947940518507
 30
3.976083285277943
 10
95.55
 20
25.029073601335902
 30
3.9802757456289
 10
95.55
 20
25.041052059481494
 30
4.179916714722056
 10
95.55
 20
25.1109263986641
 30
4.175724254371099
 93
30
 90
4
 90
3
 90
2
 90
1
 90
0
 90
4
 90
4
 90
5
 90
6
 90
7
 90
4
 90
0
 90
1
 90
5
 90
4
 90
4
 90
1
 90
2
 90
6
 90
5
 90
4
 90
2
 90
3
 90
7
 90
6
 90
4
 90
3
 90
0
 90
4
 90
7
 94
0
 95
0
 90
0
  0
MESH
  5
199
330
17
100
AcDbEntity
  8
3D-PURL
100
AcDbSubDMesh
 71
2
 72
0
 91
0
 92
8
 10
67.99
 20
23.598947940518507
 30
4.0660832852779425
 10
67.99
 20
23.529073601335902
 30
4.0702757456289
 10
67.99
 20
23.541052059481494
 30
4.269916714722056
 10
67.99
 20
23.6109263986641
 30
4.265724254371099
 10
70.04
 20
23.598947940518507
 30
4.0660832852779425
 10
70.04
 20
23.529073601335902
 30
4.0702757456289
 10
70.04
 20
23.541052059481494
 30
4.269916714722056
 10
70.04
 20
23.6109263986641
 30
4.265724254371099
 93
30
 90
4
 90
3
 90
2
 90
1
 90
0
 90
4
 90
4
 90
5
 90
6
 90
7
 90
4
 90
0
 90
1
 90
5
 90
4
 90
4
 90
1
 90
2
 90
6
 90
5
 90
4
 90
2
 90
3
 90
7
 90
6
 90
4
 90
3
 90
0
 90
4
 90
7
 94
0
 95
0
 90
0
  0
MESH
  5
19A
330
17
100
AcDbEntity
  8
3D-PURL
100
AcDbSubDMesh
 71
2
 72
0
 91
0
 92
8
 10
70.04
 20
23.598947940518507
 30
4.0660832852779425
 10
70.04
 20
23.529073601335902
 30
4.0702757456289
 10
70.04
 20
23.541052059481494
 30
4.269916714722056
 10
70.04
 20
23.6109263986641
 30
4.265724254371099
 10
72.09
 20
23.598947940518507
 30
4.0660832852779425
 10
72.09
 20
23.529073601335902
 30
4.0702757456289
 10
72.09
 20
23.541052059481494
 30
4.269916714722056
 10
72.09
 20
23.6109263986641
 30
4.265724254371099
 93
30
 90
4
 90
3
 90
2
 90
1
 90
0
 90
4
 90
4
 90
5
 90
6
 90
7
 90
4
 90
0
 90
1
 90
5
 90
4
 90
4
 90
1
 90
2
 90
6
 90
5
 90
4
 90
2
 90
3
 90
7
 90
6
 90
4
 90
3
 90
0
 90
4
 90
7
 94
0
 95
0
 90
0
  0
MESH
  5
19B
330
17
100
AcDbEntity
  8
3D-PURL
100
AcDbSubDMesh
 71
2
 72
0
 91
0
 92
8
 10
72.09
 20
23.598947940518507
 30
4.0660832852779425
 10
72.09
 20
23.529073601335902
 30
4.0702757456289
 10
72.09
 20
23.541052059481494
 30
4.269916714722056
 10
72.09
 20
23.6109263986641
 30
4.265724254371099
 10
74.9
 20
23.598947940518507
 30
4.0660832852779425
 10
74.9
 20
23.529073601335902
 30
4.0702757456289
 10
74.9
 20
23.541052059481494
 30
4.269916714722056
 10
74.9
 20
23.6109263986641
 30
4.265724254371099
 93
30
 90
4
 90
3
 90
2
 90
1
 90
0
 90
4
 90
4
 90
5
 90
6
 90
7
 90
4
 90
0
 90
1
 90
5
 90
4
 90
4
 90
1
 90
2
 90
6
 90
5
 90
4
 90
2
 90
3
 90
7
 90
6
 90
4
 90
3
 90
0
 90
4
 90
7
 94
0
 95
0
 90
0
  0
MESH
  5
19C
330
17
100
AcDbEntity
  8
3D-PURL
100
AcDbSubDMesh
 71
2
 72
0
 91
0
 92
8
 10
74.9
 20
23.598947940518507
 30
4.0660832852779425
 10
74.9
 20
23.529073601335902
 30
4.0702757456289
 10
74.9
 20
23.541052059481494
 30
4.269916714722056
 10
74.9
 20
23.6109263986641
 30
4.265724254371099
 10
77.78
 20
23.598947940518507
 30
4.0660832852779425
 10
77.78
 20
23.529073601335902
 30
4.0702757456289
 10
77.78
 20
23.541052059481494
 30
4.269916714722056
 10
77.78
 20
23.6109263986641
 30
4.265724254371099
 93
30
 90
4
 90
3
 90
2
 90
1
 90
0
 90
4
 90
4
 90
5
 90
6
 90
7
 90
4
 90
0
 90
1
 90
5
 90
4
 90
4
 90
1
 90
2
 90
6
 90
5
 90
4
 90
2
 90
3
 90
7
 90
6
 90
4
 90
3
 90
0
 90
4
 90
7
 94
0
 95
0
 90
0
  0
MESH
  5
19D
330
17
100
AcDbEntity
  8
3D-PURL
100
AcDbSubDMesh
 71
2
 72
0
 91
0
 92
8
 10
81.85
 20
23.598947940518507
 30
4.0660832852779425
 10
81.85
 20
23.529073601335902
 30
4.0702757456289
 10
81.85
 20
23.541052059481494
 30
4.269916714722056
 10
81.85
 20
23.6109263986641
 30
4.265724254371099
 10
84.5
 20
23.598947940518507
 30
4.0660832852779425
 10
84.5
 20
23.529073601335902
 30
4.0702757456289
 10
84.5
 20
23.541052059481494
 30
4.269916714722056
 10
84.5
 20
23.6109263986641
 30
4.265724254371099
 93
30
 90
4
 90
3
 90
2
 90
1
 90
0
 90
4
 90
4
 90
5
 90
6
 90
7
 90
4
 90
0
 90
1
 90
5
 90
4
 90
4
 90
1
 90
2
 90
6
 90
5
 90
4
 90
2
 90
3
 90
7
 90
6
 90
4
 90
3
 90
0
 90
4
 90
7
 94
0
 95
0
 90
0
  0
MESH
  5
19E
330
17
100
AcDbEntity
  8
3D-PURL
100
AcDbSubDMesh
 71
2
 72
0
 91
0
 92
8
 10
84.5
 20
23.598947940518507
 30
4.0660832852779425
 10
84.5
 20
23.529073601335902
 30
4.0702757456289
 10
84.5
 20
23.541052059481494
 30
4.269916714722056
 10
84.5
 20
23.6109263986641
 30
4.265724254371099
 10
87.19
 20
23.598947940518507
 30
4.0660832852779425
 10
87.19
 20
23.529073601335902
 30
4.0702757456289
 10
87.19
 20
23.541052059481494
 30
4.269916714722056
 10
87.19
 20
23.6109263986641
 30
4.265724254371099
 93
30
 90
4
 90
3
 90
2
 90
1
 90
0
 90
4
 90
4
 90
5
 90
6
 90
7
 90
4
 90
0
 90
1
 90
5
 90
4
 90
4
 90
1
 90
2
 90
6
 90
5
 90
4
 90
2
 90
3
 90
7
 90
6
 90
4
 90
3
 90
0
 90
4
 90
7
 94
0
 95
0
 90
0
  0
MESH
  5
19F
330
17
100
AcDbEntity
  8
3D-PURL
100
AcDbSubDMesh
 71
2
 72
0
 91
0
 92
8
 10
87.19
 20
23.598947940518507
 30
4.0660832852779425
 10
87.19
 20
23.529073601335902
 30
4.0702757456289
 10
87.19
 20
23.541052059481494
 30
4.269916714722056
 10
87.19
 20
23.6109263986641
 30
4.265724254371099
 10
89.9
 20
23.598947940518507
 30
4.0660832852779425
 10
89.9
 20
23.529073601335902
 30
4.0702757456289
 10
89.9
 20
23.541052059481494
 30
4.269916714722056
 10
89.9
 20
23.6109263986641
 30
4.265724254371099
 93
30
 90
4
 90
3
 90
2
 90
1
 90
0
 90
4
 90
4
 90
5
 90
6
 90
7
 90
4
 90
0
 90
1
 90
5
 90
4
 90
4
 90
1
 90
2
 90
6
 90
5
 90
4
 90
2
 90
3
 90
7
 90
6
 90
4
 90
3
 90
0
 90
4
 90
7
 94
0
 95
0
 90
0
  0
MESH
  5
1A0
330
17
100
AcDbEntity
  8
3D-PURL
100
AcDbSubDMesh
 71
2
 72
0
 91
0
 92
8
 10
89.9
 20
23.598947940518507
 30
4.0660832852779425
 10
89.9
 20
23.529073601335902
 30
4.0702757456289
 10
89.9
 20
23.541052059481494
 30
4.269916714722056
 10
89.9
 20
23.6109263986641
 30
4.265724254371099
 10
92.48
 20
23.598947940518507
 30
4.0660832852779425
 10
92.48
 20
23.529073601335902
 30
4.0702757456289
 10
92.48
 20
23.541052059481494
 30
4.269916714722056
 10
92.48
 20
23.6109263986641
 30
4.265724254371099
 93
30
 90
4
 90
3
 90
2
 90
1
 90
0
 90
4
 90
4
 90
5
 90
6
 90
7
 90
4
 90
0
 90
1
 90
5
 90
4
 90
4
 90
1
 90
2
 90
6
 90
5
 90
4
 90
2
 90
3
 90
7
 90
6
 90
4
 90
3
 90
0
 90
4
 90
7
 94
0
 95
0
 90
0
  0
MESH
  5
1A1
330
17
100
AcDbEntity
  8
3D-PURL
100
AcDbSubDMesh
 71
2
 72
0
 91
0
 92
8
 10
92.48
 20
23.598947940518507
 30
4.0660832852779425
 10
92.48
 20
23.529073601335902
 30
4.0702757456289
 10
92.48
 20
23.541052059481494
 30
4.269916714722056
 10
92.48
 20
23.6109263986641
 30
4.265724254371099
 10
95.55
 20
23.598947940518507
 30
4.0660832852779425
 10
95.55
 20
23.529073601335902
 30
4.0702757456289
 10
95.55
 20
23.541052059481494
 30
4.269916714722056
 10
95.55
 20
23.6109263986641
 30
4.265724254371099
 93
30
 90
4
 90
3
 90
2
 90
1
 90
0
 90
4
 90
4
 90
5
 90
6
 90
7
 90
4
 90
0
 90
1
 90
5
 90
4
 90
4
 90
1
 90
2
 90
6
 90
5
 90
4
 90
2
 90
3
 90
7
 90
6
 90
4
 90
3
 90
0
 90
4
 90
7
 94
0
 95
0
 90
0
  0
MESH
  5
1A2
330
17
100
AcDbEntity
  8
3D-PURL
100
AcDbSubDMesh
 71
2
 72
0
 91
0
 92
8
 10
67.99
 20
22.098947940518507
 30
4.156083285277942
 10
67.99
 20
22.029073601335902
 30
4.1602757456288995
 10
67.99
 20
22.041052059481494
 30
4.359916714722056
 10
67.99
 20
22.1109263986641
 30
4.355724254371099
 10
70.04
 20
22.098947940518507
 30
4.156083285277942
 10
70.04
 20
22.029073601335902
 30
4.1602757456288995
 10
70.04
 20
22.041052059481494
 30
4.359916714722056
 10
70.04
 20
22.1109263986641
 30
4.355724254371099
 93
30
 90
4
 90
3
 90
2
 90
1
 90
0
 90
4
 90
4
 90
5
 90
6
 90
7
 90
4
 90
0
 90
1
 90
5
 90
4
 90
4
 90
1
 90
2
 90
6
 90
5
 90
4
 90
2
 90
3
 90
7
 90
6
 90
4
 90
3
 90
0
 90
4
 90
7
 94
0
 95
0
 90
0
  0
MESH
  5
1A3
330
17
100
AcDbEntity
  8
3D-PURL
100
AcDbSubDMesh
 71
2
 72
0
 91
0
 92
8
 10
70.04
 20
22.098947940518507
 30
4.156083285277942
 10
70.04
 20
22.029073601335902
 30
4.1602757456288995
 10
70.04
 20
22.041052059481494
 30
4.359916714722056
 10
70.04
 20
22.1109263986641
 30
4.355724254371099
 10
72.09
 20
22.098947940518507
 30
4.156083285277942
 10
72.09
 20
22.029073601335902
 30
4.1602757456288995
 10
72.09
 20
22.041052059481494
 30
4.359916714722056
 10
72.09
 20
22.1109263986641
 30
4.355724254371099
 93
30
 90
4
 90
3
 90
2
 90
1
 90
0
 90
4
 90
4
 90
5
 90
6
 90
7
 90
4
 90
0
 90
1
 90
5
 90
4
 90
4
 90
1
 90
2
 90
6
 90
5
 90
4
 90
2
 90
3
 90
7
 90
6
 90
4
 90
3
 90
0
 90
4
 90
7
 94
0
 95
0
 90
0
  0
MESH
  5
1A4
330
17
100
AcDbEntity
  8
3D-PURL
100
AcDbSubDMesh
 71
2
 72
0
 91
0
 92
8
 10
72.09
 20
22.098947940518507
 30
4.156083285277942
 10
72.09
 20
22.029073601335902
 30
4.1602757456288995
 10
72.09
 20
22.041052059481494
 30
4.359916714722056
 10
72.09
 20
22.1109263986641
 30
4.355724254371099
 10
74.9
 20
22.098947940518507
 30
4.156083285277942
 10
74.9
 20
22.029073601335902
 30
4.1602757456288995
 10
74.9
 20
22.041052059481494
 30
4.359916714722056
 10
74.9
 20
22.1109263986641
 30
4.355724254371099
 93
30
 90
4
 90
3
 90
2
 90
1
 90
0
 90
4
 90
4
 90
5
 90
6
 90
7
 90
4
 90
0
 90
1
 90
5
 90
4
 90
4
 90
1
 90
2
 90
6
 90
5
 90
4
 90
2
 90
3
 90
7
 90
6
 90
4
 90
3
 90
0
 90
4
 90
7
 94
0
 95
0
 90
0
  0
MESH
  5
1A5
330
17
100
AcDbEntity
  8
3D-PURL
100
AcDbSubDMesh
 71
2
 72
0
 91
0
 92
8
 10
74.9
 20
22.098947940518507
 30
4.156083285277942
 10
74.9
 20
22.029073601335902
 30
4.1602757456288995
 10
74.9
 20
22.041052059481494
 30
4.359916714722056
 10
74.9
 20
22.1109263986641
 30
4.355724254371099
 10
77.78
 20
22.098947940518507
 30
4.156083285277942
 10
77.78
 20
22.029073601335902
 30
4.1602757456288995
 10
77.78
 20
22.041052059481494
 30
4.359916714722056
 10
77.78
 20
22.1109263986641
 30
4.355724254371099
 93
30
 90
4
 90
3
 90
2
 90
1
 90
0
 90
4
 90
4
 90
5
 90
6
 90
7
 90
4
 90
0
 90
1
 90
5
 90
4
 90
4
 90
1
 90
2
 90
6
 90
5
 90
4
 90
2
 90
3
 90
7
 90
6
 90
4
 90
3
 90
0
 90
4
 90
7
 94
0
 95
0
 90
0
  0
MESH
  5
1A6
330
17
100
AcDbEntity
  8
3D-PURL
100
AcDbSubDMesh
 71
2
 72
0
 91
0
 92
8
 10
81.85
 20
22.098947940518507
 30
4.156083285277942
 10
81.85
 20
22.029073601335902
 30
4.1602757456288995
 10
81.85
 20
22.041052059481494
 30
4.359916714722056
 10
81.85
 20
22.1109263986641
 30
4.355724254371099
 10
84.5
 20
22.098947940518507
 30
4.156083285277942
 10
84.5
 20
22.029073601335902
 30
4.1602757456288995
 10
84.5
 20
22.041052059481494
 30
4.359916714722056
 10
84.5
 20
22.1109263986641
 30
4.355724254371099
 93
30
 90
4
 90
3
 90
2
 90
1
 90
0
 90
4
 90
4
 90
5
 90
6
 90
7
 90
4
 90
0
 90
1
 90
5
 90
4
 90
4
 90
1
 90
2
 90
6
 90
5
 90
4
 90
2
 90
3
 90
7
 90
6
 90
4
 90
3
 90
0
 90
4
 90
7
 94
0
 95
0
 90
0
  0
MESH
  5
1A7
330
17
100
AcDbEntity
  8
3D-PURL
100
AcDbSubDMesh
 71
2
 72
0
 91
0
 92
8
 10
84.5
 20
22.098947940518507
 30
4.156083285277942
 10
84.5
 20
22.029073601335902
 30
4.1602757456288995
 10
84.5
 20
22.041052059481494
 30
4.359916714722056
 10
84.5
 20
22.1109263986641
 30
4.355724254371099
 10
87.19
 20
22.098947940518507
 30
4.156083285277942
 10
87.19
 20
22.029073601335902
 30
4.1602757456288995
 10
87.19
 20
22.041052059481494
 30
4.359916714722056
 10
87.19
 20
22.1109263986641
 30
4.355724254371099
 93
30
 90
4
 90
3
 90
2
 90
1
 90
0
 90
4
 90
4
 90
5
 90
6
 90
7
 90
4
 90
0
 90
1
 90
5
 90
4
 90
4
 90
1
 90
2
 90
6
 90
5
 90
4
 90
2
 90
3
 90
7
 90
6
 90
4
 90
3
 90
0
 90
4
 90
7
 94
0
 95
0
 90
0
  0
MESH
  5
1A8
330
17
100
AcDbEntity
  8
3D-PURL
100
AcDbSubDMesh
 71
2
 72
0
 91
0
 92
8
 10
87.19
 20
22.098947940518507
 30
4.156083285277942
 10
87.19
 20
22.029073601335902
 30
4.1602757456288995
 10
87.19
 20
22.041052059481494
 30
4.359916714722056
 10
87.19
 20
22.1109263986641
 30
4.355724254371099
 10
89.9
 20
22.098947940518507
 30
4.156083285277942
 10
89.9
 20
22.029073601335902
 30
4.1602757456288995
 10
89.9
 20
22.041052059481494
 30
4.359916714722056
 10
89.9
 20
22.1109263986641
 30
4.355724254371099
 93
30
 90
4
 90
3
 90
2
 90
1
 90
0
 90
4
 90
4
 90
5
 90
6
 90
7
 90
4
 90
0
 90
1
 90
5
 90
4
 90
4
 90
1
 90
2
 90
6
 90
5
 90
4
 90
2
 90
3
 90
7
 90
6
 90
4
 90
3
 90
0
 90
4
 90
7
 94
0
 95
0
 90
0
  0
MESH
  5
1A9
330
17
100
AcDbEntity
  8
3D-PURL
100
AcDbSubDMesh
 71
2
 72
0
 91
0
 92
8
 10
89.9
 20
22.098947940518507
 30
4.156083285277942
 10
89.9
 20
22.029073601335902
 30
4.1602757456288995
 10
89.9
 20
22.041052059481494
 30
4.359916714722056
 10
89.9
 20
22.1109263986641
 30
4.355724254371099
 10
92.48
 20
22.098947940518507
 30
4.156083285277942
 10
92.48
 20
22.029073601335902
 30
4.1602757456288995
 10
92.48
 20
22.041052059481494
 30
4.359916714722056
 10
92.48
 20
22.1109263986641
 30
4.355724254371099
 93
30
 90
4
 90
3
 90
2
 90
1
 90
0
 90
4
 90
4
 90
5
 90
6
 90
7
 90
4
 90
0
 90
1
 90
5
 90
4
 90
4
 90
1
 90
2
 90
6
 90
5
 90
4
 90
2
 90
3
 90
7
 90
6
 90
4
 90
3
 90
0
 90
4
 90
7
 94
0
 95
0
 90
0
  0
MESH
  5
1AA
330
17
100
AcDbEntity
  8
3D-PURL
100
AcDbSubDMesh
 71
2
 72
0
 91
0
 92
8
 10
92.48
 20
22.098947940518507
 30
4.156083285277942
 10
92.48
 20
22.029073601335902
 30
4.1602757456288995
 10
92.48
 20
22.041052059481494
 30
4.359916714722056
 10
92.48
 20
22.1109263986641
 30
4.355724254371099
 10
95.55
 20
22.098947940518507
 30
4.156083285277942
 10
95.55
 20
22.029073601335902
 30
4.1602757456288995
 10
95.55
 20
22.041052059481494
 30
4.359916714722056
 10
95.55
 20
22.1109263986641
 30
4.355724254371099
 93
30
 90
4
 90
3
 90
2
 90
1
 90
0
 90
4
 90
4
 90
5
 90
6
 90
7
 90
4
 90
0
 90
1
 90
5
 90
4
 90
4
 90
1
 90
2
 90
6
 90
5
 90
4
 90
2
 90
3
 90
7
 90
6
 90
4
 90
3
 90
0
 90
4
 90
7
 94
0
 95
0
 90
0
  0
MESH
  5
1AB
330
17
100
AcDbEntity
  8
3D-PURL
100
AcDbSubDMesh
 71
2
 72
0
 91
0
 92
8
 10
67.99
 20
20.598947940518507
 30
4.246083285277943
 10
67.99
 20
20.529073601335902
 30
4.2502757456289
 10
67.99
 20
20.541052059481494
 30
4.449916714722057
 10
67.99
 20
20.6109263986641
 30
4.4457242543710995
 10
70.04
 20
20.598947940518507
 30
4.246083285277943
 10
70.04
 20
20.529073601335902
 30
4.2502757456289
 10
70.04
 20
20.541052059481494
 30
4.449916714722057
 10
70.04
 20
20.6109263986641
 30
4.4457242543710995
 93
30
 90
4
 90
3
 90
2
 90
1
 90
0
 90
4
 90
4
 90
5
 90
6
 90
7
 90
4
 90
0
 90
1
 90
5
 90
4
 90
4
 90
1
 90
2
 90
6
 90
5
 90
4
 90
2
 90
3
 90
7
 90
6
 90
4
 90
3
 90
0
 90
4
 90
7
 94
0
 95
0
 90
0
  0
MESH
  5
1AC
330
17
100
AcDbEntity
  8
3D-PURL
100
AcDbSubDMesh
 71
2
 72
0
 91
0
 92
8
 10
70.04
 20
20.598947940518507
 30
4.246083285277943
 10
70.04
 20
20.529073601335902
 30
4.2502757456289
 10
70.04
 20
20.541052059481494
 30
4.449916714722057
 10
70.04
 20
20.6109263986641
 30
4.4457242543710995
 10
72.09
 20
20.598947940518507
 30
4.246083285277943
 10
72.09
 20
20.529073601335902
 30
4.2502757456289
 10
72.09
 20
20.541052059481494
 30
4.449916714722057
 10
72.09
 20
20.6109263986641
 30
4.4457242543710995
 93
30
 90
4
 90
3
 90
2
 90
1
 90
0
 90
4
 90
4
 90
5
 90
6
 90
7
 90
4
 90
0
 90
1
 90
5
 90
4
 90
4
 90
1
 90
2
 90
6
 90
5
 90
4
 90
2
 90
3
 90
7
 90
6
 90
4
 90
3
 90
0
 90
4
 90
7
 94
0
 95
0
 90
0
  0
MESH
  5
1AD
330
17
100
AcDbEntity
  8
3D-PURL
100
AcDbSubDMesh
 71
2
 72
0
 91
0
 92
8
 10
72.09
 20
20.598947940518507
 30
4.246083285277943
 10
72.09
 20
20.529073601335902
 30
4.2502757456289
 10
72.09
 20
20.541052059481494
 30
4.449916714722057
 10
72.09
 20
20.6109263986641
 30
4.4457242543710995
 10
74.9
 20
20.598947940518507
 30
4.246083285277943
 10
74.9
 20
20.529073601335902
 30
4.2502757456289
 10
74.9
 20
20.541052059481494
 30
4.449916714722057
 10
74.9
 20
20.6109263986641
 30
4.4457242543710995
 93
30
 90
4
 90
3
 90
2
 90
1
 90
0
 90
4
 90
4
 90
5
 90
6
 90
7
 90
4
 90
0
 90
1
 90
5
 90
4
 90
4
 90
1
 90
2
 90
6
 90
5
 90
4
 90
2
 90
3
 90
7
 90
6
 90
4
 90
3
 90
0
 90
4
 90
7
 94
0
 95
0
 90
0
  0
MESH
  5
1AE
330
17
100
AcDbEntity
  8
3D-PURL
100
AcDbSubDMesh
 71
2
 72
0
 91
0
 92
8
 10
74.9
 20
20.598947940518507
 30
4.246083285277943
 10
74.9
 20
20.529073601335902
 30
4.2502757456289
 10
74.9
 20
20.541052059481494
 30
4.449916714722057
 10
74.9
 20
20.6109263986641
 30
4.4457242543710995
 10
77.78
 20
20.598947940518507
 30
4.246083285277943
 10
77.78
 20
20.529073601335902
 30
4.2502757456289
 10
77.78
 20
20.541052059481494
 30
4.449916714722057
 10
77.78
 20
20.6109263986641
 30
4.4457242543710995
 93
30
 90
4
 90
3
 90
2
 90
1
 90
0
 90
4
 90
4
 90
5
 90
6
 90
7
 90
4
 90
0
 90
1
 90
5
 90
4
 90
4
 90
1
 90
2
 90
6
 90
5
 90
4
 90
2
 90
3
 90
7
 90
6
 90
4
 90
3
 90
0
 90
4
 90
7
 94
0
 95
0
 90
0
  0
MESH
  5
1AF
330
17
100
AcDbEntity
  8
3D-PURL
100
AcDbSubDMesh
 71
2
 72
0
 91
0
 92
8
 10
81.85
 20
20.598947940518507
 30
4.246083285277943
 10
81.85
 20
20.529073601335902
 30
4.2502757456289
 10
81.85
 20
20.541052059481494
 30
4.449916714722057
 10
81.85
 20
20.6109263986641
 30
4.4457242543710995
 10
84.5
 20
20.598947940518507
 30
4.246083285277943
 10
84.5
 20
20.529073601335902
 30
4.2502757456289
 10
84.5
 20
20.541052059481494
 30
4.449916714722057
 10
84.5
 20
20.6109263986641
 30
4.4457242543710995
 93
30
 90
4
 90
3
 90
2
 90
1
 90
0
 90
4
 90
4
 90
5
 90
6
 90
7
 90
4
 90
0
 90
1
 90
5
 90
4
 90
4
 90
1
 90
2
 90
6
 90
5
 90
4
 90
2
 90
3
 90
7
 90
6
 90
4
 90
3
 90
0
 90
4
 90
7
 94
0
 95
0
 90
0
  0
MESH
  5
1B0
330
17
100
AcDbEntity
  8
3D-PURL
100
AcDbSubDMesh
 71
2
 72
0
 91
0
 92
8
 10
84.5
 20
20.598947940518507
 30
4.246083285277943
 10
84.5
 20
20.529073601335902
 30
4.2502757456289
 10
84.5
 20
20.541052059481494
 30
4.449916714722057
 10
84.5
 20
20.6109263986641
 30
4.4457242543710995
 10
87.19
 20
20.598947940518507
 30
4.246083285277943
 10
87.19
 20
20.529073601335902
 30
4.2502757456289
 10
87.19
 20
20.541052059481494
 30
4.449916714722057
 10
87.19
 20
20.6109263986641
 30
4.4457242543710995
 93
30
 90
4
 90
3
 90
2
 90
1
 90
0
 90
4
 90
4
 90
5
 90
6
 90
7
 90
4
 90
0
 90
1
 90
5
 90
4
 90
4
 90
1
 90
2
 90
6
 90
5
 90
4
 90
2
 90
3
 90
7
 90
6
 90
4
 90
3
 90
0
 90
4
 90
7
 94
0
 95
0
 90
0
  0
MESH
  5
1B1
330
17
100
AcDbEntity
  8
3D-PURL
100
AcDbSubDMesh
 71
2
 72
0
 91
0
 92
8
 10
87.19
 20
20.598947940518507
 30
4.246083285277943
 10
87.19
 20
20.529073601335902
 30
4.2502757456289
 10
87.19
 20
20.541052059481494
 30
4.449916714722057
 10
87.19
 20
20.6109263986641
 30
4.4457242543710995
 10
89.9
 20
20.598947940518507
 30
4.246083285277943
 10
89.9
 20
20.529073601335902
 30
4.2502757456289
 10
89.9
 20
20.541052059481494
 30
4.449916714722057
 10
89.9
 20
20.6109263986641
 30
4.4457242543710995
 93
30
 90
4
 90
3
 90
2
 90
1
 90
0
 90
4
 90
4
 90
5
 90
6
 90
7
 90
4
 90
0
 90
1
 90
5
 90
4
 90
4
 90
1
 90
2
 90
6
 90
5
 90
4
 90
2
 90
3
 90
7
 90
6
 90
4
 90
3
 90
0
 90
4
 90
7
 94
0
 95
0
 90
0
  0
MESH
  5
1B2
330
17
100
AcDbEntity
  8
3D-PURL
100
AcDbSubDMesh
 71
2
 72
0
 91
0
 92
8
 10
89.9
 20
20.598947940518507
 30
4.246083285277943
 10
89.9
 20
20.529073601335902
 30
4.2502757456289
 10
89.9
 20
20.541052059481494
 30
4.449916714722057
 10
89.9
 20
20.6109263986641
 30
4.4457242543710995
 10
92.48
 20
20.598947940518507
 30
4.246083285277943
 10
92.48
 20
20.529073601335902
 30
4.2502757456289
 10
92.48
 20
20.541052059481494
 30
4.449916714722057
 10
92.48
 20
20.6109263986641
 30
4.4457242543710995
 93
30
 90
4
 90
3
 90
2
 90
1
 90
0
 90
4
 90
4
 90
5
 90
6
 90
7
 90
4
 90
0
 90
1
 90
5
 90
4
 90
4
 90
1
 90
2
 90
6
 90
5
 90
4
 90
2
 90
3
 90
7
 90
6
 90
4
 90
3
 90
0
 90
4
 90
7
 94
0
 95
0
 90
0
  0
MESH
  5
1B3
330
17
100
AcDbEntity
  8
3D-PURL
100
AcDbSubDMesh
 71
2
 72
0
 91
0
 92
8
 10
92.48
 20
20.598947940518507
 30
4.246083285277943
 10
92.48
 20
20.529073601335902
 30
4.2502757456289
 10
92.48
 20
20.541052059481494
 30
4.449916714722057
 10
92.48
 20
20.6109263986641
 30
4.4457242543710995
 10
95.55
 20
20.598947940518507
 30
4.246083285277943
 10
95.55
 20
20.529073601335902
 30
4.2502757456289
 10
95.55
 20
20.541052059481494
 30
4.449916714722057
 10
95.55
 20
20.6109263986641
 30
4.4457242543710995
 93
30
 90
4
 90
3
 90
2
 90
1
 90
0
 90
4
 90
4
 90
5
 90
6
 90
7
 90
4
 90
0
 90
1
 90
5
 90
4
 90
4
 90
1
 90
2
 90
6
 90
5
 90
4
 90
2
 90
3
 90
7
 90
6
 90
4
 90
3
 90
0
 90
4
 90
7
 94
0
 95
0
 90
0
  0
MESH
  5
1B4
330
17
100
AcDbEntity
  8
3D-PURL
100
AcDbSubDMesh
 71
2
 72
0
 91
0
 92
8
 10
67.99
 20
19.098947940518507
 30
4.336083285277943
 10
67.99
 20
19.029073601335902
 30
4.3402757456289
 10
67.99
 20
19.041052059481494
 30
4.5399167147220565
 10
67.99
 20
19.1109263986641
 30
4.535724254371099
 10
70.04
 20
19.098947940518507
 30
4.336083285277943
 10
70.04
 20
19.029073601335902
 30
4.3402757456289
 10
70.04
 20
19.041052059481494
 30
4.5399167147220565
 10
70.04
 20
19.1109263986641
 30
4.535724254371099
 93
30
 90
4
 90
3
 90
2
 90
1
 90
0
 90
4
 90
4
 90
5
 90
6
 90
7
 90
4
 90
0
 90
1
 90
5
 90
4
 90
4
 90
1
 90
2
 90
6
 90
5
 90
4
 90
2
 90
3
 90
7
 90
6
 90
4
 90
3
 90
0
 90
4
 90
7
 94
0
 95
0
 90
0
  0
MESH
  5
1B5
330
17
100
AcDbEntity
  8
3D-PURL
100
AcDbSubDMesh
 71
2
 72
0
 91
0
 92
8
 10
70.04
 20
19.098947940518507
 30
4.336083285277943
 10
70.04
 20
19.029073601335902
 30
4.3402757456289
 10
70.04
 20
19.041052059481494
 30
4.5399167147220565
 10
70.04
 20
19.1109263986641
 30
4.535724254371099
 10
72.09
 20
19.098947940518507
 30
4.336083285277943
 10
72.09
 20
19.029073601335902
 30
4.3402757456289
 10
72.09
 20
19.041052059481494
 30
4.5399167147220565
 10
72.09
 20
19.1109263986641
 30
4.535724254371099
 93
30
 90
4
 90
3
 90
2
 90
1
 90
0
 90
4
 90
4
 90
5
 90
6
 90
7
 90
4
 90
0
 90
1
 90
5
 90
4
 90
4
 90
1
 90
2
 90
6
 90
5
 90
4
 90
2
 90
3
 90
7
 90
6
 90
4
 90
3
 90
0
 90
4
 90
7
 94
0
 95
0
 90
0
  0
MESH
  5
1B6
330
17
100
AcDbEntity
  8
3D-PURL
100
AcDbSubDMesh
 71
2
 72
0
 91
0
 92
8
 10
72.09
 20
19.098947940518507
 30
4.336083285277943
 10
72.09
 20
19.029073601335902
 30
4.3402757456289
 10
72.09
 20
19.041052059481494
 30
4.5399167147220565
 10
72.09
 20
19.1109263986641
 30
4.535724254371099
 10
74.9
 20
19.098947940518507
 30
4.336083285277943
 10
74.9
 20
19.029073601335902
 30
4.3402757456289
 10
74.9
 20
19.041052059481494
 30
4.5399167147220565
 10
74.9
 20
19.1109263986641
 30
4.535724254371099
 93
30
 90
4
 90
3
 90
2
 90
1
 90
0
 90
4
 90
4
 90
5
 90
6
 90
7
 90
4
 90
0
 90
1
 90
5
 90
4
 90
4
 90
1
 90
2
 90
6
 90
5
 90
4
 90
2
 90
3
 90
7
 90
6
 90
4
 90
3
 90
0
 90
4
 90
7
 94
0
 95
0
 90
0
  0
MESH
  5
1B7
330
17
100
AcDbEntity
  8
3D-PURL
100
AcDbSubDMesh
 71
2
 72
0
 91
0
 92
8
 10
74.9
 20
19.098947940518507
 30
4.336083285277943
 10
74.9
 20
19.029073601335902
 30
4.3402757456289
 10
74.9
 20
19.041052059481494
 30
4.5399167147220565
 10
74.9
 20
19.1109263986641
 30
4.535724254371099
 10
77.78
 20
19.098947940518507
 30
4.336083285277943
 10
77.78
 20
19.029073601335902
 30
4.3402757456289
 10
77.78
 20
19.041052059481494
 30
4.5399167147220565
 10
77.78
 20
19.1109263986641
 30
4.535724254371099
 93
30
 90
4
 90
3
 90
2
 90
1
 90
0
 90
4
 90
4
 90
5
 90
6
 90
7
 90
4
 90
0
 90
1
 90
5
 90
4
 90
4
 90
1
 90
2
 90
6
 90
5
 90
4
 90
2
 90
3
 90
7
 90
6
 90
4
 90
3
 90
0
 90
4
 90
7
 94
0
 95
0
 90
0
  0
MESH
  5
1B8
330
17
100
AcDbEntity
  8
3D-PURL
100
AcDbSubDMesh
 71
2
 72
0
 91
0
 92
8
 10
67.99
 20
17.598947940518507
 30
4.426083285277943
 10
67.99
 20
17.529073601335902
 30
4.4302757456289
 10
67.99
 20
17.541052059481494
 30
4.629916714722056
 10
67.99
 20
17.6109263986641
 30
4.625724254371099
 10
70.04
 20
17.598947940518507
 30
4.426083285277943
 10
70.04
 20
17.529073601335902
 30
4.4302757456289
 10
70.04
 20
17.541052059481494
 30
4.629916714722056
 10
70.04
 20
17.6109263986641
 30
4.625724254371099
 93
30
 90
4
 90
3
 90
2
 90
1
 90
0
 90
4
 90
4
 90
5
 90
6
 90
7
 90
4
 90
0
 90
1
 90
5
 90
4
 90
4
 90
1
 90
2
 90
6
 90
5
 90
4
 90
2
 90
3
 90
7
 90
6
 90
4
 90
3
 90
0
 90
4
 90
7
 94
0
 95
0
 90
0
  0
MESH
  5
1B9
330
17
100
AcDbEntity
  8
3D-PURL
100
AcDbSubDMesh
 71
2
 72
0
 91
0
 92
8
 10
70.04
 20
17.598947940518507
 30
4.426083285277943
 10
70.04
 20
17.529073601335902
 30
4.4302757456289
 10
70.04
 20
17.541052059481494
 30
4.629916714722056
 10
70.04
 20
17.6109263986641
 30
4.625724254371099
 10
72.09
 20
17.598947940518507
 30
4.426083285277943
 10
72.09
 20
17.529073601335902
 30
4.4302757456289
 10
72.09
 20
17.541052059481494
 30
4.629916714722056
 10
72.09
 20
17.6109263986641
 30
4.625724254371099
 93
30
 90
4
 90
3
 90
2
 90
1
 90
0
 90
4
 90
4
 90
5
 90
6
 90
7
 90
4
 90
0
 90
1
 90
5
 90
4
 90
4
 90
1
 90
2
 90
6
 90
5
 90
4
 90
2
 90
3
 90
7
 90
6
 90
4
 90
3
 90
0
 90
4
 90
7
 94
0
 95
0
 90
0
  0
MESH
  5
1BA
330
17
100
AcDbEntity
  8
3D-PURL
100
AcDbSubDMesh
 71
2
 72
0
 91
0
 92
8
 10
72.09
 20
17.598947940518507
 30
4.426083285277943
 10
72.09
 20
17.529073601335902
 30
4.4302757456289
 10
72.09
 20
17.541052059481494
 30
4.629916714722056
 10
72.09
 20
17.6109263986641
 30
4.625724254371099
 10
74.9
 20
17.598947940518507
 30
4.426083285277943
 10
74.9
 20
17.529073601335902
 30
4.4302757456289
 10
74.9
 20
17.541052059481494
 30
4.629916714722056
 10
74.9
 20
17.6109263986641
 30
4.625724254371099
 93
30
 90
4
 90
3
 90
2
 90
1
 90
0
 90
4
 90
4
 90
5
 90
6
 90
7
 90
4
 90
0
 90
1
 90
5
 90
4
 90
4
 90
1
 90
2
 90
6
 90
5
 90
4
 90
2
 90
3
 90
7
 90
6
 90
4
 90
3
 90
0
 90
4
 90
7
 94
0
 95
0
 90
0
  0
MESH
  5
1BB
330
17
100
AcDbEntity
  8
3D-PURL
100
AcDbSubDMesh
 71
2
 72
0
 91
0
 92
8
 10
74.9
 20
17.598947940518507
 30
4.426083285277943
 10
74.9
 20
17.529073601335902
 30
4.4302757456289
 10
74.9
 20
17.541052059481494
 30
4.629916714722056
 10
74.9
 20
17.6109263986641
 30
4.625724254371099
 10
77.78
 20
17.598947940518507
 30
4.426083285277943
 10
77.78
 20
17.529073601335902
 30
4.4302757456289
 10
77.78
 20
17.541052059481494
 30
4.629916714722056
 10
77.78
 20
17.6109263986641
 30
4.625724254371099
 93
30
 90
4
 90
3
 90
2
 90
1
 90
0
 90
4
 90
4
 90
5
 90
6
 90
7
 90
4
 90
0
 90
1
 90
5
 90
4
 90
4
 90
1
 90
2
 90
6
 90
5
 90
4
 90
2
 90
3
 90
7
 90
6
 90
4
 90
3
 90
0
 90
4
 90
7
 94
0
 95
0
 90
0
  0
MESH
  5
1BC
330
17
100
AcDbEntity
  8
3D-PURL
100
AcDbSubDMesh
 71
2
 72
0
 91
0
 92
8
 10
67.99
 20
16.098947940518507
 30
4.516083285277943
 10
67.99
 20
16.029073601335902
 30
4.5202757456289
 10
67.99
 20
16.041052059481494
 30
4.719916714722056
 10
67.99
 20
16.1109263986641
 30
4.715724254371099
 10
70.04
 20
16.098947940518507
 30
4.516083285277943
 10
70.04
 20
16.029073601335902
 30
4.5202757456289
 10
70.04
 20
16.041052059481494
 30
4.719916714722056
 10
70.04
 20
16.1109263986641
 30
4.715724254371099
 93
30
 90
4
 90
3
 90
2
 90
1
 90
0
 90
4
 90
4
 90
5
 90
6
 90
7
 90
4
 90
0
 90
1
 90
5
 90
4
 90
4
 90
1
 90
2
 90
6
 90
5
 90
4
 90
2
 90
3
 90
7
 90
6
 90
4
 90
3
 90
0
 90
4
 90
7
 94
0
 95
0
 90
0
  0
MESH
  5
1BD
330
17
100
AcDbEntity
  8
3D-PURL
100
AcDbSubDMesh
 71
2
 72
0
 91
0
 92
8
 10
70.04
 20
16.098947940518507
 30
4.516083285277943
 10
70.04
 20
16.029073601335902
 30
4.5202757456289
 10
70.04
 20
16.041052059481494
 30
4.719916714722056
 10
70.04
 20
16.1109263986641
 30
4.715724254371099
 10
72.09
 20
16.098947940518507
 30
4.516083285277943
 10
72.09
 20
16.029073601335902
 30
4.5202757456289
 10
72.09
 20
16.041052059481494
 30
4.719916714722056
 10
72.09
 20
16.1109263986641
 30
4.715724254371099
 93
30
 90
4
 90
3
 90
2
 90
1
 90
0
 90
4
 90
4
 90
5
 90
6
 90
7
 90
4
 90
0
 90
1
 90
5
 90
4
 90
4
 90
1
 90
2
 90
6
 90
5
 90
4
 90
2
 90
3
 90
7
 90
6
 90
4
 90
3
 90
0
 90
4
 90
7
 94
0
 95
0
 90
0
  0
MESH
  5
1BE
330
17
100
AcDbEntity
  8
3D-PURL
100
AcDbSubDMesh
 71
2
 72
0
 91
0
 92
8
 10
72.09
 20
16.098947940518507
 30
4.516083285277943
 10
72.09
 20
16.029073601335902
 30
4.5202757456289
 10
72.09
 20
16.041052059481494
 30
4.719916714722056
 10
72.09
 20
16.1109263986641
 30
4.715724254371099
 10
74.9
 20
16.098947940518507
 30
4.516083285277943
 10
74.9
 20
16.029073601335902
 30
4.5202757456289
 10
74.9
 20
16.041052059481494
 30
4.719916714722056
 10
74.9
 20
16.1109263986641
 30
4.715724254371099
 93
30
 90
4
 90
3
 90
2
 90
1
 90
0
 90
4
 90
4
 90
5
 90
6
 90
7
 90
4
 90
0
 90
1
 90
5
 90
4
 90
4
 90
1
 90
2
 90
6
 90
5
 90
4
 90
2
 90
3
 90
7
 90
6
 90
4
 90
3
 90
0
 90
4
 90
7
 94
0
 95
0
 90
0
  0
MESH
  5
1BF
330
17
100
AcDbEntity
  8
3D-PURL
100
AcDbSubDMesh
 71
2
 72
0
 91
0
 92
8
 10
74.9
 20
16.098947940518507
 30
4.516083285277943
 10
74.9
 20
16.029073601335902
 30
4.5202757456289
 10
74.9
 20
16.041052059481494
 30
4.719916714722056
 10
74.9
 20
16.1109263986641
 30
4.715724254371099
 10
77.78
 20
16.098947940518507
 30
4.516083285277943
 10
77.78
 20
16.029073601335902
 30
4.5202757456289
 10
77.78
 20
16.041052059481494
 30
4.719916714722056
 10
77.78
 20
16.1109263986641
 30
4.715724254371099
 93
30
 90
4
 90
3
 90
2
 90
1
 90
0
 90
4
 90
4
 90
5
 90
6
 90
7
 90
4
 90
0
 90
1
 90
5
 90
4
 90
4
 90
1
 90
2
 90
6
 90
5
 90
4
 90
2
 90
3
 90
7
 90
6
 90
4
 90
3
 90
0
 90
4
 90
7
 94
0
 95
0
 90
0
  0
MESH
  5
1C0
330
17
100
AcDbEntity
  8
3D-PURL
100
AcDbSubDMesh
 71
2
 72
0
 91
0
 92
8
 10
67.89
 20
35.34395691629118
 30
3.361382746731584
 10
67.89
 20
35.28406462556323
 30
3.3649762841752606
 10
67.89
 20
35.296043083708824
 30
3.564617253268416
 10
67.89
 20
35.35593537443677
 30
3.5610237158247395
 10
77.89
 20
35.34395691629118
 30
3.361382746731584
 10
77.89
 20
35.28406462556323
 30
3.3649762841752606
 10
77.89
 20
35.296043083708824
 30
3.564617253268416
 10
77.89
 20
35.35593537443677
 30
3.5610237158247395
 93
30
 90
4
 90
3
 90
2
 90
1
 90
0
 90
4
 90
4
 90
5
 90
6
 90
7
 90
4
 90
0
 90
1
 90
5
 90
4
 90
4
 90
1
 90
2
 90
6
 90
5
 90
4
 90
2
 90
3
 90
7
 90
6
 90
4
 90
3
 90
0
 90
4
 90
7
 94
0
 95
0
 90
0
  0
MESH
  5
1C1
330
17
100
AcDbEntity
  8
3D-PURL
100
AcDbSubDMesh
 71
2
 72
0
 91
0
 92
8
 10
81.79
 20
35.84395691629118
 30
3.3313827467315837
 10
81.79
 20
35.78406462556323
 30
3.3349762841752604
 10
81.79
 20
35.796043083708824
 30
3.534617253268416
 10
81.79
 20
35.85593537443677
 30
3.5310237158247393
 10
95.69
 20
35.84395691629118
 30
3.3313827467315837
 10
95.69
 20
35.78406462556323
 30
3.3349762841752604
 10
95.69
 20
35.796043083708824
 30
3.534617253268416
 10
95.69
 20
35.85593537443677
 30
3.5310237158247393
 93
30
 90
4
 90
3
 90
2
 90
1
 90
0
 90
4
 90
4
 90
5
 90
6
 90
7
 90
4
 90
0
 90
1
 90
5
 90
4
 90
4
 90
1
 90
2
 90
6
 90
5
 90
4
 90
2
 90
3
 90
7
 90
6
 90
4
 90
3
 90
0
 90
4
 90
7
 94
0
 95
0
 90
0
  0
MESH
  5
1C2
330
17
100
AcDbEntity
  8
3D-BRACE-WALL
100
AcDbSubDMesh
 71
2
 72
0
 91
0
 92
8
 10
87.20755070886757
 20
35.805
 30
0.1197184442565214
 10
87.20755070886757
 20
35.73500000000001
 30
0.1197184442565214
 10
87.17244929113242
 20
35.73500000000001
 30
0.1802815557434786
 10
87.17244929113242
 20
35.805
 30
0.1802815557434786
 10
92.49755070886758
 20
35.805
 30
3.185718444256521
 10
92.49755070886758
 20
35.73500000000001
 30
3.185718444256521
 10
92.46244929113243
 20
35.73500000000001
 30
3.2462815557434785
 10
92.46244929113243
 20
35.805
 30
3.2462815557434785
 93
30
 90
4
 90
3
 90
2
 90
1
 90
0
 90
4
 90
4
 90
5
 90
6
 90
7
 90
4
 90
0
 90
1
 90
5
 90
4
 90
4
 90
1
 90
2
 90
6
 90
5
 90
4
 90
2
 90
3
 90
7
 90
6
 90
4
 90
3
 90
0
 90
4
 90
7
 94
0
 95
0
 90
0
  0
MESH
  5
1C3
330
17
100
AcDbEntity
  8
3D-BRACE-WALL
100
AcDbSubDMesh
 71
2
 72
0
 91
0
 92
8
 10
87.17244929113242
 20
35.805
 30
3.185718444256521
 10
87.17244929113242
 20
35.73500000000001
 30
3.185718444256521
 10
87.20755070886757
 20
35.73500000000001
 30
3.2462815557434785
 10
87.20755070886757
 20
35.805
 30
3.2462815557434785
 10
92.46244929113243
 20
35.805
 30
0.1197184442565214
 10
92.46244929113243
 20
35.73500000000001
 30
0.1197184442565214
 10
92.49755070886758
 20
35.73500000000001
 30
0.1802815557434786
 10
92.49755070886758
 20
35.805
 30
0.1802815557434786
 93
30
 90
4
 90
3
 90
2
 90
1
 90
0
 90
4
 90
4
 90
5
 90
6
 90
7
 90
4
 90
0
 90
1
 90
5
 90
4
 90
4
 90
1
 90
2
 90
6
 90
5
 90
4
 90
2
 90
3
 90
7
 90
6
 90
4
 90
3
 90
0
 90
4
 90
7
 94
0
 95
0
 90
0
  0
MESH
  5
1C4
330
17
100
AcDbEntity
  8
3D-BRACE-WALL
100
AcDbSubDMesh
 71
2
 72
0
 91
0
 92
8
 10
72.10733972286127
 20
35.30470118019408
 30
0.11925651118963272
 10
72.10611184163423
 20
35.23471195025338
 30
0.11925651118963272
 10
72.07266027713874
 20
35.23529881980593
 30
0.18074348881036728
 10
72.07388815836578
 20
35.30528804974663
 30
0.18074348881036728
 10
77.80733972286127
 20
35.20470118019408
 30
3.2212565111896323
 10
77.80611184163423
 20
35.134711950253376
 30
3.2212565111896323
 10
77.77266027713874
 20
35.135298819805925
 30
3.2827434888103673
 10
77.77388815836578
 20
35.20528804974663
 30
3.2827434888103673
 93
30
 90
4
 90
3
 90
2
 90
1
 90
0
 90
4
 90
4
 90
5
 90
6
 90
7
 90
4
 90
0
 90
1
 90
5
 90
4
 90
4
 90
1
 90
2
 90
6
 90
5
 90
4
 90
2
 90
3
 90
7
 90
6
 90
4
 90
3
 90
0
 90
4
 90
7
 94
0
 95
0
 90
0
  0
MESH
  5
1C5
330
17
100
AcDbEntity
  8
3D-BRACE-WALL
100
AcDbSubDMesh
 71
2
 72
0
 91
0
 92
8
 10
72.07391313614835
 20
35.30528761153992
 30
3.215242931166535
 10
72.07268525492131
 20
35.235298381599215
 30
3.215242931166535
 10
72.10608686385166
 20
35.23471238846009
 30
3.276757068833464
 10
72.1073147450787
 20
35.30470161840079
 30
3.276757068833464
 10
77.77391313614835
 20
35.205287611539916
 30
0.11924293116653523
 10
77.77268525492131
 20
35.13529838159921
 30
0.11924293116653523
 10
77.80608686385166
 20
35.13471238846009
 30
0.18075706883346476
 10
77.8073147450787
 20
35.20470161840079
 30
0.18075706883346476
 93
30
 90
4
 90
3
 90
2
 90
1
 90
0
 90
4
 90
4
 90
5
 90
6
 90
7
 90
4
 90
0
 90
1
 90
5
 90
4
 90
4
 90
1
 90
2
 90
6
 90
5
 90
4
 90
2
 90
3
 90
7
 90
6
 90
4
 90
3
 90
0
 90
4
 90
7
 94
0
 95
0
 90
0
  0
MESH
  5
1C6
330
17
100
AcDbEntity
  8
3D-BRACE-WALL
100
AcDbSubDMesh
 71
2
 72
0
 91
0
 92
8
 10
88.89814698172859
 20
20.105
 30
0.12007196875599346
 10
88.89814698172859
 20
20.035
 30
0.12007196875599346
 10
88.8618530182714
 20
20.035
 30
0.17992803124400653
 10
88.8618530182714
 20
20.105
 30
0.17992803124400653
 10
95.50814698172859
 20
20.105
 30
4.128071968755993
 10
95.50814698172859
 20
20.035
 30
4.128071968755993
 10
95.4718530182714
 20
20.035
 30
4.187928031244006
 10
95.4718530182714
 20
20.105
 30
4.187928031244006
 93
30
 90
4
 90
3
 90
2
 90
1
 90
0
 90
4
 90
4
 90
5
 90
6
 90
7
 90
4
 90
0
 90
1
 90
5
 90
4
 90
4
 90
1
 90
2
 90
6
 90
5
 90
4
 90
2
 90
3
 90
7
 90
6
 90
4
 90
3
 90
0
 90
4
 90
7
 94
0
 95
0
 90
0
  0
MESH
  5
1C7
330
17
100
AcDbEntity
  8
3D-BRACE-WALL
100
AcDbSubDMesh
 71
2
 72
0
 91
0
 92
8
 10
88.8618530182714
 20
20.105
 30
4.128071968755993
 10
88.8618530182714
 20
20.035
 30
4.128071968755993
 10
88.89814698172859
 20
20.035
 30
4.187928031244006
 10
88.89814698172859
 20
20.105
 30
4.187928031244006
 10
95.4718530182714
 20
20.105
 30
0.12007196875599346
 10
95.4718530182714
 20
20.035
 30
0.12007196875599346
 10
95.50814698172859
 20
20.035
 30
0.17992803124400653
 10
95.50814698172859
 20
20.105
 30
0.17992803124400653
 93
30
 90
4
 90
3
 90
2
 90
1
 90
0
 90
4
 90
4
 90
5
 90
6
 90
7
 90
4
 90
0
 90
1
 90
5
 90
4
 90
4
 90
1
 90
2
 90
6
 90
5
 90
4
 90
2
 90
3
 90
7
 90
6
 90
4
 90
3
 90
0
 90
4
 90
7
 94
0
 95
0
 90
0
  0
MESH
  5
1C8
330
17
100
AcDbEntity
  8
3D-BRACE-WALL
100
AcDbSubDMesh
 71
2
 72
0
 91
0
 92
8
 10
68.0155151162102
 20
15.905
 30
0.12604214440356312
 10
68.0155151162102
 20
15.834999999999999
 30
0.12604214440356312
 10
67.9644848837898
 20
15.834999999999999
 30
0.17395785559643687
 10
67.9644848837898
 20
15.905
 30
0.17395785559643687
 10
72.0155151162102
 20
15.905
 30
4.3860421444035635
 10
72.0155151162102
 20
15.834999999999999
 30
4.3860421444035635
 10
71.9644848837898
 20
15.834999999999999
 30
4.433957855596437
 10
71.9644848837898
 20
15.905
 30
4.433957855596437
 93
30
 90
4
 90
3
 90
2
 90
1
 90
0
 90
4
 90
4
 90
5
 90
6
 90
7
 90
4
 90
0
 90
1
 90
5
 90
4
 90
4
 90
1
 90
2
 90
6
 90
5
 90
4
 90
2
 90
3
 90
7
 90
6
 90
4
 90
3
 90
0
 90
4
 90
7
 94
0
 95
0
 90
0
  0
MESH
  5
1C9
330
17
100
AcDbEntity
  8
3D-BRACE-WALL
100
AcDbSubDMesh
 71
2
 72
0
 91
0
 92
8
 10
67.9644848837898
 20
15.905
 30
4.3860421444035635
 10
67.9644848837898
 20
15.834999999999999
 30
4.3860421444035635
 10
68.0155151162102
 20
15.834999999999999
 30
4.433957855596437
 10
68.0155151162102
 20
15.905
 30
4.433957855596437
 10
71.9644848837898
 20
15.905
 30
0.12604214440356312
 10
71.9644848837898
 20
15.834999999999999
 30
0.12604214440356312
 10
72.0155151162102
 20
15.834999999999999
 30
0.17395785559643687
 10
72.0155151162102
 20
15.905
 30
0.17395785559643687
 93
30
 90
4
 90
3
 90
2
 90
1
 90
0
 90
4
 90
4
 90
5
 90
6
 90
7
 90
4
 90
0
 90
1
 90
5
 90
4
 90
4
 90
1
 90
2
 90
6
 90
5
 90
4
 90
2
 90
3
 90
7
 90
6
 90
4
 90
3
 90
0
 90
4
 90
7
 94
0
 95
0
 90
0
  0
MESH
  5
1CA
330
17
100
AcDbEntity
  8
3D-BRACE-WALL
100
AcDbSubDMesh
 71
2
 72
0
 91
0
 92
8
 10
68.02499999999999
 20
26.347372346320853
 30
0.12329814072060709
 10
67.955
 20
26.347372346320853
 30
0.12329814072060709
 10
67.955
 20
26.39262765367915
 30
0.1767018592793929
 10
68.02499999999999
 20
26.39262765367915
 30
0.1767018592793929
 10
68.02499999999999
 20
21.737372346320853
 30
4.029898140720607
 10
67.955
 20
21.737372346320853
 30
4.029898140720607
 10
67.955
 20
21.78262765367915
 30
4.083301859279392
 10
68.02499999999999
 20
21.78262765367915
 30
4.083301859279392
 93
30
 90
4
 90
3
 90
2
 90
1
 90
0
 90
4
 90
4
 90
5
 90
6
 90
7
 90
4
 90
0
 90
1
 90
5
 90
4
 90
4
 90
1
 90
2
 90
6
 90
5
 90
4
 90
2
 90
3
 90
7
 90
6
 90
4
 90
3
 90
0
 90
4
 90
7
 94
0
 95
0
 90
0
  0
MESH
  5
1CB
330
17
100
AcDbEntity
  8
3D-BRACE-WALL
100
AcDbSubDMesh
 71
2
 72
0
 91
0
 92
8
 10
68.02499999999999
 20
26.3916527202568
 30
3.752501641767537
 10
67.955
 20
26.3916527202568
 30
3.752501641767537
 10
67.955
 20
26.3483472797432
 30
3.8074983582324626
 10
68.02499999999999
 20
26.3483472797432
 30
3.8074983582324626
 10
68.02499999999999
 20
21.7816527202568
 30
0.12250164176753738
 10
67.955
 20
21.7816527202568
 30
0.12250164176753738
 10
67.955
 20
21.738347279743202
 30
0.17749835823246263
 10
68.02499999999999
 20
21.738347279743202
 30
0.17749835823246263
 93
30
 90
4
 90
3
 90
2
 90
1
 90
0
 90
4
 90
4
 90
5
 90
6
 90
7
 90
4
 90
0
 90
1
 90
5
 90
4
 90
4
 90
1
 90
2
 90
6
 90
5
 90
4
 90
2
 90
3
 90
7
 90
6
 90
4
 90
3
 90
0
 90
4
 90
7
 94
0
 95
0
 90
0
  0
MESH
  5
1CC
330
17
100
AcDbEntity
  8
3D-BRACE-WALL
100
AcDbSubDMesh
 71
2
 72
0
 91
0
 92
8
 10
95.51548233584268
 20
29.24930892464863
 30
0.12237965887336905
 10
95.44550063339312
 20
29.2477085114949
 30
0.12237965887336905
 10
95.44451766415733
 20
29.29069107535137
 30
0.17762034112663094
 10
95.51449936660688
 20
29.2922914885051
 30
0.17762034112663094
 10
95.62548233584268
 20
24.439308924648632
 30
3.8669796588733685
 10
95.55550063339312
 20
24.4377085114949
 30
3.8669796588733685
 10
95.55451766415733
 20
24.48069107535137
 30
3.9222203411266308
 10
95.62449936660688
 20
24.4822914885051
 30
3.9222203411266308
 93
30
 90
4
 90
3
 90
2
 90
1
 90
0
 90
4
 90
4
 90
5
 90
6
 90
7
 90
4
 90
0
 90
1
 90
5
 90
4
 90
4
 90
1
 90
2
 90
6
 90
5
 90
4
 90
2
 90
3
 90
7
 90
6
 90
4
 90
3
 90
0
 90
4
 90
7
 94
0
 95
0
 90
0
  0
MESH
  5
1CD
330
17
100
AcDbEntity
  8
3D-BRACE-WALL
100
AcDbSubDMesh
 71
2
 72
0
 91
0
 92
8
 10
95.51452400812032
 20
29.291213982326425
 30
3.577573607032153
 10
95.44454230567077
 20
29.289613569172694
 30
3.577573607032153
 10
95.44547599187969
 20
29.248786017673574
 30
3.6344263929678466
 10
95.51545769432924
 20
29.250386430827305
 30
3.6344263929678466
 10
95.62452400812032
 20
24.481213982326427
 30
0.12157360703215311
 10
95.55454230567076
 20
24.479613569172695
 30
0.12157360703215311
 10
95.55547599187969
 20
24.438786017673575
 30
0.17842639296784688
 10
95.62545769432924
 20
24.440386430827306
 30
0.17842639296784688
 93
30
 90
4
 90
3
 90
2
 90
1
 90
0
 90
4
 90
4
 90
5
 90
6
 90
7
 90
4
 90
0
 90
1
 90
5
 90
4
 90
4
 90
1
 90
2
 90
6
 90
5
 90
4
 90
2
 90
3
 90
7
 90
6
 90
4
 90
3
 90
0
 90
4
 90
7
 94
0
 95
0
 90
0
  0
MESH
  5
1CE
330
17
100
AcDbEntity
  8
3D-BRACE-WALL
100
AcDbSubDMesh
 71
2
 72
0
 91
0
 92
8
 10
77.815
 20
21.73948849761566
 30
0.12164019975498438
 10
77.745
 20
21.73948849761566
 30
0.12164019975498438
 10
77.745
 20
21.780511502384343
 30
0.1783598002450156
 10
77.815
 20
21.780511502384343
 30
0.1783598002450156
 10
77.815
 20
15.849488497615658
 30
4.381640199754985
 10
77.745
 20
15.849488497615658
 30
4.381640199754985
 10
77.745
 20
15.89051150238434
 30
4.438359800245015
 10
77.815
 20
15.89051150238434
 30
4.438359800245015
 93
30
 90
4
 90
3
 90
2
 90
1
 90
0
 90
4
 90
4
 90
5
 90
6
 90
7
 90
4
 90
0
 90
1
 90
5
 90
4
 90
4
 90
1
 90
2
 90
6
 90
5
 90
4
 90
2
 90
3
 90
7
 90
6
 90
4
 90
3
 90
0
 90
4
 90
7
 94
0
 95
0
 90
0
  0
MESH
  5
1CF
330
17
100
AcDbEntity
  8
3D-BRACE-WALL
100
AcDbSubDMesh
 71
2
 72
0
 91
0
 92
8
 10
77.815
 20
21.77934565736824
 30
4.027432457405692
 10
77.745
 20
21.77934565736824
 30
4.027432457405692
 10
77.745
 20
21.740654342631764
 30
4.085767542594307
 10
77.815
 20
21.740654342631764
 30
4.085767542594307
 10
77.815
 20
15.889345657368237
 30
0.12083245740569251
 10
77.745
 20
15.889345657368237
 30
0.12083245740569251
 10
77.745
 20
15.850654342631762
 30
0.17916754259430748
 10
77.815
 20
15.850654342631762
 30
0.17916754259430748
 93
30
 90
4
 90
3
 90
2
 90
1
 90
0
 90
4
 90
4
 90
5
 90
6
 90
7
 90
4
 90
0
 90
1
 90
5
 90
4
 90
4
 90
1
 90
2
 90
6
 90
5
 90
4
 90
2
 90
3
 90
7
 90
6
 90
4
 90
3
 90
0
 90
4
 90
7
 94
0
 95
0
 90
0
  0
MESH
  5
1D0
330
17
100
AcDbEntity
  8
3D-BRACE-WALL
100
AcDbSubDMesh
 71
2
 72
0
 91
0
 92
8
 10
77.92449936660688
 20
29.2477085114949
 30
0.12237965887336905
 10
77.85451766415733
 20
29.24930892464863
 30
0.12237965887336905
 10
77.85550063339312
 20
29.2922914885051
 30
0.17762034112663094
 10
77.92548233584267
 20
29.29069107535137
 30
0.17762034112663094
 10
77.81449936660688
 20
24.4377085114949
 30
3.8669796588733685
 10
77.74451766415733
 20
24.439308924648632
 30
3.8669796588733685
 10
77.74550063339312
 20
24.4822914885051
 30
3.9222203411266308
 10
77.81548233584267
 20
24.48069107535137
 30
3.9222203411266308
 93
30
 90
4
 90
3
 90
2
 90
1
 90
0
 90
4
 90
4
 90
5
 90
6
 90
7
 90
4
 90
0
 90
1
 90
5
 90
4
 90
4
 90
1
 90
2
 90
6
 90
5
 90
4
 90
2
 90
3
 90
7
 90
6
 90
4
 90
3
 90
0
 90
4
 90
7
 94
0
 95
0
 90
0
  0
MESH
  5
1D1
330
17
100
AcDbEntity
  8
3D-BRACE-WALL
100
AcDbSubDMesh
 71
2
 72
0
 91
0
 92
8
 10
77.92545769432924
 20
29.289613569172694
 30
3.577573607032153
 10
77.85547599187969
 20
29.291213982326425
 30
3.577573607032153
 10
77.85454230567076
 20
29.250386430827305
 30
3.6344263929678466
 10
77.92452400812031
 20
29.248786017673574
 30
3.6344263929678466
 10
77.81545769432924
 20
24.479613569172695
 30
0.12157360703215311
 10
77.74547599187969
 20
24.481213982326427
 30
0.12157360703215311
 10
77.74454230567076
 20
24.440386430827306
 30
0.17842639296784688
 10
77.81452400812032
 20
24.438786017673575
 30
0.17842639296784688
 93
30
 90
4
 90
3
 90
2
 90
1
 90
0
 90
4
 90
4
 90
5
 90
6
 90
7
 90
4
 90
0
 90
1
 90
5
 90
4
 90
4
 90
1
 90
2
 90
6
 90
5
 90
4
 90
2
 90
3
 90
7
 90
6
 90
4
 90
3
 90
0
 90
4
 90
7
 94
0
 95
0
 90
0
  0
MESH
  5
1D2
330
17
100
AcDbEntity
  8
3D-BRACE-WALL
100
AcDbSubDMesh
 71
2
 72
0
 91
0
 92
8
 10
95.62445358518022
 20
24.435613807851745
 30
0.12414919535608107
 10
95.55447173908414
 20
24.437207927352794
 30
0.12414919535608107
 10
95.55554641481979
 20
24.484386192148257
 30
0.17585080464391892
 10
95.62552826091587
 20
24.482792072647207
 30
0.17585080464391892
 10
95.52445358518021
 20
20.045613807851744
 30
4.132149195356081
 10
95.45447173908413
 20
20.047207927352794
 30
4.132149195356081
 10
95.45554641481978
 20
20.094386192148256
 30
4.183850804643918
 10
95.52552826091586
 20
20.092792072647207
 30
4.183850804643918
 93
30
 90
4
 90
3
 90
2
 90
1
 90
0
 90
4
 90
4
 90
5
 90
6
 90
7
 90
4
 90
0
 90
1
 90
5
 90
4
 90
4
 90
1
 90
2
 90
6
 90
5
 90
4
 90
2
 90
3
 90
7
 90
6
 90
4
 90
3
 90
0
 90
4
 90
7
 94
0
 95
0
 90
0
  0
MESH
  5
1D3
330
17
100
AcDbEntity
  8
3D-BRACE-WALL
100
AcDbSubDMesh
 71
2
 72
0
 91
0
 92
8
 10
95.62550810965611
 20
24.481907432343334
 30
3.867968466871537
 10
95.55552626356003
 20
24.483501551844384
 30
3.867968466871537
 10
95.5544918903439
 20
24.438092567656668
 30
3.9212315331284624
 10
95.62447373643998
 20
24.436498448155618
 30
3.9212315331284624
 10
95.5255081096561
 20
20.091907432343334
 30
0.12336846687153741
 10
95.45552626356002
 20
20.093501551844383
 30
0.12336846687153741
 10
95.45449189034389
 20
20.048092567656667
 30
0.17663153312846258
 10
95.52447373643997
 20
20.046498448155617
 30
0.17663153312846258
 93
30
 90
4
 90
3
 90
2
 90
1
 90
0
 90
4
 90
4
 90
5
 90
6
 90
7
 90
4
 90
0
 90
1
 90
5
 90
4
 90
4
 90
1
 90
2
 90
6
 90
5
 90
4
 90
2
 90
3
 90
7
 90
6
 90
4
 90
3
 90
0
 90
4
 90
7
 94
0
 95
0
 90
0
  0
MESH
  5
1D4
330
17
100
AcDbEntity
  8
3D-BRACE-WALL
100
AcDbSubDMesh
 71
2
 72
0
 91
0
 92
8
 10
68.02499999999999
 20
21.73948849761566
 30
0.12164019975498438
 10
67.955
 20
21.73948849761566
 30
0.12164019975498438
 10
67.955
 20
21.780511502384343
 30
0.1783598002450156
 10
68.02499999999999
 20
21.780511502384343
 30
0.1783598002450156
 10
68.02499999999999
 20
15.849488497615658
 30
4.381640199754985
 10
67.955
 20
15.849488497615658
 30
4.381640199754985
 10
67.955
 20
15.89051150238434
 30
4.438359800245015
 10
68.02499999999999
 20
15.89051150238434
 30
4.438359800245015
 93
30
 90
4
 90
3
 90
2
 90
1
 90
0
 90
4
 90
4
 90
5
 90
6
 90
7
 90
4
 90
0
 90
1
 90
5
 90
4
 90
4
 90
1
 90
2
 90
6
 90
5
 90
4
 90
2
 90
3
 90
7
 90
6
 90
4
 90
3
 90
0
 90
4
 90
7
 94
0
 95
0
 90
0
  0
MESH
  5
1D5
330
17
100
AcDbEntity
  8
3D-BRACE-WALL
100
AcDbSubDMesh
 71
2
 72
0
 91
0
 92
8
 10
68.02499999999999
 20
21.77934565736824
 30
4.027432457405692
 10
67.955
 20
21.77934565736824
 30
4.027432457405692
 10
67.955
 20
21.740654342631764
 30
4.085767542594307
 10
68.02499999999999
 20
21.740654342631764
 30
4.085767542594307
 10
68.02499999999999
 20
15.889345657368237
 30
0.12083245740569251
 10
67.955
 20
15.889345657368237
 30
0.12083245740569251
 10
67.955
 20
15.850654342631762
 30
0.17916754259430748
 10
68.02499999999999
 20
15.850654342631762
 30
0.17916754259430748
 93
30
 90
4
 90
3
 90
2
 90
1
 90
0
 90
4
 90
4
 90
5
 90
6
 90
7
 90
4
 90
0
 90
1
 90
5
 90
4
 90
4
 90
1
 90
2
 90
6
 90
5
 90
4
 90
2
 90
3
 90
7
 90
6
 90
4
 90
3
 90
0
 90
4
 90
7
 94
0
 95
0
 90
0
  0
MESH
  5
1D6
330
17
100
AcDbEntity
  8
3D-BRACE-ROOF
100
AcDbSubDMesh
 71
2
 72
0
 91
0
 92
16
 10
68.00889209481225
 20
29.313435797565234
 30
3.588
 10
68.0036213750453
 20
29.31611431793901
 30
3.602119476505742
 10
67.99037143851497
 20
29.321069018165048
 30
3.6079679551680286
 10
67.97690391834016
 20
29.325397502048425
 30
3.602119476505742
 10
67.97110790518774
 20
29.326564202434767
 30
3.588
 10
67.97637862495469
 20
29.32388568206099
 30
3.573880523494258
 10
67.98962856148502
 20
29.318930981834953
 30
3.5680320448319716
 10
68.00309608165983
 20
29.314602497951576
 30
3.573880523494258
 10
70.05889209481226
 20
35.21343579756523
 30
3.234
 10
70.05362137504531
 20
35.21611431793901
 30
3.248119476505742
 10
70.04037143851498
 20
35.221069018165046
 30
3.2539679551680285
 10
70.02690391834017
 20
35.225397502048416
 30
3.248119476505742
 10
70.02110790518775
 20
35.226564202434766
 30
3.234
 10
70.0263786249547
 20
35.22388568206099
 30
3.219880523494258
 10
70.03962856148503
 20
35.21893098183495
 30
3.2140320448319715
 10
70.05309608165985
 20
35.21460249795158
 30
3.219880523494258
 93
58
 90
8
 90
7
 90
6
 90
5
 90
4
 90
3
 90
2
 90
1
 90
0
 90
8
 90
8
 90
9
 90
10
 90
11
 90
12
 90
13
 90
14
 90
15
 90
4
 90
0
 90
1
 90
9
 90
8
 90
4
 90
1
 90
2
 90
10
 90
9
 90
4
 90
2
 90
3
 90
11
 90
10
 90
4
 90
3
 90
4
 90
12
 90
11
 90
4
 90
4
 90
5
 90
13
 90
12
 90
4
 90
5
 90
6
 90
14
 90
13
 90
4
 90
6
 90
7
 90
15
 90
14
 90
4
 90
7
 90
0
 90
8
 90
15
 94
0
 95
0
 90
0
  0
MESH
  5
1D7
330
17
100
AcDbEntity
  8
3D-BRACE-ROOF
100
AcDbSubDMesh
 71
2
 72
0
 91
0
 92
16
 10
67.97110790518774
 20
35.21343579756523
 30
3.234
 10
67.97637862495469
 20
35.21611431793901
 30
3.248119476505742
 10
67.98962856148502
 20
35.221069018165046
 30
3.2539679551680285
 10
68.00309608165983
 20
35.225397502048416
 30
3.248119476505742
 10
68.00889209481225
 20
35.226564202434766
 30
3.234
 10
68.0036213750453
 20
35.22388568206099
 30
3.219880523494258
 10
67.99037143851497
 20
35.21893098183495
 30
3.2140320448319715
 10
67.97690391834016
 20
35.21460249795158
 30
3.219880523494258
 10
70.02110790518775
 20
29.313435797565234
 30
3.588
 10
70.0263786249547
 20
29.31611431793901
 30
3.602119476505742
 10
70.03962856148503
 20
29.321069018165048
 30
3.6079679551680286
 10
70.05309608165985
 20
29.325397502048425
 30
3.602119476505742
 10
70.05889209481226
 20
29.326564202434767
 30
3.588
 10
70.05362137504531
 20
29.32388568206099
 30
3.573880523494258
 10
70.04037143851498
 20
29.318930981834953
 30
3.5680320448319716
 10
70.02690391834017
 20
29.314602497951576
 30
3.573880523494258
 93
58
 90
8
 90
7
 90
6
 90
5
 90
4
 90
3
 90
2
 90
1
 90
0
 90
8
 90
8
 90
9
 90
10
 90
11
 90
12
 90
13
 90
14
 90
15
 90
4
 90
0
 90
1
 90
9
 90
8
 90
4
 90
1
 90
2
 90
10
 90
9
 90
4
 90
2
 90
3
 90
11
 90
10
 90
4
 90
3
 90
4
 90
12
 90
11
 90
4
 90
4
 90
5
 90
13
 90
12
 90
4
 90
5
 90
6
 90
14
 90
13
 90
4
 90
6
 90
7
 90
15
 90
14
 90
4
 90
7
 90
0
 90
8
 90
15
 94
0
 95
0
 90
0
  0
MESH
  5
1D8
330
17
100
AcDbEntity
  8
3D-BRACE-ROOF
100
AcDbSubDMesh
 71
2
 72
0
 91
0
 92
16
 10
70.05889209481226
 20
29.313435797565234
 30
3.588
 10
70.05362137504531
 20
29.31611431793901
 30
3.602119476505742
 10
70.04037143851498
 20
29.321069018165048
 30
3.6079679551680286
 10
70.02690391834017
 20
29.325397502048425
 30
3.602119476505742
 10
70.02110790518775
 20
29.326564202434767
 30
3.588
 10
70.0263786249547
 20
29.32388568206099
 30
3.573880523494258
 10
70.03962856148503
 20
29.318930981834953
 30
3.5680320448319716
 10
70.05309608165985
 20
29.314602497951576
 30
3.573880523494258
 10
72.10889209481226
 20
35.21343579756523
 30
3.234
 10
72.10362137504531
 20
35.21611431793901
 30
3.248119476505742
 10
72.09037143851498
 20
35.221069018165046
 30
3.2539679551680285
 10
72.07690391834016
 20
35.225397502048416
 30
3.248119476505742
 10
72.07110790518774
 20
35.226564202434766
 30
3.234
 10
72.0763786249547
 20
35.22388568206099
 30
3.219880523494258
 10
72.08962856148503
 20
35.21893098183495
 30
3.2140320448319715
 10
72.10309608165984
 20
35.21460249795158
 30
3.219880523494258
 93
58
 90
8
 90
7
 90
6
 90
5
 90
4
 90
3
 90
2
 90
1
 90
0
 90
8
 90
8
 90
9
 90
10
 90
11
 90
12
 90
13
 90
14
 90
15
 90
4
 90
0
 90
1
 90
9
 90
8
 90
4
 90
1
 90
2
 90
10
 90
9
 90
4
 90
2
 90
3
 90
11
 90
10
 90
4
 90
3
 90
4
 90
12
 90
11
 90
4
 90
4
 90
5
 90
13
 90
12
 90
4
 90
5
 90
6
 90
14
 90
13
 90
4
 90
6
 90
7
 90
15
 90
14
 90
4
 90
7
 90
0
 90
8
 90
15
 94
0
 95
0
 90
0
  0
MESH
  5
1D9
330
17
100
AcDbEntity
  8
3D-BRACE-ROOF
100
AcDbSubDMesh
 71
2
 72
0
 91
0
 92
16
 10
70.02110790518775
 20
35.21343579756523
 30
3.234
 10
70.0263786249547
 20
35.21611431793901
 30
3.248119476505742
 10
70.03962856148503
 20
35.221069018165046
 30
3.2539679551680285
 10
70.05309608165985
 20
35.225397502048416
 30
3.248119476505742
 10
70.05889209481226
 20
35.226564202434766
 30
3.234
 10
70.05362137504531
 20
35.22388568206099
 30
3.219880523494258
 10
70.04037143851498
 20
35.21893098183495
 30
3.2140320448319715
 10
70.02690391834017
 20
35.21460249795158
 30
3.219880523494258
 10
72.07110790518774
 20
29.313435797565234
 30
3.588
 10
72.0763786249547
 20
29.31611431793901
 30
3.602119476505742
 10
72.08962856148503
 20
29.321069018165048
 30
3.6079679551680286
 10
72.10309608165984
 20
29.325397502048425
 30
3.602119476505742
 10
72.10889209481226
 20
29.326564202434767
 30
3.588
 10
72.10362137504531
 20
29.32388568206099
 30
3.573880523494258
 10
72.09037143851498
 20
29.318930981834953
 30
3.5680320448319716
 10
72.07690391834016
 20
29.314602497951576
 30
3.573880523494258
 93
58
 90
8
 90
7
 90
6
 90
5
 90
4
 90
3
 90
2
 90
1
 90
0
 90
8
 90
8
 90
9
 90
10
 90
11
 90
12
 90
13
 90
14
 90
15
 90
4
 90
0
 90
1
 90
9
 90
8
 90
4
 90
1
 90
2
 90
10
 90
9
 90
4
 90
2
 90
3
 90
11
 90
10
 90
4
 90
3
 90
4
 90
12
 90
11
 90
4
 90
4
 90
5
 90
13
 90
12
 90
4
 90
5
 90
6
 90
14
 90
13
 90
4
 90
6
 90
7
 90
15
 90
14
 90
4
 90
7
 90
0
 90
8
 90
15
 94
0
 95
0
 90
0
  0
MESH
  5
1DA
330
17
100
AcDbEntity
  8
3D-BRACE-ROOF
100
AcDbSubDMesh
 71
2
 72
0
 91
0
 92
16
 10
72.1080846469254
 20
29.261459183552876
 30
3.591
 10
72.10311494946986
 20
29.264653499211637
 30
3.605121367841794
 10
72.0904626924847
 20
29.27097972252098
 30
3.610970629921124
 10
72.07753939651722
 20
29.276732037664896
 30
3.605121367841794
 10
72.0719153530746
 20
29.278540816447123
 30
3.591
 10
72.07688505053015
 20
29.275346500788363
 30
3.5768786321582065
 10
72.0895373075153
 20
29.26902027747902
 30
3.571029370078876
 10
72.10246060348278
 20
29.263267962335103
 30
3.5768786321582065
 10
74.91808464692541
 20
35.211459183552876
 30
3.234
 10
74.91311494946986
 20
35.214653499211636
 30
3.2481213678417937
 10
74.90046269248471
 20
35.22097972252098
 30
3.253970629921124
 10
74.88753939651723
 20
35.2267320376649
 30
3.2481213678417937
 10
74.8819153530746
 20
35.22854081644712
 30
3.234
 10
74.88688505053015
 20
35.22534650078836
 30
3.2198786321582062
 10
74.8995373075153
 20
35.21902027747902
 30
3.214029370078876
 10
74.91246060348278
 20
35.213267962335095
 30
3.2198786321582062
 93
58
 90
8
 90
7
 90
6
 90
5
 90
4
 90
3
 90
2
 90
1
 90
0
 90
8
 90
8
 90
9
 90
10
 90
11
 90
12
 90
13
 90
14
 90
15
 90
4
 90
0
 90
1
 90
9
 90
8
 90
4
 90
1
 90
2
 90
10
 90
9
 90
4
 90
2
 90
3
 90
11
 90
10
 90
4
 90
3
 90
4
 90
12
 90
11
 90
4
 90
4
 90
5
 90
13
 90
12
 90
4
 90
5
 90
6
 90
14
 90
13
 90
4
 90
6
 90
7
 90
15
 90
14
 90
4
 90
7
 90
0
 90
8
 90
15
 94
0
 95
0
 90
0
  0
MESH
  5
1DB
330
17
100
AcDbEntity
  8
3D-BRACE-ROOF
100
AcDbSubDMesh
 71
2
 72
0
 91
0
 92
16
 10
72.0719153530746
 20
35.211459183552876
 30
3.234
 10
72.07688505053015
 20
35.214653499211636
 30
3.2481213678417937
 10
72.0895373075153
 20
35.22097972252098
 30
3.253970629921124
 10
72.10246060348278
 20
35.2267320376649
 30
3.2481213678417937
 10
72.1080846469254
 20
35.22854081644712
 30
3.234
 10
72.10311494946986
 20
35.22534650078836
 30
3.2198786321582062
 10
72.0904626924847
 20
35.21902027747902
 30
3.214029370078876
 10
72.07753939651722
 20
35.213267962335095
 30
3.2198786321582062
 10
74.8819153530746
 20
29.261459183552876
 30
3.591
 10
74.88688505053015
 20
29.264653499211637
 30
3.605121367841794
 10
74.8995373075153
 20
29.27097972252098
 30
3.610970629921124
 10
74.91246060348278
 20
29.276732037664896
 30
3.605121367841794
 10
74.91808464692541
 20
29.278540816447123
 30
3.591
 10
74.91311494946986
 20
29.275346500788363
 30
3.5768786321582065
 10
74.90046269248471
 20
29.26902027747902
 30
3.571029370078876
 10
74.88753939651723
 20
29.263267962335103
 30
3.5768786321582065
 93
58
 90
8
 90
7
 90
6
 90
5
 90
4
 90
3
 90
2
 90
1
 90
0
 90
8
 90
8
 90
9
 90
10
 90
11
 90
12
 90
13
 90
14
 90
15
 90
4
 90
0
 90
1
 90
9
 90
8
 90
4
 90
1
 90
2
 90
10
 90
9
 90
4
 90
2
 90
3
 90
11
 90
10
 90
4
 90
3
 90
4
 90
12
 90
11
 90
4
 90
4
 90
5
 90
13
 90
12
 90
4
 90
5
 90
6
 90
14
 90
13
 90
4
 90
6
 90
7
 90
15
 90
14
 90
4
 90
7
 90
0
 90
8
 90
15
 94
0
 95
0
 90
0
  0
MESH
  5
1DC
330
17
100
AcDbEntity
  8
3D-BRACE-ROOF
100
AcDbSubDMesh
 71
2
 72
0
 91
0
 92
16
 10
74.91797302610873
 20
29.26122672623845
 30
3.591
 10
74.91304285808991
 20
29.264480614100464
 30
3.6051216228578187
 10
74.90047236069414
 20
29.27096768336645
 30
3.610970990568245
 10
74.88762516081007
 20
29.276887896840456
 30
3.6051216228578187
 10
74.88202697389129
 20
29.278773273761548
 30
3.591
 10
74.8869571419101
 20
29.275519385899536
 30
3.5768783771421817
 10
74.89952763930587
 20
29.26903231663355
 30
3.571029009431755
 10
74.91237483918994
 20
29.263112103159543
 30
3.5768783771421817
 10
77.79797302610872
 20
35.16122672623845
 30
3.237
 10
77.7930428580899
 20
35.16448061410047
 30
3.2511216228578186
 10
77.78047236069413
 20
35.17096768336645
 30
3.256970990568245
 10
77.76762516081007
 20
35.176887896840455
 30
3.2511216228578186
 10
77.76202697389128
 20
35.17877327376155
 30
3.237
 10
77.7669571419101
 20
35.175519385899534
 30
3.2228783771421816
 10
77.77952763930587
 20
35.169032316633555
 30
3.217029009431755
 10
77.79237483918993
 20
35.16311210315955
 30
3.2228783771421816
 93
58
 90
8
 90
7
 90
6
 90
5
 90
4
 90
3
 90
2
 90
1
 90
0
 90
8
 90
8
 90
9
 90
10
 90
11
 90
12
 90
13
 90
14
 90
15
 90
4
 90
0
 90
1
 90
9
 90
8
 90
4
 90
1
 90
2
 90
10
 90
9
 90
4
 90
2
 90
3
 90
11
 90
10
 90
4
 90
3
 90
4
 90
12
 90
11
 90
4
 90
4
 90
5
 90
13
 90
12
 90
4
 90
5
 90
6
 90
14
 90
13
 90
4
 90
6
 90
7
 90
15
 90
14
 90
4
 90
7
 90
0
 90
8
 90
15
 94
0
 95
0
 90
0
  0
MESH
  5
1DD
330
17
100
AcDbEntity
  8
3D-BRACE-ROOF
100
AcDbSubDMesh
 71
2
 72
0
 91
0
 92
16
 10
74.88202697389129
 20
35.16122672623845
 30
3.237
 10
74.8869571419101
 20
35.16448061410047
 30
3.2511216228578186
 10
74.89952763930587
 20
35.17096768336645
 30
3.256970990568245
 10
74.91237483918994
 20
35.176887896840455
 30
3.2511216228578186
 10
74.91797302610873
 20
35.17877327376155
 30
3.237
 10
74.91304285808991
 20
35.175519385899534
 30
3.2228783771421816
 10
74.90047236069414
 20
35.169032316633555
 30
3.217029009431755
 10
74.88762516081007
 20
35.16311210315955
 30
3.2228783771421816
 10
77.76202697389128
 20
29.26122672623845
 30
3.591
 10
77.7669571419101
 20
29.264480614100464
 30
3.6051216228578187
 10
77.77952763930587
 20
29.27096768336645
 30
3.610970990568245
 10
77.79237483918993
 20
29.276887896840456
 30
3.6051216228578187
 10
77.79797302610872
 20
29.278773273761548
 30
3.591
 10
77.7930428580899
 20
29.275519385899536
 30
3.5768783771421817
 10
77.78047236069413
 20
29.26903231663355
 30
3.571029009431755
 10
77.76762516081007
 20
29.263112103159543
 30
3.5768783771421817
 93
58
 90
8
 90
7
 90
6
 90
5
 90
4
 90
3
 90
2
 90
1
 90
0
 90
8
 90
8
 90
9
 90
10
 90
11
 90
12
 90
13
 90
14
 90
15
 90
4
 90
0
 90
1
 90
9
 90
8
 90
4
 90
1
 90
2
 90
10
 90
9
 90
4
 90
2
 90
3
 90
11
 90
10
 90
4
 90
3
 90
4
 90
12
 90
11
 90
4
 90
4
 90
5
 90
13
 90
12
 90
4
 90
5
 90
6
 90
14
 90
13
 90
4
 90
6
 90
7
 90
15
 90
14
 90
4
 90
7
 90
0
 90
8
 90
15
 94
0
 95
0
 90
0
  0
MESH
  5
1DE
330
17
100
AcDbEntity
  8
3D-BRACE-ROOF
100
AcDbSubDMesh
 71
2
 72
0
 91
0
 92
16
 10
81.86847857741182
 20
29.262348714040417
 30
3.591
 10
81.8633657902269
 20
29.26531295480444
 30
3.6051204553377483
 10
81.85042350439889
 20
29.271022803076566
 30
3.6109693394455276
 10
81.83723313543773
 20
29.276133507178077
 30
3.6051204553377483
 10
81.83152142258817
 20
29.277651285959582
 30
3.591
 10
81.8366342097731
 20
29.27468704519556
 30
3.576879544662252
 10
81.8495764956011
 20
29.268977196923434
 30
3.571030660554473
 10
81.86276686456226
 20
29.263866492821922
 30
3.576879544662252
 10
84.51847857741183
 20
35.66234871404042
 30
3.207
 10
84.5133657902269
 20
35.66531295480444
 30
3.221120455337748
 10
84.5004235043989
 20
35.67102280307657
 30
3.226969339445527
 10
84.48723313543773
 20
35.67613350717807
 30
3.221120455337748
 10
84.48152142258817
 20
35.677651285959584
 30
3.207
 10
84.4866342097731
 20
35.67468704519556
 30
3.1928795446622518
 10
84.4995764956011
 20
35.668977196923436
 30
3.1870306605544725
 10
84.51276686456227
 20
35.66386649282193
 30
3.1928795446622518
 93
58
 90
8
 90
7
 90
6
 90
5
 90
4
 90
3
 90
2
 90
1
 90
0
 90
8
 90
8
 90
9
 90
10
 90
11
 90
12
 90
13
 90
14
 90
15
 90
4
 90
0
 90
1
 90
9
 90
8
 90
4
 90
1
 90
2
 90
10
 90
9
 90
4
 90
2
 90
3
 90
11
 90
10
 90
4
 90
3
 90
4
 90
12
 90
11
 90
4
 90
4
 90
5
 90
13
 90
12
 90
4
 90
5
 90
6
 90
14
 90
13
 90
4
 90
6
 90
7
 90
15
 90
14
 90
4
 90
7
 90
0
 90
8
 90
15
 94
0
 95
0
 90
0
  0
MESH
  5
1DF
330
17
100
AcDbEntity
  8
3D-BRACE-ROOF
100
AcDbSubDMesh
 71
2
 72
0
 91
0
 92
16
 10
81.83152142258817
 20
35.66234871404042
 30
3.207
 10
81.8366342097731
 20
35.66531295480444
 30
3.221120455337748
 10
81.8495764956011
 20
35.67102280307657
 30
3.226969339445527
 10
81.86276686456226
 20
35.67613350717807
 30
3.221120455337748
 10
81.86847857741182
 20
35.677651285959584
 30
3.207
 10
81.8633657902269
 20
35.67468704519556
 30
3.1928795446622518
 10
81.85042350439889
 20
35.668977196923436
 30
3.1870306605544725
 10
81.83723313543773
 20
35.66386649282193
 30
3.1928795446622518
 10
84.48152142258817
 20
29.262348714040417
 30
3.591
 10
84.4866342097731
 20
29.26531295480444
 30
3.6051204553377483
 10
84.4995764956011
 20
29.271022803076566
 30
3.6109693394455276
 10
84.51276686456227
 20
29.276133507178077
 30
3.6051204553377483
 10
84.51847857741183
 20
29.277651285959582
 30
3.591
 10
84.5133657902269
 20
29.27468704519556
 30
3.576879544662252
 10
84.5004235043989
 20
29.268977196923434
 30
3.571030660554473
 10
84.48723313543773
 20
29.263866492821922
 30
3.576879544662252
 93
58
 90
8
 90
7
 90
6
 90
5
 90
4
 90
3
 90
2
 90
1
 90
0
 90
8
 90
8
 90
9
 90
10
 90
11
 90
12
 90
13
 90
14
 90
15
 90
4
 90
0
 90
1
 90
9
 90
8
 90
4
 90
1
 90
2
 90
10
 90
9
 90
4
 90
2
 90
3
 90
11
 90
10
 90
4
 90
3
 90
4
 90
12
 90
11
 90
4
 90
4
 90
5
 90
13
 90
12
 90
4
 90
5
 90
6
 90
14
 90
13
 90
4
 90
6
 90
7
 90
15
 90
14
 90
4
 90
7
 90
0
 90
8
 90
15
 94
0
 95
0
 90
0
  0
MESH
  5
1E0
330
17
100
AcDbEntity
  8
3D-BRACE-ROOF
100
AcDbSubDMesh
 71
2
 72
0
 91
0
 92
16
 10
84.51845899734252
 20
29.262301596457146
 30
3.591
 10
84.51335347086598
 20
29.265278108111143
 30
3.605120501153344
 10
84.50042566226088
 20
29.271020639993573
 30
3.6109694042385643
 10
84.48724850647636
 20
29.276165294810067
 30
3.605120501153344
 10
84.48154100265748
 20
29.277698403542853
 30
3.591
 10
84.48664652913402
 20
29.274721891888856
 30
3.5768794988466563
 10
84.49957433773912
 20
29.268979360006426
 30
3.571030595761436
 10
84.51275149352364
 20
29.263834705189932
 30
3.5768794988466563
 10
87.20845899734252
 20
35.712301596457145
 30
3.2039999999999997
 10
87.20335347086598
 20
35.71527810811114
 30
3.2181205011533436
 10
87.19042566226088
 20
35.72102063999357
 30
3.223969404238564
 10
87.17724850647636
 20
35.726165294810066
 30
3.2181205011533436
 10
87.17154100265748
 20
35.72769840354285
 30
3.2039999999999997
 10
87.17664652913402
 20
35.724721891888855
 30
3.189879498846656
 10
87.18957433773912
 20
35.71897936000643
 30
3.1840305957614357
 10
87.20275149352364
 20
35.71383470518993
 30
3.189879498846656
 93
58
 90
8
 90
7
 90
6
 90
5
 90
4
 90
3
 90
2
 90
1
 90
0
 90
8
 90
8
 90
9
 90
10
 90
11
 90
12
 90
13
 90
14
 90
15
 90
4
 90
0
 90
1
 90
9
 90
8
 90
4
 90
1
 90
2
 90
10
 90
9
 90
4
 90
2
 90
3
 90
11
 90
10
 90
4
 90
3
 90
4
 90
12
 90
11
 90
4
 90
4
 90
5
 90
13
 90
12
 90
4
 90
5
 90
6
 90
14
 90
13
 90
4
 90
6
 90
7
 90
15
 90
14
 90
4
 90
7
 90
0
 90
8
 90
15
 94
0
 95
0
 90
0
  0
MESH
  5
1E1
330
17
100
AcDbEntity
  8
3D-BRACE-ROOF
100
AcDbSubDMesh
 71
2
 72
0
 91
0
 92
16
 10
84.48154100265748
 20
35.712301596457145
 30
3.2039999999999997
 10
84.48664652913402
 20
35.71527810811114
 30
3.2181205011533436
 10
84.49957433773912
 20
35.72102063999357
 30
3.223969404238564
 10
84.51275149352364
 20
35.726165294810066
 30
3.2181205011533436
 10
84.51845899734252
 20
35.72769840354285
 30
3.2039999999999997
 10
84.51335347086598
 20
35.724721891888855
 30
3.189879498846656
 10
84.50042566226088
 20
35.71897936000643
 30
3.1840305957614357
 10
84.48724850647636
 20
35.71383470518993
 30
3.189879498846656
 10
87.17154100265748
 20
29.262301596457146
 30
3.591
 10
87.17664652913402
 20
29.265278108111143
 30
3.605120501153344
 10
87.18957433773912
 20
29.271020639993573
 30
3.6109694042385643
 10
87.20275149352364
 20
29.276165294810067
 30
3.605120501153344
 10
87.20845899734252
 20
29.277698403542853
 30
3.591
 10
87.20335347086598
 20
29.274721891888856
 30
3.5768794988466563
 10
87.19042566226088
 20
29.268979360006426
 30
3.571030595761436
 10
87.17724850647636
 20
29.263834705189932
 30
3.5768794988466563
 93
58
 90
8
 90
7
 90
6
 90
5
 90
4
 90
3
 90
2
 90
1
 90
0
 90
8
 90
8
 90
9
 90
10
 90
11
 90
12
 90
13
 90
14
 90
15
 90
4
 90
0
 90
1
 90
9
 90
8
 90
4
 90
1
 90
2
 90
10
 90
9
 90
4
 90
2
 90
3
 90
11
 90
10
 90
4
 90
3
 90
4
 90
12
 90
11
 90
4
 90
4
 90
5
 90
13
 90
12
 90
4
 90
5
 90
6
 90
14
 90
13
 90
4
 90
6
 90
7
 90
15
 90
14
 90
4
 90
7
 90
0
 90
8
 90
15
 94
0
 95
0
 90
0
  0
MESH
  5
1E2
330
17
100
AcDbEntity
  8
3D-BRACE-ROOF
100
AcDbSubDMesh
 71
2
 72
0
 91
0
 92
16
 10
87.2084598575606
 20
29.262303659386273
 30
3.591
 10
87.20335401245644
 20
29.26527963398588
 30
3.605120499141522
 10
87.19042556796741
 20
29.271020734977192
 30
3.6109694013934184
 10
87.17724783153479
 20
29.276163903262454
 30
3.605120499141522
 10
87.1715401424394
 20
29.277696340613726
 30
3.591
 10
87.17664598754355
 20
29.27472036601412
 30
3.576879500858478
 10
87.18957443203259
 20
29.268979265022807
 30
3.571030598606582
 10
87.20275216846521
 20
29.263836096737545
 30
3.576879500858478
 10
89.9184598575606
 20
35.762303659386276
 30
3.2009999999999996
 10
89.91335401245645
 20
35.765279633985884
 30
3.2151204991415216
 10
89.90042556796742
 20
35.77102073497719
 30
3.220969401393418
 10
89.8872478315348
 20
35.77616390326246
 30
3.2151204991415216
 10
89.8815401424394
 20
35.77769634061373
 30
3.2009999999999996
 10
89.88664598754356
 20
35.77472036601412
 30
3.1868795008584776
 10
89.8995744320326
 20
35.768979265022814
 30
3.1810305986065814
 10
89.91275216846522
 20
35.76383609673755
 30
3.1868795008584776
 93
58
 90
8
 90
7
 90
6
 90
5
 90
4
 90
3
 90
2
 90
1
 90
0
 90
8
 90
8
 90
9
 90
10
 90
11
 90
12
 90
13
 90
14
 90
15
 90
4
 90
0
 90
1
 90
9
 90
8
 90
4
 90
1
 90
2
 90
10
 90
9
 90
4
 90
2
 90
3
 90
11
 90
10
 90
4
 90
3
 90
4
 90
12
 90
11
 90
4
 90
4
 90
5
 90
13
 90
12
 90
4
 90
5
 90
6
 90
14
 90
13
 90
4
 90
6
 90
7
 90
15
 90
14
 90
4
 90
7
 90
0
 90
8
 90
15
 94
0
 95
0
 90
0
  0
MESH
  5
1E3
330
17
100
AcDbEntity
  8
3D-BRACE-ROOF
100
AcDbSubDMesh
 71
2
 72
0
 91
0
 92
16
 10
87.1715401424394
 20
35.762303659386276
 30
3.2009999999999996
 10
87.17664598754355
 20
35.765279633985884
 30
3.2151204991415216
 10
87.18957443203259
 20
35.77102073497719
 30
3.220969401393418
 10
87.20275216846521
 20
35.77616390326246
 30
3.2151204991415216
 10
87.2084598575606
 20
35.77769634061373
 30
3.2009999999999996
 10
87.20335401245644
 20
35.77472036601412
 30
3.1868795008584776
 10
87.19042556796741
 20
35.768979265022814
 30
3.1810305986065814
 10
87.17724783153479
 20
35.76383609673755
 30
3.1868795008584776
 10
89.8815401424394
 20
29.262303659386273
 30
3.591
 10
89.88664598754356
 20
29.26527963398588
 30
3.605120499141522
 10
89.8995744320326
 20
29.271020734977192
 30
3.6109694013934184
 10
89.91275216846522
 20
29.276163903262454
 30
3.605120499141522
 10
89.9184598575606
 20
29.277696340613726
 30
3.591
 10
89.91335401245645
 20
29.27472036601412
 30
3.576879500858478
 10
89.90042556796742
 20
29.268979265022807
 30
3.571030598606582
 10
89.8872478315348
 20
29.263836096737545
 30
3.576879500858478
 93
58
 90
8
 90
7
 90
6
 90
5
 90
4
 90
3
 90
2
 90
1
 90
0
 90
8
 90
8
 90
9
 90
10
 90
11
 90
12
 90
13
 90
14
 90
15
 90
4
 90
0
 90
1
 90
9
 90
8
 90
4
 90
1
 90
2
 90
10
 90
9
 90
4
 90
2
 90
3
 90
11
 90
10
 90
4
 90
3
 90
4
 90
12
 90
11
 90
4
 90
4
 90
5
 90
13
 90
12
 90
4
 90
5
 90
6
 90
14
 90
13
 90
4
 90
6
 90
7
 90
15
 90
14
 90
4
 90
7
 90
0
 90
8
 90
15
 94
0
 95
0
 90
0
  0
MESH
  5
1E4
330
17
100
AcDbEntity
  8
3D-BRACE-ROOF
100
AcDbSubDMesh
 71
2
 72
0
 91
0
 92
16
 10
89.91858919163312
 20
29.26262152085947
 30
3.591
 10
89.91343505228598
 20
29.265514529444424
 30
3.6051201956065886
 10
89.9004108415209
 20
29.27103506584721
 30
3.6109689721301987
 10
89.88714596536487
 20
29.275949274714648
 30
3.6051201956065886
 10
89.8814108083669
 20
29.27737847914053
 30
3.591
 10
89.88656494771404
 20
29.274485470555575
 30
3.576879804393412
 10
89.89958915847912
 20
29.268964934152788
 30
3.5710310278698016
 10
89.91285403463515
 20
29.26405072528535
 30
3.576879804393412
 10
92.49858919163312
 20
35.762621520859476
 30
3.2009999999999996
 10
92.49343505228597
 20
35.76551452944443
 30
3.215120195606588
 10
92.4804108415209
 20
35.771035065847215
 30
3.220968972130198
 10
92.46714596536486
 20
35.77594927471465
 30
3.215120195606588
 10
92.46141080836689
 20
35.77737847914053
 30
3.2009999999999996
 10
92.46656494771403
 20
35.774485470555575
 30
3.1868798043934112
 10
92.47958915847911
 20
35.76896493415279
 30
3.181031027869801
 10
92.49285403463514
 20
35.76405072528536
 30
3.1868798043934112
 93
58
 90
8
 90
7
 90
6
 90
5
 90
4
 90
3
 90
2
 90
1
 90
0
 90
8
 90
8
 90
9
 90
10
 90
11
 90
12
 90
13
 90
14
 90
15
 90
4
 90
0
 90
1
 90
9
 90
8
 90
4
 90
1
 90
2
 90
10
 90
9
 90
4
 90
2
 90
3
 90
11
 90
10
 90
4
 90
3
 90
4
 90
12
 90
11
 90
4
 90
4
 90
5
 90
13
 90
12
 90
4
 90
5
 90
6
 90
14
 90
13
 90
4
 90
6
 90
7
 90
15
 90
14
 90
4
 90
7
 90
0
 90
8
 90
15
 94
0
 95
0
 90
0
  0
MESH
  5
1E5
330
17
100
AcDbEntity
  8
3D-BRACE-ROOF
100
AcDbSubDMesh
 71
2
 72
0
 91
0
 92
16
 10
89.8814108083669
 20
35.762621520859476
 30
3.2009999999999996
 10
89.88656494771404
 20
35.76551452944443
 30
3.215120195606588
 10
89.89958915847912
 20
35.771035065847215
 30
3.220968972130198
 10
89.91285403463515
 20
35.77594927471465
 30
3.215120195606588
 10
89.91858919163312
 20
35.77737847914053
 30
3.2009999999999996
 10
89.91343505228598
 20
35.774485470555575
 30
3.1868798043934112
 10
89.9004108415209
 20
35.76896493415279
 30
3.181031027869801
 10
89.88714596536487
 20
35.76405072528536
 30
3.1868798043934112
 10
92.46141080836689
 20
29.26262152085947
 30
3.591
 10
92.46656494771403
 20
29.265514529444424
 30
3.6051201956065886
 10
92.47958915847911
 20
29.27103506584721
 30
3.6109689721301987
 10
92.49285403463514
 20
29.275949274714648
 30
3.6051201956065886
 10
92.49858919163312
 20
29.27737847914053
 30
3.591
 10
92.49343505228597
 20
29.274485470555575
 30
3.576879804393412
 10
92.4804108415209
 20
29.268964934152788
 30
3.5710310278698016
 10
92.46714596536486
 20
29.26405072528535
 30
3.576879804393412
 93
58
 90
8
 90
7
 90
6
 90
5
 90
4
 90
3
 90
2
 90
1
 90
0
 90
8
 90
8
 90
9
 90
10
 90
11
 90
12
 90
13
 90
14
 90
15
 90
4
 90
0
 90
1
 90
9
 90
8
 90
4
 90
1
 90
2
 90
10
 90
9
 90
4
 90
2
 90
3
 90
11
 90
10
 90
4
 90
3
 90
4
 90
12
 90
11
 90
4
 90
4
 90
5
 90
13
 90
12
 90
4
 90
5
 90
6
 90
14
 90
13
 90
4
 90
6
 90
7
 90
15
 90
14
 90
4
 90
7
 90
0
 90
8
 90
15
 94
0
 95
0
 90
0
  0
MESH
  5
1E6
330
17
100
AcDbEntity
  8
3D-BRACE-ROOF
100
AcDbSubDMesh
 71
2
 72
0
 91
0
 92
16
 10
92.49803265895751
 20
29.261349958906322
 30
3.591
 10
92.49308142272379
 20
29.264572294245873
 30
3.6051214868115284
 10
92.48046726647361
 20
29.27097410600362
 30
3.6109707981697365
 10
92.46757939186044
 20
29.276805299675637
 30
3.6051214868115284
 10
92.4619673410425
 20
29.278650041093677
 30
3.591
 10
92.46691857727622
 20
29.275427705754126
 30
3.576878513188472
 10
92.4795327335264
 20
29.26902589399638
 30
3.571029201830264
 10
92.49242060813957
 20
29.263194700324362
 30
3.576878513188472
 10
95.5680326589575
 20
35.66134995890632
 30
3.207
 10
95.56308142272378
 20
35.66457229424588
 30
3.221121486811528
 10
95.5504672664736
 20
35.67097410600363
 30
3.226970798169736
 10
95.53757939186043
 20
35.67680529967564
 30
3.221121486811528
 10
95.53196734104249
 20
35.67865004109368
 30
3.207
 10
95.53691857727621
 20
35.675427705754124
 30
3.1928785131884716
 10
95.54953273352639
 20
35.66902589399638
 30
3.1870292018302635
 10
95.56242060813956
 20
35.66319470032436
 30
3.1928785131884716
 93
58
 90
8
 90
7
 90
6
 90
5
 90
4
 90
3
 90
2
 90
1
 90
0
 90
8
 90
8
 90
9
 90
10
 90
11
 90
12
 90
13
 90
14
 90
15
 90
4
 90
0
 90
1
 90
9
 90
8
 90
4
 90
1
 90
2
 90
10
 90
9
 90
4
 90
2
 90
3
 90
11
 90
10
 90
4
 90
3
 90
4
 90
12
 90
11
 90
4
 90
4
 90
5
 90
13
 90
12
 90
4
 90
5
 90
6
 90
14
 90
13
 90
4
 90
6
 90
7
 90
15
 90
14
 90
4
 90
7
 90
0
 90
8
 90
15
 94
0
 95
0
 90
0
  0
MESH
  5
1E7
330
17
100
AcDbEntity
  8
3D-BRACE-ROOF
100
AcDbSubDMesh
 71
2
 72
0
 91
0
 92
16
 10
92.4619673410425
 20
35.66134995890632
 30
3.207
 10
92.46691857727622
 20
35.66457229424588
 30
3.221121486811528
 10
92.4795327335264
 20
35.67097410600363
 30
3.226970798169736
 10
92.49242060813957
 20
35.67680529967564
 30
3.221121486811528
 10
92.49803265895751
 20
35.67865004109368
 30
3.207
 10
92.49308142272379
 20
35.675427705754124
 30
3.1928785131884716
 10
92.48046726647361
 20
35.66902589399638
 30
3.1870292018302635
 10
92.46757939186044
 20
35.66319470032436
 30
3.1928785131884716
 10
95.53196734104249
 20
29.261349958906322
 30
3.591
 10
95.53691857727621
 20
29.264572294245873
 30
3.6051214868115284
 10
95.54953273352639
 20
29.27097410600362
 30
3.6109707981697365
 10
95.56242060813956
 20
29.276805299675637
 30
3.6051214868115284
 10
95.5680326589575
 20
29.278650041093677
 30
3.591
 10
95.56308142272378
 20
29.275427705754126
 30
3.576878513188472
 10
95.5504672664736
 20
29.26902589399638
 30
3.571029201830264
 10
95.53757939186043
 20
29.263194700324362
 30
3.576878513188472
 93
58
 90
8
 90
7
 90
6
 90
5
 90
4
 90
3
 90
2
 90
1
 90
0
 90
8
 90
8
 90
9
 90
10
 90
11
 90
12
 90
13
 90
14
 90
15
 90
4
 90
0
 90
1
 90
9
 90
8
 90
4
 90
1
 90
2
 90
10
 90
9
 90
4
 90
2
 90
3
 90
11
 90
10
 90
4
 90
3
 90
4
 90
12
 90
11
 90
4
 90
4
 90
5
 90
13
 90
12
 90
4
 90
5
 90
6
 90
14
 90
13
 90
4
 90
6
 90
7
 90
15
 90
14
 90
4
 90
7
 90
0
 90
8
 90
15
 94
0
 95
0
 90
0
  0
MESH
  5
1E8
330
17
100
AcDbEntity
  8
3D-BRACE-ROOF
100
AcDbSubDMesh
 71
2
 72
0
 91
0
 92
16
 10
81.86921861000906
 20
20.06446420472565
 30
4.143
 10
81.8638149231673
 20
20.066867822786488
 30
4.157118688458373
 10
81.85031864169727
 20
20.071106227779243
 30
4.162966840700752
 10
81.83663570424252
 20
20.074696619541992
 30
4.157118688458373
 10
81.83078138999093
 20
20.07553579527435
 30
4.143
 10
81.83618507683269
 20
20.073132177213513
 30
4.128881311541627
 10
81.84968135830272
 20
20.068893772220758
 30
4.123033159299248
 10
81.86336429575746
 20
20.06530338045801
 30
4.128881311541627
 10
84.51921861000906
 20
29.26446420472565
 30
3.591
 10
84.5138149231673
 20
29.266867822786487
 30
3.605118688458373
 10
84.50031864169728
 20
29.271106227779242
 30
3.6109668407007516
 10
84.48663570424253
 20
29.27469661954199
 30
3.605118688458373
 10
84.48078138999094
 20
29.27553579527435
 30
3.591
 10
84.4861850768327
 20
29.273132177213512
 30
3.5768813115416274
 10
84.49968135830272
 20
29.268893772220757
 30
3.571033159299249
 10
84.51336429575747
 20
29.265303380458008
 30
3.5768813115416274
 93
58
 90
8
 90
7
 90
6
 90
5
 90
4
 90
3
 90
2
 90
1
 90
0
 90
8
 90
8
 90
9
 90
10
 90
11
 90
12
 90
13
 90
14
 90
15
 90
4
 90
0
 90
1
 90
9
 90
8
 90
4
 90
1
 90
2
 90
10
 90
9
 90
4
 90
2
 90
3
 90
11
 90
10
 90
4
 90
3
 90
4
 90
12
 90
11
 90
4
 90
4
 90
5
 90
13
 90
12
 90
4
 90
5
 90
6
 90
14
 90
13
 90
4
 90
6
 90
7
 90
15
 90
14
 90
4
 90
7
 90
0
 90
8
 90
15
 94
0
 95
0
 90
0
  0
MESH
  5
1E9
330
17
100
AcDbEntity
  8
3D-BRACE-ROOF
100
AcDbSubDMesh
 71
2
 72
0
 91
0
 92
16
 10
81.83078138999093
 20
29.26446420472565
 30
3.591
 10
81.83618507683269
 20
29.266867822786487
 30
3.605118688458373
 10
81.84968135830272
 20
29.271106227779242
 30
3.6109668407007516
 10
81.86336429575746
 20
29.27469661954199
 30
3.605118688458373
 10
81.86921861000906
 20
29.27553579527435
 30
3.591
 10
81.8638149231673
 20
29.273132177213512
 30
3.5768813115416274
 10
81.85031864169727
 20
29.268893772220757
 30
3.571033159299249
 10
81.83663570424252
 20
29.265303380458008
 30
3.5768813115416274
 10
84.48078138999094
 20
20.06446420472565
 30
4.143
 10
84.4861850768327
 20
20.066867822786488
 30
4.157118688458373
 10
84.49968135830272
 20
20.071106227779243
 30
4.162966840700752
 10
84.51336429575747
 20
20.074696619541992
 30
4.157118688458373
 10
84.51921861000906
 20
20.07553579527435
 30
4.143
 10
84.5138149231673
 20
20.073132177213513
 30
4.128881311541627
 10
84.50031864169728
 20
20.068893772220758
 30
4.123033159299248
 10
84.48663570424253
 20
20.06530338045801
 30
4.128881311541627
 93
58
 90
8
 90
7
 90
6
 90
5
 90
4
 90
3
 90
2
 90
1
 90
0
 90
8
 90
8
 90
9
 90
10
 90
11
 90
12
 90
13
 90
14
 90
15
 90
4
 90
0
 90
1
 90
9
 90
8
 90
4
 90
1
 90
2
 90
10
 90
9
 90
4
 90
2
 90
3
 90
11
 90
10
 90
4
 90
3
 90
4
 90
12
 90
11
 90
4
 90
4
 90
5
 90
13
 90
12
 90
4
 90
5
 90
6
 90
14
 90
13
 90
4
 90
6
 90
7
 90
15
 90
14
 90
4
 90
7
 90
0
 90
8
 90
15
 94
0
 95
0
 90
0
  0
MESH
  5
1EA
330
17
100
AcDbEntity
  8
3D-BRACE-ROOF
100
AcDbSubDMesh
 71
2
 72
0
 91
0
 92
16
 10
84.5191962566232
 20
20.064387181487344
 30
4.143
 10
84.51380198704508
 20
20.066811543575383
 30
4.157118742834808
 10
84.50032270064366
 20
20.071103660193927
 30
4.162966917600644
 10
84.48665438058175
 20
20.07474926763912
 30
4.157118742834808
 10
84.4808037433768
 20
20.075612818512656
 30
4.143
 10
84.48619801295492
 20
20.073188456424617
 30
4.128881257165191
 10
84.49967729935634
 20
20.068896339806074
 30
4.123033082399355
 10
84.51334561941825
 20
20.06525073236088
 30
4.128881257165191
 10
87.2091962566232
 20
29.264387181487344
 30
3.591
 10
87.20380198704508
 20
29.266811543575383
 30
3.605118742834809
 10
87.19032270064366
 20
29.271103660193926
 30
3.6109669176006447
 10
87.17665438058175
 20
29.27474926763912
 30
3.605118742834809
 10
87.1708037433768
 20
29.275612818512656
 30
3.591
 10
87.17619801295491
 20
29.273188456424617
 30
3.5768812571651916
 10
87.18967729935633
 20
29.268896339806073
 30
3.5710330823993557
 10
87.20334561941824
 20
29.26525073236088
 30
3.5768812571651916
 93
58
 90
8
 90
7
 90
6
 90
5
 90
4
 90
3
 90
2
 90
1
 90
0
 90
8
 90
8
 90
9
 90
10
 90
11
 90
12
 90
13
 90
14
 90
15
 90
4
 90
0
 90
1
 90
9
 90
8
 90
4
 90
1
 90
2
 90
10
 90
9
 90
4
 90
2
 90
3
 90
11
 90
10
 90
4
 90
3
 90
4
 90
12
 90
11
 90
4
 90
4
 90
5
 90
13
 90
12
 90
4
 90
5
 90
6
 90
14
 90
13
 90
4
 90
6
 90
7
 90
15
 90
14
 90
4
 90
7
 90
0
 90
8
 90
15
 94
0
 95
0
 90
0
  0
MESH
  5
1EB
330
17
100
AcDbEntity
  8
3D-BRACE-ROOF
100
AcDbSubDMesh
 71
2
 72
0
 91
0
 92
16
 10
84.4808037433768
 20
29.264387181487344
 30
3.591
 10
84.48619801295492
 20
29.266811543575383
 30
3.605118742834809
 10
84.49967729935634
 20
29.271103660193926
 30
3.6109669176006447
 10
84.51334561941825
 20
29.27474926763912
 30
3.605118742834809
 10
84.5191962566232
 20
29.275612818512656
 30
3.591
 10
84.51380198704508
 20
29.273188456424617
 30
3.5768812571651916
 10
84.50032270064366
 20
29.268896339806073
 30
3.5710330823993557
 10
84.48665438058175
 20
29.26525073236088
 30
3.5768812571651916
 10
87.1708037433768
 20
20.064387181487344
 30
4.143
 10
87.17619801295491
 20
20.066811543575383
 30
4.157118742834808
 10
87.18967729935633
 20
20.071103660193927
 30
4.162966917600644
 10
87.20334561941824
 20
20.07474926763912
 30
4.157118742834808
 10
87.2091962566232
 20
20.075612818512656
 30
4.143
 10
87.20380198704508
 20
20.073188456424617
 30
4.128881257165191
 10
87.19032270064366
 20
20.068896339806074
 30
4.123033082399355
 10
87.17665438058175
 20
20.06525073236088
 30
4.128881257165191
 93
58
 90
8
 90
7
 90
6
 90
5
 90
4
 90
3
 90
2
 90
1
 90
0
 90
8
 90
8
 90
9
 90
10
 90
11
 90
12
 90
13
 90
14
 90
15
 90
4
 90
0
 90
1
 90
9
 90
8
 90
4
 90
1
 90
2
 90
10
 90
9
 90
4
 90
2
 90
3
 90
11
 90
10
 90
4
 90
3
 90
4
 90
12
 90
11
 90
4
 90
4
 90
5
 90
13
 90
12
 90
4
 90
5
 90
6
 90
14
 90
13
 90
4
 90
6
 90
7
 90
15
 90
14
 90
4
 90
7
 90
0
 90
8
 90
15
 94
0
 95
0
 90
0
  0
MESH
  5
1EC
330
17
100
AcDbEntity
  8
3D-BRACE-ROOF
100
AcDbSubDMesh
 71
2
 72
0
 91
0
 92
16
 10
87.20918498399774
 20
20.064348771018057
 30
4.143
 10
87.20379544316849
 20
20.066783468498024
 30
4.157118770232625
 10
87.19032471883008
 20
20.071102366508047
 30
4.162966956347008
 10
87.17666377860498
 20
20.074775513168362
 30
4.157118770232625
 10
87.17081501600225
 20
20.075651228981943
 30
4.143
 10
87.17620455683151
 20
20.073216531501977
 30
4.128881229767375
 10
87.18967528116991
 20
20.068897633491954
 30
4.123033043652992
 10
87.20333622139502
 20
20.06522448683164
 30
4.128881229767375
 10
89.91918498399775
 20
29.264348771018057
 30
3.591
 10
89.9137954431685
 20
29.266783468498023
 30
3.6051187702326253
 10
89.90032471883009
 20
29.271102366508046
 30
3.610966956347008
 10
89.88666377860498
 20
29.27477551316836
 30
3.6051187702326253
 10
89.88081501600226
 20
29.275651228981943
 30
3.591
 10
89.88620455683152
 20
29.273216531501976
 30
3.576881229767375
 10
89.89967528116992
 20
29.268897633491953
 30
3.5710330436529922
 10
89.91333622139503
 20
29.265224486831638
 30
3.576881229767375
 93
58
 90
8
 90
7
 90
6
 90
5
 90
4
 90
3
 90
2
 90
1
 90
0
 90
8
 90
8
 90
9
 90
10
 90
11
 90
12
 90
13
 90
14
 90
15
 90
4
 90
0
 90
1
 90
9
 90
8
 90
4
 90
1
 90
2
 90
10
 90
9
 90
4
 90
2
 90
3
 90
11
 90
10
 90
4
 90
3
 90
4
 90
12
 90
11
 90
4
 90
4
 90
5
 90
13
 90
12
 90
4
 90
5
 90
6
 90
14
 90
13
 90
4
 90
6
 90
7
 90
15
 90
14
 90
4
 90
7
 90
0
 90
8
 90
15
 94
0
 95
0
 90
0
  0
MESH
  5
1ED
330
17
100
AcDbEntity
  8
3D-BRACE-ROOF
100
AcDbSubDMesh
 71
2
 72
0
 91
0
 92
16
 10
87.17081501600225
 20
29.264348771018057
 30
3.591
 10
87.17620455683151
 20
29.266783468498023
 30
3.6051187702326253
 10
87.18967528116991
 20
29.271102366508046
 30
3.610966956347008
 10
87.20333622139502
 20
29.27477551316836
 30
3.6051187702326253
 10
87.20918498399774
 20
29.275651228981943
 30
3.591
 10
87.20379544316849
 20
29.273216531501976
 30
3.576881229767375
 10
87.19032471883008
 20
29.268897633491953
 30
3.5710330436529922
 10
87.17666377860498
 20
29.265224486831638
 30
3.576881229767375
 10
89.88081501600226
 20
20.064348771018057
 30
4.143
 10
89.88620455683152
 20
20.066783468498024
 30
4.157118770232625
 10
89.89967528116992
 20
20.071102366508047
 30
4.162966956347008
 10
89.91333622139503
 20
20.074775513168362
 30
4.157118770232625
 10
89.91918498399775
 20
20.075651228981943
 30
4.143
 10
89.9137954431685
 20
20.073216531501977
 30
4.128881229767375
 10
89.90032471883009
 20
20.068897633491954
 30
4.123033043652992
 10
89.88666377860498
 20
20.06522448683164
 30
4.128881229767375
 93
58
 90
8
 90
7
 90
6
 90
5
 90
4
 90
3
 90
2
 90
1
 90
0
 90
8
 90
8
 90
9
 90
10
 90
11
 90
12
 90
13
 90
14
 90
15
 90
4
 90
0
 90
1
 90
9
 90
8
 90
4
 90
1
 90
2
 90
10
 90
9
 90
4
 90
2
 90
3
 90
11
 90
10
 90
4
 90
3
 90
4
 90
12
 90
11
 90
4
 90
4
 90
5
 90
13
 90
12
 90
4
 90
5
 90
6
 90
14
 90
13
 90
4
 90
6
 90
7
 90
15
 90
14
 90
4
 90
7
 90
0
 90
8
 90
15
 94
0
 95
0
 90
0
  0
MESH
  5
1EE
330
17
100
AcDbEntity
  8
3D-BRACE-ROOF
100
AcDbSubDMesh
 71
2
 72
0
 91
0
 92
16
 10
89.91925710492059
 20
20.064599637967923
 30
4.143
 10
89.91383706967963
 20
20.066966720052623
 30
4.157118594669508
 10
89.90031146668386
 20
20.071110656392023
 30
4.162966708063267
 10
89.8866034107289
 20
20.07460398528011
 30
4.157118594669508
 10
89.88074289507942
 20
20.075400362032077
 30
4.143
 10
89.88616293032038
 20
20.073033279947378
 30
4.128881405330492
 10
89.89968853331615
 20
20.068889343607978
 30
4.123033291936733
 10
89.91339658927112
 20
20.06539601471989
 30
4.128881405330492
 10
92.49925710492059
 20
29.264599637967923
 30
3.591
 10
92.49383706967963
 20
29.266966720052622
 30
3.605118594669508
 10
92.48031146668386
 20
29.271110656392022
 30
3.6109667080632666
 10
92.4666034107289
 20
29.27460398528011
 30
3.605118594669508
 10
92.46074289507942
 20
29.275400362032077
 30
3.591
 10
92.46616293032038
 20
29.273033279947377
 30
3.5768814053304925
 10
92.47968853331615
 20
29.268889343607977
 30
3.571033291936734
 10
92.49339658927111
 20
29.26539601471989
 30
3.5768814053304925
 93
58
 90
8
 90
7
 90
6
 90
5
 90
4
 90
3
 90
2
 90
1
 90
0
 90
8
 90
8
 90
9
 90
10
 90
11
 90
12
 90
13
 90
14
 90
15
 90
4
 90
0
 90
1
 90
9
 90
8
 90
4
 90
1
 90
2
 90
10
 90
9
 90
4
 90
2
 90
3
 90
11
 90
10
 90
4
 90
3
 90
4
 90
12
 90
11
 90
4
 90
4
 90
5
 90
13
 90
12
 90
4
 90
5
 90
6
 90
14
 90
13
 90
4
 90
6
 90
7
 90
15
 90
14
 90
4
 90
7
 90
0
 90
8
 90
15
 94
0
 95
0
 90
0
  0
MESH
  5
1EF
330
17
100
AcDbEntity
  8
3D-BRACE-ROOF
100
AcDbSubDMesh
 71
2
 72
0
 91
0
 92
16
 10
89.88074289507942
 20
29.264599637967923
 30
3.591
 10
89.88616293032038
 20
29.266966720052622
 30
3.605118594669508
 10
89.89968853331615
 20
29.271110656392022
 30
3.6109667080632666
 10
89.91339658927112
 20
29.27460398528011
 30
3.605118594669508
 10
89.91925710492059
 20
29.275400362032077
 30
3.591
 10
89.91383706967963
 20
29.273033279947377
 30
3.5768814053304925
 10
89.90031146668386
 20
29.268889343607977
 30
3.571033291936734
 10
89.8866034107289
 20
29.26539601471989
 30
3.5768814053304925
 10
92.46074289507942
 20
20.064599637967923
 30
4.143
 10
92.46616293032038
 20
20.066966720052623
 30
4.157118594669508
 10
92.47968853331615
 20
20.071110656392023
 30
4.162966708063267
 10
92.49339658927111
 20
20.07460398528011
 30
4.157118594669508
 10
92.49925710492059
 20
20.075400362032077
 30
4.143
 10
92.49383706967963
 20
20.073033279947378
 30
4.128881405330492
 10
92.48031146668386
 20
20.068889343607978
 30
4.123033291936733
 10
92.4666034107289
 20
20.06539601471989
 30
4.128881405330492
 93
58
 90
8
 90
7
 90
6
 90
5
 90
4
 90
3
 90
2
 90
1
 90
0
 90
8
 90
8
 90
9
 90
10
 90
11
 90
12
 90
13
 90
14
 90
15
 90
4
 90
0
 90
1
 90
9
 90
8
 90
4
 90
1
 90
2
 90
10
 90
9
 90
4
 90
2
 90
3
 90
11
 90
10
 90
4
 90
3
 90
4
 90
12
 90
11
 90
4
 90
4
 90
5
 90
13
 90
12
 90
4
 90
5
 90
6
 90
14
 90
13
 90
4
 90
6
 90
7
 90
15
 90
14
 90
4
 90
7
 90
0
 90
8
 90
15
 94
0
 95
0
 90
0
  0
MESH
  5
1F0
330
17
100
AcDbEntity
  8
3D-BRACE-ROOF
100
AcDbSubDMesh
 71
2
 72
0
 91
0
 92
16
 10
92.49897160282173
 20
20.06366925862362
 30
4.143
 10
92.49366931706986
 20
20.06628576547625
 30
4.157119285844064
 10
92.48035973076684
 20
20.071078020539055
 30
4.162967685531697
 10
92.46683941905941
 20
20.0752387857906
 30
4.157119285844064
 10
92.46102839717828
 20
20.07633074137638
 30
4.143
 10
92.46633068293015
 20
20.073714234523752
 30
4.128880714155936
 10
92.47964026923317
 20
20.068921979460946
 30
4.123032314468302
 10
92.4931605809406
 20
20.0647612142094
 30
4.128880714155936
 10
95.56897160282172
 20
29.26366925862362
 30
3.591
 10
95.56366931706985
 20
29.266285765476248
 30
3.605119285844064
 10
95.55035973076683
 20
29.271078020539054
 30
3.6109676855316977
 10
95.5368394190594
 20
29.2752387857906
 30
3.605119285844064
 10
95.53102839717828
 20
29.27633074137638
 30
3.591
 10
95.53633068293014
 20
29.27371423452375
 30
3.5768807141559362
 10
95.54964026923317
 20
29.268921979460945
 30
3.5710323144683027
 10
95.56316058094059
 20
29.2647612142094
 30
3.5768807141559362
 93
58
 90
8
 90
7
 90
6
 90
5
 90
4
 90
3
 90
2
 90
1
 90
0
 90
8
 90
8
 90
9
 90
10
 90
11
 90
12
 90
13
 90
14
 90
15
 90
4
 90
0
 90
1
 90
9
 90
8
 90
4
 90
1
 90
2
 90
10
 90
9
 90
4
 90
2
 90
3
 90
11
 90
10
 90
4
 90
3
 90
4
 90
12
 90
11
 90
4
 90
4
 90
5
 90
13
 90
12
 90
4
 90
5
 90
6
 90
14
 90
13
 90
4
 90
6
 90
7
 90
15
 90
14
 90
4
 90
7
 90
0
 90
8
 90
15
 94
0
 95
0
 90
0
  0
MESH
  5
1F1
330
17
100
AcDbEntity
  8
3D-BRACE-ROOF
100
AcDbSubDMesh
 71
2
 72
0
 91
0
 92
16
 10
92.46102839717828
 20
29.26366925862362
 30
3.591
 10
92.46633068293015
 20
29.266285765476248
 30
3.605119285844064
 10
92.47964026923317
 20
29.271078020539054
 30
3.6109676855316977
 10
92.4931605809406
 20
29.2752387857906
 30
3.605119285844064
 10
92.49897160282173
 20
29.27633074137638
 30
3.591
 10
92.49366931706986
 20
29.27371423452375
 30
3.5768807141559362
 10
92.48035973076684
 20
29.268921979460945
 30
3.5710323144683027
 10
92.46683941905941
 20
29.2647612142094
 30
3.5768807141559362
 10
95.53102839717828
 20
20.06366925862362
 30
4.143
 10
95.53633068293014
 20
20.06628576547625
 30
4.157119285844064
 10
95.54964026923317
 20
20.071078020539055
 30
4.162967685531697
 10
95.56316058094059
 20
20.0752387857906
 30
4.157119285844064
 10
95.56897160282172
 20
20.07633074137638
 30
4.143
 10
95.56366931706985
 20
20.073714234523752
 30
4.128880714155936
 10
95.55035973076683
 20
20.068921979460946
 30
4.123032314468302
 10
95.5368394190594
 20
20.0647612142094
 30
4.128880714155936
 93
58
 90
8
 90
7
 90
6
 90
5
 90
4
 90
3
 90
2
 90
1
 90
0
 90
8
 90
8
 90
9
 90
10
 90
11
 90
12
 90
13
 90
14
 90
15
 90
4
 90
0
 90
1
 90
9
 90
8
 90
4
 90
1
 90
2
 90
10
 90
9
 90
4
 90
2
 90
3
 90
11
 90
10
 90
4
 90
3
 90
4
 90
12
 90
11
 90
4
 90
4
 90
5
 90
13
 90
12
 90
4
 90
5
 90
6
 90
14
 90
13
 90
4
 90
6
 90
7
 90
15
 90
14
 90
4
 90
7
 90
0
 90
8
 90
15
 94
0
 95
0
 90
0
  0
MESH
  5
1F2
330
17
100
AcDbEntity
  8
3D-BRACE-ROOF
100
AcDbSubDMesh
 71
2
 72
0
 91
0
 92
16
 10
68.0088886376636
 20
15.863425856161221
 30
4.3950000000000005
 10
68.00361928026564
 20
15.866107012118166
 30
4.409119484778058
 10
67.99037193319782
 20
15.871068627578133
 30
4.4149679668668504
 10
67.976906712707
 20
15.875404255495956
 30
4.409119484778058
 10
67.97111136233639
 20
15.876574143838777
 30
4.3950000000000005
 10
67.97638071973435
 20
15.873892987881833
 30
4.380880515221943
 10
67.98962806680217
 20
15.868931372421866
 30
4.3750320331331505
 10
68.00309328729298
 20
15.864595744504042
 30
4.380880515221943
 10
70.05888863766361
 20
21.753425856161225
 30
4.0416
 10
70.05361928026565
 20
21.756107012118168
 30
4.0557194847780575
 10
70.04037193319783
 20
21.761068627578137
 30
4.06156796686685
 10
70.02690671270702
 20
21.765404255495955
 30
4.0557194847780575
 10
70.0211113623364
 20
21.766574143838778
 30
4.0416
 10
70.02638071973436
 20
21.763892987881835
 30
4.027480515221942
 10
70.03962806680218
 20
21.758931372421866
 30
4.02163203313315
 10
70.053093287293
 20
21.754595744504048
 30
4.027480515221942
 93
58
 90
8
 90
7
 90
6
 90
5
 90
4
 90
3
 90
2
 90
1
 90
0
 90
8
 90
8
 90
9
 90
10
 90
11
 90
12
 90
13
 90
14
 90
15
 90
4
 90
0
 90
1
 90
9
 90
8
 90
4
 90
1
 90
2
 90
10
 90
9
 90
4
 90
2
 90
3
 90
11
 90
10
 90
4
 90
3
 90
4
 90
12
 90
11
 90
4
 90
4
 90
5
 90
13
 90
12
 90
4
 90
5
 90
6
 90
14
 90
13
 90
4
 90
6
 90
7
 90
15
 90
14
 90
4
 90
7
 90
0
 90
8
 90
15
 94
0
 95
0
 90
0
  0
MESH
  5
1F3
330
17
100
AcDbEntity
  8
3D-BRACE-ROOF
100
AcDbSubDMesh
 71
2
 72
0
 91
0
 92
16
 10
67.97111136233639
 20
21.753425856161225
 30
4.0416
 10
67.97638071973435
 20
21.756107012118168
 30
4.0557194847780575
 10
67.98962806680217
 20
21.761068627578137
 30
4.06156796686685
 10
68.00309328729298
 20
21.765404255495955
 30
4.0557194847780575
 10
68.0088886376636
 20
21.766574143838778
 30
4.0416
 10
68.00361928026564
 20
21.763892987881835
 30
4.027480515221942
 10
67.99037193319782
 20
21.758931372421866
 30
4.02163203313315
 10
67.976906712707
 20
21.754595744504048
 30
4.027480515221942
 10
70.0211113623364
 20
15.863425856161221
 30
4.3950000000000005
 10
70.02638071973436
 20
15.866107012118166
 30
4.409119484778058
 10
70.03962806680218
 20
15.871068627578133
 30
4.4149679668668504
 10
70.053093287293
 20
15.875404255495956
 30
4.409119484778058
 10
70.05888863766361
 20
15.876574143838777
 30
4.3950000000000005
 10
70.05361928026565
 20
15.873892987881833
 30
4.380880515221943
 10
70.04037193319783
 20
15.868931372421866
 30
4.3750320331331505
 10
70.02690671270702
 20
15.864595744504042
 30
4.380880515221943
 93
58
 90
8
 90
7
 90
6
 90
5
 90
4
 90
3
 90
2
 90
1
 90
0
 90
8
 90
8
 90
9
 90
10
 90
11
 90
12
 90
13
 90
14
 90
15
 90
4
 90
0
 90
1
 90
9
 90
8
 90
4
 90
1
 90
2
 90
10
 90
9
 90
4
 90
2
 90
3
 90
11
 90
10
 90
4
 90
3
 90
4
 90
12
 90
11
 90
4
 90
4
 90
5
 90
13
 90
12
 90
4
 90
5
 90
6
 90
14
 90
13
 90
4
 90
6
 90
7
 90
15
 90
14
 90
4
 90
7
 90
0
 90
8
 90
15
 94
0
 95
0
 90
0
  0
MESH
  5
1F4
330
17
100
AcDbEntity
  8
3D-BRACE-ROOF
100
AcDbSubDMesh
 71
2
 72
0
 91
0
 92
16
 10
70.05888863766361
 20
15.863425856161223
 30
4.3950000000000005
 10
70.05361928026565
 20
15.866107012118166
 30
4.409119484778058
 10
70.04037193319783
 20
15.871068627578133
 30
4.4149679668668504
 10
70.02690671270702
 20
15.875404255495956
 30
4.409119484778058
 10
70.0211113623364
 20
15.876574143838775
 30
4.3950000000000005
 10
70.02638071973436
 20
15.873892987881833
 30
4.380880515221943
 10
70.03962806680218
 20
15.868931372421866
 30
4.3750320331331505
 10
70.053093287293
 20
15.864595744504042
 30
4.380880515221943
 10
72.10888863766361
 20
21.753425856161225
 30
4.0416
 10
72.10361928026565
 20
21.756107012118168
 30
4.0557194847780575
 10
72.09037193319783
 20
21.761068627578137
 30
4.06156796686685
 10
72.07690671270701
 20
21.765404255495955
 30
4.0557194847780575
 10
72.0711113623364
 20
21.766574143838778
 30
4.0416
 10
72.07638071973436
 20
21.763892987881835
 30
4.027480515221942
 10
72.08962806680218
 20
21.758931372421866
 30
4.02163203313315
 10
72.10309328729299
 20
21.754595744504048
 30
4.027480515221942
 93
58
 90
8
 90
7
 90
6
 90
5
 90
4
 90
3
 90
2
 90
1
 90
0
 90
8
 90
8
 90
9
 90
10
 90
11
 90
12
 90
13
 90
14
 90
15
 90
4
 90
0
 90
1
 90
9
 90
8
 90
4
 90
1
 90
2
 90
10
 90
9
 90
4
 90
2
 90
3
 90
11
 90
10
 90
4
 90
3
 90
4
 90
12
 90
11
 90
4
 90
4
 90
5
 90
13
 90
12
 90
4
 90
5
 90
6
 90
14
 90
13
 90
4
 90
6
 90
7
 90
15
 90
14
 90
4
 90
7
 90
0
 90
8
 90
15
 94
0
 95
0
 90
0
  0
MESH
  5
1F5
330
17
100
AcDbEntity
  8
3D-BRACE-ROOF
100
AcDbSubDMesh
 71
2
 72
0
 91
0
 92
16
 10
70.0211113623364
 20
21.753425856161225
 30
4.0416
 10
70.02638071973436
 20
21.756107012118168
 30
4.0557194847780575
 10
70.03962806680218
 20
21.761068627578137
 30
4.06156796686685
 10
70.053093287293
 20
21.765404255495955
 30
4.0557194847780575
 10
70.05888863766361
 20
21.766574143838778
 30
4.0416
 10
70.05361928026565
 20
21.763892987881835
 30
4.027480515221942
 10
70.04037193319783
 20
21.758931372421866
 30
4.02163203313315
 10
70.02690671270702
 20
21.754595744504048
 30
4.027480515221942
 10
72.0711113623364
 20
15.863425856161223
 30
4.3950000000000005
 10
72.07638071973436
 20
15.866107012118166
 30
4.409119484778058
 10
72.08962806680218
 20
15.871068627578133
 30
4.4149679668668504
 10
72.10309328729299
 20
15.875404255495956
 30
4.409119484778058
 10
72.10888863766361
 20
15.876574143838775
 30
4.3950000000000005
 10
72.10361928026565
 20
15.873892987881833
 30
4.380880515221943
 10
72.09037193319783
 20
15.868931372421866
 30
4.3750320331331505
 10
72.07690671270701
 20
15.864595744504042
 30
4.380880515221943
 93
58
 90
8
 90
7
 90
6
 90
5
 90
4
 90
3
 90
2
 90
1
 90
0
 90
8
 90
8
 90
9
 90
10
 90
11
 90
12
 90
13
 90
14
 90
15
 90
4
 90
0
 90
1
 90
9
 90
8
 90
4
 90
1
 90
2
 90
10
 90
9
 90
4
 90
2
 90
3
 90
11
 90
10
 90
4
 90
3
 90
4
 90
12
 90
11
 90
4
 90
4
 90
5
 90
13
 90
12
 90
4
 90
5
 90
6
 90
14
 90
13
 90
4
 90
6
 90
7
 90
15
 90
14
 90
4
 90
7
 90
0
 90
8
 90
15
 94
0
 95
0
 90
0
  0
MESH
  5
1F6
330
17
100
AcDbEntity
  8
3D-BRACE-ROOF
100
AcDbSubDMesh
 71
2
 72
0
 91
0
 92
16
 10
72.10802226654292
 20
15.911328327228494
 30
4.3919999999999995
 10
72.10307471010945
 20
15.914556205803114
 30
4.406121510552907
 10
72.09046816581797
 20
15.920972985187504
 30
4.4119708317451165
 10
72.07758737633976
 20
15.92681980304504
 30
4.406121510552907
 10
72.07197773345709
 20
15.928671672771506
 30
4.3919999999999995
 10
72.07692528989055
 20
15.925443794196886
 30
4.377878489447092
 10
72.08953183418204
 20
15.919027014812496
 30
4.372029168254882
 10
72.10241262366024
 20
15.91318019695496
 30
4.377878489447092
 10
74.91802226654292
 20
21.751328327228496
 30
4.0416
 10
74.91307471010946
 20
21.754556205803116
 30
4.055721510552908
 10
74.90046816581797
 20
21.760972985187504
 30
4.061570831745117
 10
74.88758737633977
 20
21.766819803045042
 30
4.055721510552908
 10
74.88197773345709
 20
21.768671672771507
 30
4.0416
 10
74.88692528989056
 20
21.765443794196887
 30
4.027478489447092
 10
74.89953183418204
 20
21.7590270148125
 30
4.021629168254883
 10
74.91241262366025
 20
21.75318019695496
 30
4.027478489447092
 93
58
 90
8
 90
7
 90
6
 90
5
 90
4
 90
3
 90
2
 90
1
 90
0
 90
8
 90
8
 90
9
 90
10
 90
11
 90
12
 90
13
 90
14
 90
15
 90
4
 90
0
 90
1
 90
9
 90
8
 90
4
 90
1
 90
2
 90
10
 90
9
 90
4
 90
2
 90
3
 90
11
 90
10
 90
4
 90
3
 90
4
 90
12
 90
11
 90
4
 90
4
 90
5
 90
13
 90
12
 90
4
 90
5
 90
6
 90
14
 90
13
 90
4
 90
6
 90
7
 90
15
 90
14
 90
4
 90
7
 90
0
 90
8
 90
15
 94
0
 95
0
 90
0
  0
MESH
  5
1F7
330
17
100
AcDbEntity
  8
3D-BRACE-ROOF
100
AcDbSubDMesh
 71
2
 72
0
 91
0
 92
16
 10
72.07197773345709
 20
21.751328327228496
 30
4.0416
 10
72.07692528989055
 20
21.754556205803116
 30
4.055721510552908
 10
72.08953183418204
 20
21.760972985187504
 30
4.061570831745117
 10
72.10241262366024
 20
21.766819803045042
 30
4.055721510552908
 10
72.10802226654292
 20
21.768671672771507
 30
4.0416
 10
72.10307471010945
 20
21.765443794196887
 30
4.027478489447092
 10
72.09046816581797
 20
21.7590270148125
 30
4.021629168254883
 10
72.07758737633976
 20
21.75318019695496
 30
4.027478489447092
 10
74.88197773345709
 20
15.911328327228494
 30
4.3919999999999995
 10
74.88692528989056
 20
15.914556205803114
 30
4.406121510552907
 10
74.89953183418204
 20
15.920972985187504
 30
4.4119708317451165
 10
74.91241262366025
 20
15.92681980304504
 30
4.406121510552907
 10
74.91802226654292
 20
15.928671672771506
 30
4.3919999999999995
 10
74.91307471010946
 20
15.925443794196886
 30
4.377878489447092
 10
74.90046816581797
 20
15.919027014812496
 30
4.372029168254882
 10
74.88758737633977
 20
15.91318019695496
 30
4.377878489447092
 93
58
 90
8
 90
7
 90
6
 90
5
 90
4
 90
3
 90
2
 90
1
 90
0
 90
8
 90
8
 90
9
 90
10
 90
11
 90
12
 90
13
 90
14
 90
15
 90
4
 90
0
 90
1
 90
9
 90
8
 90
4
 90
1
 90
2
 90
10
 90
9
 90
4
 90
2
 90
3
 90
11
 90
10
 90
4
 90
3
 90
4
 90
12
 90
11
 90
4
 90
4
 90
5
 90
13
 90
12
 90
4
 90
5
 90
6
 90
14
 90
13
 90
4
 90
6
 90
7
 90
15
 90
14
 90
4
 90
7
 90
0
 90
8
 90
15
 94
0
 95
0
 90
0
  0
MESH
  5
1F8
330
17
100
AcDbEntity
  8
3D-BRACE-ROOF
100
AcDbSubDMesh
 71
2
 72
0
 91
0
 92
16
 10
74.91793741741155
 20
15.911154150317591
 30
4.3919999999999995
 10
74.91301977669897
 20
15.914426590436191
 30
4.406121703882426
 10
74.9004753273752
 20
15.92096385828861
 30
4.411971105154343
 10
74.88765243772161
 20
15.926936511027767
 30
4.406121703882426
 10
74.88206258258846
 20
15.928845849682409
 30
4.3919999999999995
 10
74.88698022330104
 20
15.925573409563809
 30
4.377878296117573
 10
74.8995246726248
 20
15.91903614171139
 30
4.372028894845656
 10
74.9123475622784
 20
15.913063488972233
 30
4.377878296117573
 10
77.79793741741155
 20
21.751154150317593
 30
4.0416
 10
77.79301977669897
 20
21.754426590436193
 30
4.055721703882426
 10
77.7804753273752
 20
21.760963858288612
 30
4.061571105154344
 10
77.76765243772161
 20
21.76693651102777
 30
4.055721703882426
 10
77.76206258258846
 20
21.76884584968241
 30
4.0416
 10
77.76698022330103
 20
21.76557340956381
 30
4.0274782961175735
 10
77.7795246726248
 20
21.75903614171139
 30
4.021628894845656
 10
77.7923475622784
 20
21.753063488972234
 30
4.0274782961175735
 93
58
 90
8
 90
7
 90
6
 90
5
 90
4
 90
3
 90
2
 90
1
 90
0
 90
8
 90
8
 90
9
 90
10
 90
11
 90
12
 90
13
 90
14
 90
15
 90
4
 90
0
 90
1
 90
9
 90
8
 90
4
 90
1
 90
2
 90
10
 90
9
 90
4
 90
2
 90
3
 90
11
 90
10
 90
4
 90
3
 90
4
 90
12
 90
11
 90
4
 90
4
 90
5
 90
13
 90
12
 90
4
 90
5
 90
6
 90
14
 90
13
 90
4
 90
6
 90
7
 90
15
 90
14
 90
4
 90
7
 90
0
 90
8
 90
15
 94
0
 95
0
 90
0
  0
MESH
  5
1F9
330
17
100
AcDbEntity
  8
3D-BRACE-ROOF
100
AcDbSubDMesh
 71
2
 72
0
 91
0
 92
16
 10
74.88206258258846
 20
21.751154150317593
 30
4.0416
 10
74.88698022330104
 20
21.754426590436193
 30
4.055721703882426
 10
74.8995246726248
 20
21.760963858288612
 30
4.061571105154344
 10
74.9123475622784
 20
21.76693651102777
 30
4.055721703882426
 10
74.91793741741155
 20
21.76884584968241
 30
4.0416
 10
74.91301977669897
 20
21.76557340956381
 30
4.0274782961175735
 10
74.9004753273752
 20
21.75903614171139
 30
4.021628894845656
 10
74.88765243772161
 20
21.753063488972234
 30
4.0274782961175735
 10
77.76206258258846
 20
15.911154150317591
 30
4.3919999999999995
 10
77.76698022330103
 20
15.914426590436191
 30
4.406121703882426
 10
77.7795246726248
 20
15.92096385828861
 30
4.411971105154343
 10
77.7923475622784
 20
15.926936511027767
 30
4.406121703882426
 10
77.79793741741155
 20
15.928845849682409
 30
4.3919999999999995
 10
77.79301977669897
 20
15.925573409563809
 30
4.377878296117573
 10
77.7804753273752
 20
15.91903614171139
 30
4.372028894845656
 10
77.76765243772161
 20
15.913063488972233
 30
4.377878296117573
 93
58
 90
8
 90
7
 90
6
 90
5
 90
4
 90
3
 90
2
 90
1
 90
0
 90
8
 90
8
 90
9
 90
10
 90
11
 90
12
 90
13
 90
14
 90
15
 90
4
 90
0
 90
1
 90
9
 90
8
 90
4
 90
1
 90
2
 90
10
 90
9
 90
4
 90
2
 90
3
 90
11
 90
10
 90
4
 90
3
 90
4
 90
12
 90
11
 90
4
 90
4
 90
5
 90
13
 90
12
 90
4
 90
5
 90
6
 90
14
 90
13
 90
4
 90
6
 90
7
 90
15
 90
14
 90
4
 90
7
 90
0
 90
8
 90
15
 94
0
 95
0
 90
0
  0
MESH
  5
1FA
330
17
100
AcDbEntity
  8
3D-BRACE-ROOF
100
AcDbSubDMesh
 71
2
 72
0
 91
0
 92
16
 10
68.00641469515158
 20
15.858573811524366
 30
4.3950000000000005
 10
68.00200433004525
 20
15.862491346132975
 30
4.409125019549366
 10
67.99056199120561
 20
15.870807348341721
 30
4.414975794215499
 10
67.97879044553966
 20
15.878650416841447
 30
4.409125019549366
 10
67.97358530484841
 20
15.881426188475633
 30
4.3950000000000005
 10
67.97799566995474
 20
15.877508653867023
 30
4.380874980450635
 10
67.98943800879438
 20
15.869192651658278
 30
4.375024205784502
 10
68.00120955446033
 20
15.861349583158551
 30
4.380874980450635
 10
72.10641469515159
 20
21.74857381152437
 30
4.0416
 10
72.10200433004526
 20
21.752491346132977
 30
4.0557250195493655
 10
72.09056199120562
 20
21.760807348341725
 30
4.061575794215498
 10
72.07879044553967
 20
21.768650416841446
 30
4.0557250195493655
 10
72.07358530484842
 20
21.771426188475633
 30
4.0416
 10
72.07799566995475
 20
21.767508653867026
 30
4.027474980450634
 10
72.08943800879439
 20
21.759192651658278
 30
4.0216242057845015
 10
72.10120955446034
 20
21.751349583158557
 30
4.027474980450634
 93
58
 90
8
 90
7
 90
6
 90
5
 90
4
 90
3
 90
2
 90
1
 90
0
 90
8
 90
8
 90
9
 90
10
 90
11
 90
12
 90
13
 90
14
 90
15
 90
4
 90
0
 90
1
 90
9
 90
8
 90
4
 90
1
 90
2
 90
10
 90
9
 90
4
 90
2
 90
3
 90
11
 90
10
 90
4
 90
3
 90
4
 90
12
 90
11
 90
4
 90
4
 90
5
 90
13
 90
12
 90
4
 90
5
 90
6
 90
14
 90
13
 90
4
 90
6
 90
7
 90
15
 90
14
 90
4
 90
7
 90
0
 90
8
 90
15
 94
0
 95
0
 90
0
  0
MESH
  5
1FB
330
17
100
AcDbEntity
  8
3D-BRACE-ROOF
100
AcDbSubDMesh
 71
2
 72
0
 91
0
 92
16
 10
67.97358530484841
 20
21.74857381152437
 30
4.0416
 10
67.97799566995474
 20
21.752491346132977
 30
4.0557250195493655
 10
67.98943800879438
 20
21.760807348341725
 30
4.061575794215498
 10
68.00120955446033
 20
21.768650416841446
 30
4.0557250195493655
 10
68.00641469515158
 20
21.771426188475633
 30
4.0416
 10
68.00200433004525
 20
21.767508653867026
 30
4.027474980450634
 10
67.99056199120561
 20
21.759192651658278
 30
4.0216242057845015
 10
67.97879044553966
 20
21.751349583158557
 30
4.027474980450634
 10
72.07358530484842
 20
15.858573811524366
 30
4.3950000000000005
 10
72.07799566995475
 20
15.862491346132975
 30
4.409125019549366
 10
72.08943800879439
 20
15.870807348341721
 30
4.414975794215499
 10
72.10120955446034
 20
15.878650416841447
 30
4.409125019549366
 10
72.10641469515159
 20
15.881426188475633
 30
4.3950000000000005
 10
72.10200433004526
 20
15.877508653867023
 30
4.380874980450635
 10
72.09056199120562
 20
15.869192651658278
 30
4.375024205784502
 10
72.07879044553967
 20
15.861349583158551
 30
4.380874980450635
 93
58
 90
8
 90
7
 90
6
 90
5
 90
4
 90
3
 90
2
 90
1
 90
0
 90
8
 90
8
 90
9
 90
10
 90
11
 90
12
 90
13
 90
14
 90
15
 90
4
 90
0
 90
1
 90
9
 90
8
 90
4
 90
1
 90
2
 90
10
 90
9
 90
4
 90
2
 90
3
 90
11
 90
10
 90
4
 90
3
 90
4
 90
12
 90
11
 90
4
 90
4
 90
5
 90
13
 90
12
 90
4
 90
5
 90
6
 90
14
 90
13
 90
4
 90
6
 90
7
 90
15
 90
14
 90
4
 90
7
 90
0
 90
8
 90
15
 94
0
 95
0
 90
0
  0
MESH
  5
1FC
330
17
100
AcDbEntity
  8
3D-BRACE-ROOF
100
AcDbSubDMesh
 71
2
 72
0
 91
0
 92
16
 10
68.0075809674776
 20
21.75046534832564
 30
4.0416
 10
68.00278672129244
 20
21.75391275284415
 30
4.055722506174638
 10
67.99050218719246
 20
21.76092598418904
 30
4.06157223976687
 10
67.97792347864598
 20
21.767396786554535
 30
4.055722506174638
 10
67.9724190325224
 20
21.769534651674363
 30
4.0416
 10
67.97721327870755
 20
21.766087247155852
 30
4.027477493825362
 10
67.98949781280753
 20
21.759074015810963
 30
4.021627760233129
 10
68.00207652135401
 20
21.752603213445468
 30
4.027477493825362
 10
72.1075809674776
 20
29.31046534832564
 30
3.588
 10
72.10278672129245
 20
29.31391275284415
 30
3.602122506174638
 10
72.09050218719247
 20
29.32092598418904
 30
3.607972239766871
 10
72.07792347864599
 20
29.327396786554534
 30
3.602122506174638
 10
72.0724190325224
 20
29.32953465167436
 30
3.588
 10
72.07721327870756
 20
29.32608724715585
 30
3.5738774938253624
 10
72.08949781280754
 20
29.319074015810962
 30
3.568027760233129
 10
72.10207652135402
 20
29.312603213445467
 30
3.5738774938253624
 93
58
 90
8
 90
7
 90
6
 90
5
 90
4
 90
3
 90
2
 90
1
 90
0
 90
8
 90
8
 90
9
 90
10
 90
11
 90
12
 90
13
 90
14
 90
15
 90
4
 90
0
 90
1
 90
9
 90
8
 90
4
 90
1
 90
2
 90
10
 90
9
 90
4
 90
2
 90
3
 90
11
 90
10
 90
4
 90
3
 90
4
 90
12
 90
11
 90
4
 90
4
 90
5
 90
13
 90
12
 90
4
 90
5
 90
6
 90
14
 90
13
 90
4
 90
6
 90
7
 90
15
 90
14
 90
4
 90
7
 90
0
 90
8
 90
15
 94
0
 95
0
 90
0
  0
MESH
  5
1FD
330
17
100
AcDbEntity
  8
3D-BRACE-ROOF
100
AcDbSubDMesh
 71
2
 72
0
 91
0
 92
16
 10
67.9724190325224
 20
29.31046534832564
 30
3.588
 10
67.97721327870755
 20
29.31391275284415
 30
3.602122506174638
 10
67.98949781280753
 20
29.32092598418904
 30
3.607972239766871
 10
68.00207652135401
 20
29.327396786554534
 30
3.602122506174638
 10
68.0075809674776
 20
29.32953465167436
 30
3.588
 10
68.00278672129244
 20
29.32608724715585
 30
3.5738774938253624
 10
67.99050218719246
 20
29.319074015810962
 30
3.568027760233129
 10
67.97792347864598
 20
29.312603213445467
 30
3.5738774938253624
 10
72.0724190325224
 20
21.75046534832564
 30
4.0416
 10
72.07721327870756
 20
21.75391275284415
 30
4.055722506174638
 10
72.08949781280754
 20
21.76092598418904
 30
4.06157223976687
 10
72.10207652135402
 20
21.767396786554535
 30
4.055722506174638
 10
72.1075809674776
 20
21.769534651674363
 30
4.0416
 10
72.10278672129245
 20
21.766087247155852
 30
4.027477493825362
 10
72.09050218719247
 20
21.759074015810963
 30
4.021627760233129
 10
72.07792347864599
 20
21.752603213445468
 30
4.027477493825362
 93
58
 90
8
 90
7
 90
6
 90
5
 90
4
 90
3
 90
2
 90
1
 90
0
 90
8
 90
8
 90
9
 90
10
 90
11
 90
12
 90
13
 90
14
 90
15
 90
4
 90
0
 90
1
 90
9
 90
8
 90
4
 90
1
 90
2
 90
10
 90
9
 90
4
 90
2
 90
3
 90
11
 90
10
 90
4
 90
3
 90
4
 90
12
 90
11
 90
4
 90
4
 90
5
 90
13
 90
12
 90
4
 90
5
 90
6
 90
14
 90
13
 90
4
 90
6
 90
7
 90
15
 90
14
 90
4
 90
7
 90
0
 90
8
 90
15
 94
0
 95
0
 90
0
  0
MESH
  5
1FE
330
17
100
AcDbEntity
  8
3D-BRACE-ROOF
100
AcDbSubDMesh
 71
2
 72
0
 91
0
 92
16
 10
68.00642377577456
 20
29.308586867682074
 30
3.588
 10
68.00201051599178
 20
29.31250120926452
 30
3.6021250006412875
 10
67.9905616588321
 20
29.32080824075841
 30
3.6079757674754376
 10
67.978783789546
 20
29.32864181577769
 30
3.6021250006412875
 10
67.97357622422543
 20
29.331413132317927
 30
3.588
 10
67.9779894840082
 20
29.32749879073548
 30
3.5738749993587127
 10
67.98943834116788
 20
29.31919175924159
 30
3.5680242325245626
 10
68.00121621045399
 20
29.31135818422231
 30
3.5738749993587127
 10
72.10642377577457
 20
35.20858686768207
 30
3.234
 10
72.1020105159918
 20
35.212501209264516
 30
3.2481250006412874
 10
72.09056165883212
 20
35.22080824075841
 30
3.2539757674754375
 10
72.07878378954601
 20
35.22864181577769
 30
3.2481250006412874
 10
72.07357622422543
 20
35.231413132317925
 30
3.234
 10
72.07798948400821
 20
35.22749879073548
 30
3.2198749993587126
 10
72.08943834116789
 20
35.21919175924159
 30
3.2140242325245625
 10
72.101216210454
 20
35.211358184222306
 30
3.2198749993587126
 93
58
 90
8
 90
7
 90
6
 90
5
 90
4
 90
3
 90
2
 90
1
 90
0
 90
8
 90
8
 90
9
 90
10
 90
11
 90
12
 90
13
 90
14
 90
15
 90
4
 90
0
 90
1
 90
9
 90
8
 90
4
 90
1
 90
2
 90
10
 90
9
 90
4
 90
2
 90
3
 90
11
 90
10
 90
4
 90
3
 90
4
 90
12
 90
11
 90
4
 90
4
 90
5
 90
13
 90
12
 90
4
 90
5
 90
6
 90
14
 90
13
 90
4
 90
6
 90
7
 90
15
 90
14
 90
4
 90
7
 90
0
 90
8
 90
15
 94
0
 95
0
 90
0
  0
MESH
  5
1FF
330
17
100
AcDbEntity
  8
3D-BRACE-ROOF
100
AcDbSubDMesh
 71
2
 72
0
 91
0
 92
16
 10
67.97357622422543
 20
35.20858686768207
 30
3.234
 10
67.9779894840082
 20
35.212501209264516
 30
3.2481250006412874
 10
67.98943834116788
 20
35.22080824075841
 30
3.2539757674754375
 10
68.00121621045399
 20
35.22864181577769
 30
3.2481250006412874
 10
68.00642377577456
 20
35.231413132317925
 30
3.234
 10
68.00201051599178
 20
35.22749879073548
 30
3.2198749993587126
 10
67.9905616588321
 20
35.21919175924159
 30
3.2140242325245625
 10
67.978783789546
 20
35.211358184222306
 30
3.2198749993587126
 10
72.07357622422543
 20
29.308586867682074
 30
3.588
 10
72.07798948400821
 20
29.31250120926452
 30
3.6021250006412875
 10
72.08943834116789
 20
29.32080824075841
 30
3.6079757674754376
 10
72.101216210454
 20
29.32864181577769
 30
3.6021250006412875
 10
72.10642377577457
 20
29.331413132317927
 30
3.588
 10
72.1020105159918
 20
29.32749879073548
 30
3.5738749993587127
 10
72.09056165883212
 20
29.31919175924159
 30
3.5680242325245626
 10
72.07878378954601
 20
29.31135818422231
 30
3.5738749993587127
 93
58
 90
8
 90
7
 90
6
 90
5
 90
4
 90
3
 90
2
 90
1
 90
0
 90
8
 90
8
 90
9
 90
10
 90
11
 90
12
 90
13
 90
14
 90
15
 90
4
 90
0
 90
1
 90
9
 90
8
 90
4
 90
1
 90
2
 90
10
 90
9
 90
4
 90
2
 90
3
 90
11
 90
10
 90
4
 90
3
 90
4
 90
12
 90
11
 90
4
 90
4
 90
5
 90
13
 90
12
 90
4
 90
5
 90
6
 90
14
 90
13
 90
4
 90
6
 90
7
 90
15
 90
14
 90
4
 90
7
 90
0
 90
8
 90
15
 94
0
 95
0
 90
0
  0
MESH
  5
200
330
17
100
AcDbEntity
  8
3D-BRACE-ROOF
100
AcDbSubDMesh
 71
2
 72
0
 91
0
 92
16
 10
89.91704269988303
 20
20.059533559310967
 30
4.143
 10
89.91242890855068
 20
20.06321445023367
 30
4.157123687429545
 10
89.90053443115484
 20
20.07087022418133
 30
4.16297391031358
 10
89.88832689123666
 20
20.078016232605872
 30
4.157123687429545
 10
89.88295730011698
 20
20.080466440689033
 30
4.143
 10
89.88757109144933
 20
20.07678554976633
 30
4.128876312570455
 10
89.89946556884517
 20
20.06912977581867
 30
4.1230260896864195
 10
89.91167310876335
 20
20.06198376739413
 30
4.128876312570455
 10
95.56704269988302
 20
29.259533559310967
 30
3.591
 10
95.56242890855067
 20
29.26321445023367
 30
3.605123687429545
 10
95.55053443115483
 20
29.27087022418133
 30
3.610973910313581
 10
95.53832689123665
 20
29.27801623260587
 30
3.605123687429545
 10
95.53295730011698
 20
29.280466440689032
 30
3.591
 10
95.53757109144932
 20
29.27678554976633
 30
3.5768763125704552
 10
95.54946556884516
 20
29.26912977581867
 30
3.5710260896864194
 10
95.56167310876334
 20
29.261983767394128
 30
3.5768763125704552
 93
58
 90
8
 90
7
 90
6
 90
5
 90
4
 90
3
 90
2
 90
1
 90
0
 90
8
 90
8
 90
9
 90
10
 90
11
 90
12
 90
13
 90
14
 90
15
 90
4
 90
0
 90
1
 90
9
 90
8
 90
4
 90
1
 90
2
 90
10
 90
9
 90
4
 90
2
 90
3
 90
11
 90
10
 90
4
 90
3
 90
4
 90
12
 90
11
 90
4
 90
4
 90
5
 90
13
 90
12
 90
4
 90
5
 90
6
 90
14
 90
13
 90
4
 90
6
 90
7
 90
15
 90
14
 90
4
 90
7
 90
0
 90
8
 90
15
 94
0
 95
0
 90
0
  0
MESH
  5
201
330
17
100
AcDbEntity
  8
3D-BRACE-ROOF
100
AcDbSubDMesh
 71
2
 72
0
 91
0
 92
16
 10
89.88295730011698
 20
29.259533559310967
 30
3.591
 10
89.88757109144933
 20
29.26321445023367
 30
3.605123687429545
 10
89.89946556884517
 20
29.27087022418133
 30
3.610973910313581
 10
89.91167310876335
 20
29.27801623260587
 30
3.605123687429545
 10
89.91704269988303
 20
29.280466440689032
 30
3.591
 10
89.91242890855068
 20
29.27678554976633
 30
3.5768763125704552
 10
89.90053443115484
 20
29.26912977581867
 30
3.5710260896864194
 10
89.88832689123666
 20
29.261983767394128
 30
3.5768763125704552
 10
95.53295730011698
 20
20.059533559310967
 30
4.143
 10
95.53757109144932
 20
20.06321445023367
 30
4.157123687429545
 10
95.54946556884516
 20
20.07087022418133
 30
4.16297391031358
 10
95.56167310876334
 20
20.078016232605872
 30
4.157123687429545
 10
95.56704269988302
 20
20.080466440689033
 30
4.143
 10
95.56242890855067
 20
20.07678554976633
 30
4.128876312570455
 10
95.55053443115483
 20
20.06912977581867
 30
4.1230260896864195
 10
95.53832689123665
 20
20.06198376739413
 30
4.128876312570455
 93
58
 90
8
 90
7
 90
6
 90
5
 90
4
 90
3
 90
2
 90
1
 90
0
 90
8
 90
8
 90
9
 90
10
 90
11
 90
12
 90
13
 90
14
 90
15
 90
4
 90
0
 90
1
 90
9
 90
8
 90
4
 90
1
 90
2
 90
10
 90
9
 90
4
 90
2
 90
3
 90
11
 90
10
 90
4
 90
3
 90
4
 90
12
 90
11
 90
4
 90
4
 90
5
 90
13
 90
12
 90
4
 90
5
 90
6
 90
14
 90
13
 90
4
 90
6
 90
7
 90
15
 90
14
 90
4
 90
7
 90
0
 90
8
 90
15
 94
0
 95
0
 90
0
  0
MESH
  5
202
330
17
100
AcDbEntity
  8
3D-BRACE-ROOF
100
AcDbSubDMesh
 71
2
 72
0
 91
0
 92
16
 10
89.91504430722469
 20
29.25682165336132
 30
3.591
 10
89.91105807501526
 20
29.261161134410475
 30
3.605127753963291
 10
89.90059417243563
 20
29.270678303045983
 30
3.610979661260756
 10
89.8897822117016
 20
29.279798130956554
 30
3.605127753963291
 10
89.88495569277532
 20
29.283178346638678
 30
3.591
 10
89.88894192498475
 20
29.278838865589524
 30
3.5768722460367095
 10
89.89940582756438
 20
29.269321696954016
 30
3.5710203387392445
 10
89.91021778829841
 20
29.260201869043446
 30
3.5768722460367095
 10
95.56504430722468
 20
35.70682165336132
 30
3.2039999999999997
 10
95.56105807501525
 20
35.711161134410474
 30
3.2181277539632904
 10
95.55059417243562
 20
35.720678303045986
 30
3.2239796612607554
 10
95.53978221170159
 20
35.72979813095655
 30
3.2181277539632904
 10
95.53495569277531
 20
35.73317834663868
 30
3.2039999999999997
 10
95.53894192498474
 20
35.72883886558952
 30
3.189872246036709
 10
95.54940582756437
 20
35.71932169695401
 30
3.184020338739244
 10
95.5602177882984
 20
35.710201869043445
 30
3.189872246036709
 93
58
 90
8
 90
7
 90
6
 90
5
 90
4
 90
3
 90
2
 90
1
 90
0
 90
8
 90
8
 90
9
 90
10
 90
11
 90
12
 90
13
 90
14
 90
15
 90
4
 90
0
 90
1
 90
9
 90
8
 90
4
 90
1
 90
2
 90
10
 90
9
 90
4
 90
2
 90
3
 90
11
 90
10
 90
4
 90
3
 90
4
 90
12
 90
11
 90
4
 90
4
 90
5
 90
13
 90
12
 90
4
 90
5
 90
6
 90
14
 90
13
 90
4
 90
6
 90
7
 90
15
 90
14
 90
4
 90
7
 90
0
 90
8
 90
15
 94
0
 95
0
 90
0
  0
MESH
  5
203
330
17
100
AcDbEntity
  8
3D-BRACE-ROOF
100
AcDbSubDMesh
 71
2
 72
0
 91
0
 92
16
 10
89.88495569277532
 20
35.70682165336132
 30
3.2039999999999997
 10
89.88894192498475
 20
35.711161134410474
 30
3.2181277539632904
 10
89.89940582756438
 20
35.720678303045986
 30
3.2239796612607554
 10
89.91021778829841
 20
35.72979813095655
 30
3.2181277539632904
 10
89.91504430722469
 20
35.73317834663868
 30
3.2039999999999997
 10
89.91105807501526
 20
35.72883886558952
 30
3.189872246036709
 10
89.90059417243563
 20
35.71932169695401
 30
3.184020338739244
 10
89.8897822117016
 20
35.710201869043445
 30
3.189872246036709
 10
95.53495569277531
 20
29.25682165336132
 30
3.591
 10
95.53894192498474
 20
29.261161134410475
 30
3.605127753963291
 10
95.54940582756437
 20
29.270678303045983
 30
3.610979661260756
 10
95.5602177882984
 20
29.279798130956554
 30
3.605127753963291
 10
95.56504430722468
 20
29.283178346638678
 30
3.591
 10
95.56105807501525
 20
29.278838865589524
 30
3.5768722460367095
 10
95.55059417243562
 20
29.269321696954016
 30
3.5710203387392445
 10
95.53978221170159
 20
29.260201869043446
 30
3.5768722460367095
 93
58
 90
8
 90
7
 90
6
 90
5
 90
4
 90
3
 90
2
 90
1
 90
0
 90
8
 90
8
 90
9
 90
10
 90
11
 90
12
 90
13
 90
14
 90
15
 90
4
 90
0
 90
1
 90
9
 90
8
 90
4
 90
1
 90
2
 90
10
 90
9
 90
4
 90
2
 90
3
 90
11
 90
10
 90
4
 90
3
 90
4
 90
12
 90
11
 90
4
 90
4
 90
5
 90
13
 90
12
 90
4
 90
5
 90
6
 90
14
 90
13
 90
4
 90
6
 90
7
 90
15
 90
14
 90
4
 90
7
 90
0
 90
8
 90
15
 94
0
 95
0
 90
0
  0
MESH
  5
204
330
17
100
AcDbEntity
  8
3D-BRACE-ROOF
100
AcDbSubDMesh
 71
2
 72
0
 91
0
 92
16
 10
77.79526772570739
 20
24.44708115517068
 30
3.8796
 10
77.79121388632097
 20
24.451358966417892
 30
3.8937273243118846
 10
77.78059110441465
 20
24.460698577944584
 30
3.89957905364191
 10
77.769622061559
 20
24.469628971985713
 30
3.8937273243118846
 10
77.76473227429261
 20
24.472918844829323
 30
3.8796
 10
77.76878611367903
 20
24.46864103358211
 30
3.8654726756881153
 10
77.77940889558535
 20
24.459301422055418
 30
3.8596209463580897
 10
77.790377938441
 20
24.45037102801429
 30
3.8654726756881153
 10
81.86526772570738
 20
29.257081155170678
 30
3.591
 10
81.86121388632097
 20
29.26135896641789
 30
3.605127324311885
 10
81.85059110441465
 20
29.270698577944582
 30
3.6109790536419104
 10
81.839622061559
 20
29.279628971985712
 30
3.605127324311885
 10
81.8347322742926
 20
29.28291884482932
 30
3.591
 10
81.83878611367902
 20
29.278641033582108
 30
3.5768726756881155
 10
81.84940889558534
 20
29.269301422055417
 30
3.57102094635809
 10
81.86037793844099
 20
29.260371028014287
 30
3.5768726756881155
 93
58
 90
8
 90
7
 90
6
 90
5
 90
4
 90
3
 90
2
 90
1
 90
0
 90
8
 90
8
 90
9
 90
10
 90
11
 90
12
 90
13
 90
14
 90
15
 90
4
 90
0
 90
1
 90
9
 90
8
 90
4
 90
1
 90
2
 90
10
 90
9
 90
4
 90
2
 90
3
 90
11
 90
10
 90
4
 90
3
 90
4
 90
12
 90
11
 90
4
 90
4
 90
5
 90
13
 90
12
 90
4
 90
5
 90
6
 90
14
 90
13
 90
4
 90
6
 90
7
 90
15
 90
14
 90
4
 90
7
 90
0
 90
8
 90
15
 94
0
 95
0
 90
0
  0
MESH
  5
205
330
17
100
AcDbEntity
  8
3D-BRACE-ROOF
100
AcDbSubDMesh
 71
2
 72
0
 91
0
 92
16
 10
77.76473227429261
 20
29.257081155170678
 30
3.591
 10
77.76878611367903
 20
29.26135896641789
 30
3.605127324311885
 10
77.77940889558535
 20
29.270698577944582
 30
3.6109790536419104
 10
77.790377938441
 20
29.279628971985712
 30
3.605127324311885
 10
77.79526772570739
 20
29.28291884482932
 30
3.591
 10
77.79121388632097
 20
29.278641033582108
 30
3.5768726756881155
 10
77.78059110441465
 20
29.269301422055417
 30
3.57102094635809
 10
77.769622061559
 20
29.260371028014287
 30
3.5768726756881155
 10
81.8347322742926
 20
24.44708115517068
 30
3.8796
 10
81.83878611367902
 20
24.451358966417892
 30
3.8937273243118846
 10
81.84940889558534
 20
24.460698577944584
 30
3.89957905364191
 10
81.86037793844099
 20
24.469628971985713
 30
3.8937273243118846
 10
81.86526772570738
 20
24.472918844829323
 30
3.8796
 10
81.86121388632097
 20
24.46864103358211
 30
3.8654726756881153
 10
81.85059110441465
 20
24.459301422055418
 30
3.8596209463580897
 10
81.839622061559
 20
24.45037102801429
 30
3.8654726756881153
 93
58
 90
8
 90
7
 90
6
 90
5
 90
4
 90
3
 90
2
 90
1
 90
0
 90
8
 90
8
 90
9
 90
10
 90
11
 90
12
 90
13
 90
14
 90
15
 90
4
 90
0
 90
1
 90
9
 90
8
 90
4
 90
1
 90
2
 90
10
 90
9
 90
4
 90
2
 90
3
 90
11
 90
10
 90
4
 90
3
 90
4
 90
12
 90
11
 90
4
 90
4
 90
5
 90
13
 90
12
 90
4
 90
5
 90
6
 90
14
 90
13
 90
4
 90
6
 90
7
 90
15
 90
14
 90
4
 90
7
 90
0
 90
8
 90
15
 94
0
 95
0
 90
0
  0
MESH
  5
206
330
17
100
AcDbEntity
  8
3D-PANEL
440
33554534
100
AcDbSubDMesh
 71
2
 72
0
 91
0
 92
28
 10
67.89
 20
15.57
 30
4.798
 10
77.89
 20
20.17
 30
4.522
 10
77.89
 20
24.16
 30
4.2825999999999995
 10
77.89
 20
24.16
 30
4.2326
 10
77.89
 20
20.17
 30
4.472
 10
67.89
 20
15.57
 30
4.748
 10
77.89
 20
15.57
 30
4.798
 10
77.89
 20
19.97
 30
4.534
 10
77.89
 20
19.97
 30
4.484
 10
77.89
 20
15.57
 30
4.748
 10
95.69
 20
19.97
 30
4.534
 10
95.69
 20
35.87
 30
3.58
 10
81.79
 20
35.87
 30
3.58
 10
81.79
 20
35.87
 30
3.5300000000000002
 10
95.69
 20
35.87
 30
3.5300000000000002
 10
95.69
 20
19.97
 30
4.484
 10
77.89
 20
29.37
 30
3.9699999999999998
 10
77.89
 20
35.37
 30
3.61
 10
67.89
 20
35.37
 30
3.61
 10
67.89
 20
35.37
 30
3.56
 10
77.89
 20
35.37
 30
3.56
 10
77.89
 20
29.37
 30
3.92
 10
81.79
 20
29.37
 30
3.9699999999999998
 10
81.79
 20
29.37
 30
3.92
 10
81.99
 20
20.17
 30
4.522
 10
81.99
 20
20.17
 30
4.472
 10
81.99
 20
24.16
 30
4.2825999999999995
 10
81.99
 20
24.16
 30
4.2326
 93
182
 90
3
 90
0
 90
1
 90
2
 90
3
 90
3
 90
4
 90
5
 90
3
 90
0
 90
6
 90
7
 90
3
 90
8
 90
9
 90
5
 90
3
 90
10
 90
11
 90
12
 90
3
 90
13
 90
14
 90
15
 90
3
 90
16
 90
17
 90
18
 90
3
 90
19
 90
20
 90
21
 90
3
 90
18
 90
0
 90
2
 90
3
 90
3
 90
5
 90
19
 90
3
 90
1
 90
0
 90
7
 90
3
 90
8
 90
5
 90
4
 90
3
 90
10
 90
12
 90
22
 90
3
 90
23
 90
13
 90
15
 90
3
 90
16
 90
18
 90
2
 90
3
 90
3
 90
19
 90
21
 90
3
 90
24
 90
1
 90
7
 90
3
 90
8
 90
4
 90
25
 90
3
 90
10
 90
22
 90
16
 90
3
 90
21
 90
23
 90
15
 90
3
 90
16
 90
2
 90
26
 90
3
 90
27
 90
3
 90
21
 90
3
 90
24
 90
7
 90
10
 90
3
 90
15
 90
8
 90
25
 90
3
 90
10
 90
16
 90
26
 90
3
 90
27
 90
21
 90
15
 90
3
 90
26
 90
24
 90
10
 90
3
 90
15
 90
25
 90
27
 90
4
 90
5
 90
9
 90
6
 90
0
 90
4
 90
9
 90
8
 90
7
 90
6
 90
4
 90
8
 90
15
 90
10
 90
7
 90
4
 90
15
 90
14
 90
11
 90
10
 90
4
 90
14
 90
13
 90
12
 90
11
 90
4
 90
13
 90
23
 90
22
 90
12
 90
4
 90
23
 90
21
 90
16
 90
22
 90
4
 90
21
 90
20
 90
17
 90
16
 90
4
 90
20
 90
19
 90
18
 90
17
 90
4
 90
19
 90
5
 90
0
 90
18
 90
4
 90
4
 90
25
 90
24
 90
1
 90
4
 90
25
 90
27
 90
26
 90
24
 90
4
 90
27
 90
3
 90
2
 90
26
 90
4
 90
3
 90
4
 90
1
 90
2
 94
0
 95
0
 90
0
  0
MESH
  5
207
330
17
100
AcDbEntity
  8
3D-WALL
100
AcDbSubDMesh
 71
2
 72
0
 91
0
 92
8
 10
77.89
 20
35.25
 30
3.2099999999999995
 10
81.79
 20
35.25
 30
3.2099999999999995
 10
81.79
 20
35.370000000000005
 30
3.2099999999999995
 10
77.89
 20
35.370000000000005
 30
3.2099999999999995
 10
77.89
 20
35.25
 30
3.4099999999999997
 10
81.79
 20
35.25
 30
3.4099999999999997
 10
81.79
 20
35.370000000000005
 30
3.4099999999999997
 10
77.89
 20
35.370000000000005
 30
3.4099999999999997
 93
30
 90
4
 90
0
 90
3
 90
2
 90
1
 90
4
 90
1
 90
2
 90
6
 90
5
 90
4
 90
3
 90
7
 90
6
 90
2
 90
4
 90
0
 90
4
 90
7
 90
3
 90
4
 90
0
 90
1
 90
5
 90
4
 90
4
 90
4
 90
5
 90
6
 90
7
 94
0
 95
0
 90
0
  0
POLYLINE
  5
208
330
17
100
AcDbEntity
  8
3D-WALL
100
AcDb3dPolyline
 66
1
 10
0.0
 20
0.0
 30
0.0
 70
9
  0
VERTEX
  5
20A
330
208
100
AcDbEntity
  8
3D-WALL
100
AcDbVertex
100
AcDb3dPolylineVertex
 10
67.89
 20
35.37
 30
0.0
 70
32
  0
VERTEX
  5
20B
330
208
100
AcDbEntity
  8
3D-WALL
100
AcDbVertex
100
AcDb3dPolylineVertex
 10
67.89
 20
35.37
 30
3.6599999999999997
 70
32
  0
VERTEX
  5
20C
330
208
100
AcDbEntity
  8
3D-WALL
100
AcDbVertex
100
AcDb3dPolylineVertex
 10
81.79
 20
35.37
 30
3.6599999999999997
 70
32
  0
VERTEX
  5
20D
330
208
100
AcDbEntity
  8
3D-WALL
100
AcDbVertex
100
AcDb3dPolylineVertex
 10
81.79
 20
35.37
 30
0.0
 70
32
  0
SEQEND
  5
209
330
208
100
AcDbEntity
  8
3D-WALL
  0
POLYLINE
  5
20E
330
17
100
AcDbEntity
  8
3D-WALL
100
AcDb3dPolyline
 66
1
 10
0.0
 20
0.0
 30
0.0
 70
8
  0
VERTEX
  5
210
330
20E
100
AcDbEntity
  8
3D-WALL
100
AcDbVertex
100
AcDb3dPolylineVertex
 10
67.99
 20
35.37
 30
0.5
 70
32
  0
VERTEX
  5
211
330
20E
100
AcDbEntity
  8
3D-WALL
100
AcDbVertex
100
AcDb3dPolylineVertex
 10
72.09
 20
35.37
 30
0.5
 70
32
  0
SEQEND
  5
20F
330
20E
100
AcDbEntity
  8
3D-WALL
  0
POLYLINE
  5
212
330
17
100
AcDbEntity
  8
3D-WALL
100
AcDb3dPolyline
 66
1
 10
0.0
 20
0.0
 30
0.0
 70
8
  0
VERTEX
  5
214
330
212
100
AcDbEntity
  8
3D-WALL
100
AcDbVertex
100
AcDb3dPolylineVertex
 10
67.99
 20
35.37
 30
2.0
 70
32
  0
VERTEX
  5
215
330
212
100
AcDbEntity
  8
3D-WALL
100
AcDbVertex
100
AcDb3dPolylineVertex
 10
72.09
 20
35.37
 30
2.0
 70
32
  0
SEQEND
  5
213
330
212
100
AcDbEntity
  8
3D-WALL
  0
POLYLINE
  5
216
330
17
100
AcDbEntity
  8
3D-WALL
100
AcDb3dPolyline
 66
1
 10
0.0
 20
0.0
 30
0.0
 70
8
  0
VERTEX
  5
218
330
216
100
AcDbEntity
  8
3D-WALL
100
AcDbVertex
100
AcDb3dPolylineVertex
 10
72.09
 20
35.37
 30
0.5
 70
32
  0
VERTEX
  5
219
330
216
100
AcDbEntity
  8
3D-WALL
100
AcDbVertex
100
AcDb3dPolylineVertex
 10
77.79
 20
35.37
 30
0.5
 70
32
  0
SEQEND
  5
217
330
216
100
AcDbEntity
  8
3D-WALL
  0
POLYLINE
  5
21A
330
17
100
AcDbEntity
  8
3D-WALL
100
AcDb3dPolyline
 66
1
 10
0.0
 20
0.0
 30
0.0
 70
8
  0
VERTEX
  5
21C
330
21A
100
AcDbEntity
  8
3D-WALL
100
AcDbVertex
100
AcDb3dPolylineVertex
 10
72.09
 20
35.37
 30
1.7
 70
32
  0
VERTEX
  5
21D
330
21A
100
AcDbEntity
  8
3D-WALL
100
AcDbVertex
100
AcDb3dPolylineVertex
 10
77.79
 20
35.37
 30
1.7
 70
32
  0
SEQEND
  5
21B
330
21A
100
AcDbEntity
  8
3D-WALL
  0
POLYLINE
  5
21E
330
17
100
AcDbEntity
  8
3D-WALL
100
AcDb3dPolyline
 66
1
 10
0.0
 20
0.0
 30
0.0
 70
8
  0
VERTEX
  5
220
330
21E
100
AcDbEntity
  8
3D-WALL
100
AcDbVertex
100
AcDb3dPolylineVertex
 10
72.09
 20
35.37
 30
2.9
 70
32
  0
VERTEX
  5
221
330
21E
100
AcDbEntity
  8
3D-WALL
100
AcDbVertex
100
AcDb3dPolylineVertex
 10
77.79
 20
35.37
 30
2.9
 70
32
  0
SEQEND
  5
21F
330
21E
100
AcDbEntity
  8
3D-WALL
  0
POLYLINE
  5
222
330
17
100
AcDbEntity
  8
3D-WALL
100
AcDb3dPolyline
 66
1
 10
0.0
 20
0.0
 30
0.0
 70
8
  0
VERTEX
  5
224
330
222
100
AcDbEntity
  8
3D-WALL
100
AcDbVertex
100
AcDb3dPolylineVertex
 10
77.79
 20
35.37
 30
0.5
 70
32
  0
VERTEX
  5
225
330
222
100
AcDbEntity
  8
3D-WALL
100
AcDbVertex
100
AcDb3dPolylineVertex
 10
81.79
 20
35.37
 30
0.5
 70
32
  0
SEQEND
  5
223
330
222
100
AcDbEntity
  8
3D-WALL
  0
POLYLINE
  5
226
330
17
100
AcDbEntity
  8
3D-WALL
100
AcDb3dPolyline
 66
1
 10
0.0
 20
0.0
 30
0.0
 70
8
  0
VERTEX
  5
228
330
226
100
AcDbEntity
  8
3D-WALL
100
AcDbVertex
100
AcDb3dPolylineVertex
 10
77.79
 20
35.37
 30
2.0
 70
32
  0
VERTEX
  5
229
330
226
100
AcDbEntity
  8
3D-WALL
100
AcDbVertex
100
AcDb3dPolylineVertex
 10
81.79
 20
35.37
 30
2.0
 70
32
  0
SEQEND
  5
227
330
226
100
AcDbEntity
  8
3D-WALL
  0
POLYLINE
  5
22A
330
17
100
AcDbEntity
  8
3D-WALL
100
AcDb3dPolyline
 66
1
 10
0.0
 20
0.0
 30
0.0
 70
9
  0
VERTEX
  5
22C
330
22A
100
AcDbEntity
  8
3D-WALL
100
AcDbVertex
100
AcDb3dPolylineVertex
 10
81.79
 20
35.87
 30
0.0
 70
32
  0
VERTEX
  5
22D
330
22A
100
AcDbEntity
  8
3D-WALL
100
AcDbVertex
100
AcDb3dPolylineVertex
 10
81.79
 20
35.87
 30
3.63
 70
32
  0
VERTEX
  5
22E
330
22A
100
AcDbEntity
  8
3D-WALL
100
AcDbVertex
100
AcDb3dPolylineVertex
 10
95.69
 20
35.87
 30
3.63
 70
32
  0
VERTEX
  5
22F
330
22A
100
AcDbEntity
  8
3D-WALL
100
AcDbVertex
100
AcDb3dPolylineVertex
 10
95.69
 20
35.87
 30
0.0
 70
32
  0
SEQEND
  5
22B
330
22A
100
AcDbEntity
  8
3D-WALL
  0
POLYLINE
  5
230
330
17
100
AcDbEntity
  8
3D-WALL
100
AcDb3dPolyline
 66
1
 10
0.0
 20
0.0
 30
0.0
 70
8
  0
VERTEX
  5
232
330
230
100
AcDbEntity
  8
3D-WALL
100
AcDbVertex
100
AcDb3dPolylineVertex
 10
81.89
 20
35.87
 30
0.5
 70
32
  0
VERTEX
  5
233
330
230
100
AcDbEntity
  8
3D-WALL
100
AcDbVertex
100
AcDb3dPolylineVertex
 10
87.19
 20
35.87
 30
0.5
 70
32
  0
SEQEND
  5
231
330
230
100
AcDbEntity
  8
3D-WALL
  0
POLYLINE
  5
234
330
17
100
AcDbEntity
  8
3D-WALL
100
AcDb3dPolyline
 66
1
 10
0.0
 20
0.0
 30
0.0
 70
8
  0
VERTEX
  5
236
330
234
100
AcDbEntity
  8
3D-WALL
100
AcDbVertex
100
AcDb3dPolylineVertex
 10
81.89
 20
35.87
 30
2.0
 70
32
  0
VERTEX
  5
237
330
234
100
AcDbEntity
  8
3D-WALL
100
AcDbVertex
100
AcDb3dPolylineVertex
 10
87.19
 20
35.87
 30
2.0
 70
32
  0
SEQEND
  5
235
330
234
100
AcDbEntity
  8
3D-WALL
  0
POLYLINE
  5
238
330
17
100
AcDbEntity
  8
3D-WALL
100
AcDb3dPolyline
 66
1
 10
0.0
 20
0.0
 30
0.0
 70
8
  0
VERTEX
  5
23A
330
238
100
AcDbEntity
  8
3D-WALL
100
AcDbVertex
100
AcDb3dPolylineVertex
 10
87.19
 20
35.87
 30
0.5
 70
32
  0
VERTEX
  5
23B
330
238
100
AcDbEntity
  8
3D-WALL
100
AcDbVertex
100
AcDb3dPolylineVertex
 10
92.48
 20
35.87
 30
0.5
 70
32
  0
SEQEND
  5
239
330
238
100
AcDbEntity
  8
3D-WALL
  0
POLYLINE
  5
23C
330
17
100
AcDbEntity
  8
3D-WALL
100
AcDb3dPolyline
 66
1
 10
0.0
 20
0.0
 30
0.0
 70
8
  0
VERTEX
  5
23E
330
23C
100
AcDbEntity
  8
3D-WALL
100
AcDbVertex
100
AcDb3dPolylineVertex
 10
87.19
 20
35.87
 30
2.0
 70
32
  0
VERTEX
  5
23F
330
23C
100
AcDbEntity
  8
3D-WALL
100
AcDbVertex
100
AcDb3dPolylineVertex
 10
92.48
 20
35.87
 30
2.0
 70
32
  0
SEQEND
  5
23D
330
23C
100
AcDbEntity
  8
3D-WALL
  0
POLYLINE
  5
240
330
17
100
AcDbEntity
  8
3D-WALL
100
AcDb3dPolyline
 66
1
 10
0.0
 20
0.0
 30
0.0
 70
8
  0
VERTEX
  5
242
330
240
100
AcDbEntity
  8
3D-WALL
100
AcDbVertex
100
AcDb3dPolylineVertex
 10
92.48
 20
35.87
 30
0.5
 70
32
  0
VERTEX
  5
243
330
240
100
AcDbEntity
  8
3D-WALL
100
AcDbVertex
100
AcDb3dPolylineVertex
 10
95.59
 20
35.87
 30
0.5
 70
32
  0
SEQEND
  5
241
330
240
100
AcDbEntity
  8
3D-WALL
  0
POLYLINE
  5
244
330
17
100
AcDbEntity
  8
3D-WALL
100
AcDb3dPolyline
 66
1
 10
0.0
 20
0.0
 30
0.0
 70
8
  0
VERTEX
  5
246
330
244
100
AcDbEntity
  8
3D-WALL
100
AcDbVertex
100
AcDb3dPolylineVertex
 10
92.48
 20
35.87
 30
2.0
 70
32
  0
VERTEX
  5
247
330
244
100
AcDbEntity
  8
3D-WALL
100
AcDbVertex
100
AcDb3dPolylineVertex
 10
95.59
 20
35.87
 30
2.0
 70
32
  0
SEQEND
  5
245
330
244
100
AcDbEntity
  8
3D-WALL
  0
POLYLINE
  5
248
330
17
100
AcDbEntity
  8
3D-WALL
100
AcDb3dPolyline
 66
1
 10
0.0
 20
0.0
 30
0.0
 70
9
  0
VERTEX
  5
24A
330
248
100
AcDbEntity
  8
3D-WALL
100
AcDbVertex
100
AcDb3dPolylineVertex
 10
67.89
 20
15.57
 30
0.0
 70
32
  0
VERTEX
  5
24B
330
248
100
AcDbEntity
  8
3D-WALL
100
AcDbVertex
100
AcDb3dPolylineVertex
 10
67.89
 20
15.57
 30
4.848
 70
32
  0
VERTEX
  5
24C
330
248
100
AcDbEntity
  8
3D-WALL
100
AcDbVertex
100
AcDb3dPolylineVertex
 10
77.89
 20
15.57
 30
4.848
 70
32
  0
VERTEX
  5
24D
330
248
100
AcDbEntity
  8
3D-WALL
100
AcDbVertex
100
AcDb3dPolylineVertex
 10
77.89
 20
15.57
 30
0.0
 70
32
  0
SEQEND
  5
249
330
248
100
AcDbEntity
  8
3D-WALL
  0
POLYLINE
  5
24E
330
17
100
AcDbEntity
  8
3D-WALL
100
AcDb3dPolyline
 66
1
 10
0.0
 20
0.0
 30
0.0
 70
8
  0
VERTEX
  5
250
330
24E
100
AcDbEntity
  8
3D-WALL
100
AcDbVertex
100
AcDb3dPolylineVertex
 10
67.99
 20
15.57
 30
0.5
 70
32
  0
VERTEX
  5
251
330
24E
100
AcDbEntity
  8
3D-WALL
100
AcDbVertex
100
AcDb3dPolylineVertex
 10
71.99
 20
15.57
 30
0.5
 70
32
  0
SEQEND
  5
24F
330
24E
100
AcDbEntity
  8
3D-WALL
  0
POLYLINE
  5
252
330
17
100
AcDbEntity
  8
3D-WALL
100
AcDb3dPolyline
 66
1
 10
0.0
 20
0.0
 30
0.0
 70
8
  0
VERTEX
  5
254
330
252
100
AcDbEntity
  8
3D-WALL
100
AcDbVertex
100
AcDb3dPolylineVertex
 10
67.99
 20
15.57
 30
2.0
 70
32
  0
VERTEX
  5
255
330
252
100
AcDbEntity
  8
3D-WALL
100
AcDbVertex
100
AcDb3dPolylineVertex
 10
71.99
 20
15.57
 30
2.0
 70
32
  0
SEQEND
  5
253
330
252
100
AcDbEntity
  8
3D-WALL
  0
POLYLINE
  5
256
330
17
100
AcDbEntity
  8
3D-WALL
100
AcDb3dPolyline
 66
1
 10
0.0
 20
0.0
 30
0.0
 70
8
  0
VERTEX
  5
258
330
256
100
AcDbEntity
  8
3D-WALL
100
AcDbVertex
100
AcDb3dPolylineVertex
 10
67.99
 20
15.57
 30
3.5
 70
32
  0
VERTEX
  5
259
330
256
100
AcDbEntity
  8
3D-WALL
100
AcDbVertex
100
AcDb3dPolylineVertex
 10
71.99
 20
15.57
 30
3.5
 70
32
  0
SEQEND
  5
257
330
256
100
AcDbEntity
  8
3D-WALL
  0
POLYLINE
  5
25A
330
17
100
AcDbEntity
  8
3D-WALL
100
AcDb3dPolyline
 66
1
 10
0.0
 20
0.0
 30
0.0
 70
8
  0
VERTEX
  5
25C
330
25A
100
AcDbEntity
  8
3D-WALL
100
AcDbVertex
100
AcDb3dPolylineVertex
 10
71.99
 20
15.57
 30
0.5
 70
32
  0
VERTEX
  5
25D
330
25A
100
AcDbEntity
  8
3D-WALL
100
AcDbVertex
100
AcDb3dPolylineVertex
 10
74.89
 20
15.57
 30
0.5
 70
32
  0
SEQEND
  5
25B
330
25A
100
AcDbEntity
  8
3D-WALL
  0
POLYLINE
  5
25E
330
17
100
AcDbEntity
  8
3D-WALL
100
AcDb3dPolyline
 66
1
 10
0.0
 20
0.0
 30
0.0
 70
8
  0
VERTEX
  5
260
330
25E
100
AcDbEntity
  8
3D-WALL
100
AcDbVertex
100
AcDb3dPolylineVertex
 10
71.99
 20
15.57
 30
2.0
 70
32
  0
VERTEX
  5
261
330
25E
100
AcDbEntity
  8
3D-WALL
100
AcDbVertex
100
AcDb3dPolylineVertex
 10
74.89
 20
15.57
 30
2.0
 70
32
  0
SEQEND
  5
25F
330
25E
100
AcDbEntity
  8
3D-WALL
  0
POLYLINE
  5
262
330
17
100
AcDbEntity
  8
3D-WALL
100
AcDb3dPolyline
 66
1
 10
0.0
 20
0.0
 30
0.0
 70
8
  0
VERTEX
  5
264
330
262
100
AcDbEntity
  8
3D-WALL
100
AcDbVertex
100
AcDb3dPolylineVertex
 10
71.99
 20
15.57
 30
3.5
 70
32
  0
VERTEX
  5
265
330
262
100
AcDbEntity
  8
3D-WALL
100
AcDbVertex
100
AcDb3dPolylineVertex
 10
74.89
 20
15.57
 30
3.5
 70
32
  0
SEQEND
  5
263
330
262
100
AcDbEntity
  8
3D-WALL
  0
POLYLINE
  5
266
330
17
100
AcDbEntity
  8
3D-WALL
100
AcDb3dPolyline
 66
1
 10
0.0
 20
0.0
 30
0.0
 70
8
  0
VERTEX
  5
268
330
266
100
AcDbEntity
  8
3D-WALL
100
AcDbVertex
100
AcDb3dPolylineVertex
 10
74.89
 20
15.57
 30
0.5
 70
32
  0
VERTEX
  5
269
330
266
100
AcDbEntity
  8
3D-WALL
100
AcDbVertex
100
AcDb3dPolylineVertex
 10
77.78
 20
15.57
 30
0.5
 70
32
  0
SEQEND
  5
267
330
266
100
AcDbEntity
  8
3D-WALL
  0
POLYLINE
  5
26A
330
17
100
AcDbEntity
  8
3D-WALL
100
AcDb3dPolyline
 66
1
 10
0.0
 20
0.0
 30
0.0
 70
8
  0
VERTEX
  5
26C
330
26A
100
AcDbEntity
  8
3D-WALL
100
AcDbVertex
100
AcDb3dPolylineVertex
 10
74.89
 20
15.57
 30
2.0
 70
32
  0
VERTEX
  5
26D
330
26A
100
AcDbEntity
  8
3D-WALL
100
AcDbVertex
100
AcDb3dPolylineVertex
 10
77.78
 20
15.57
 30
2.0
 70
32
  0
SEQEND
  5
26B
330
26A
100
AcDbEntity
  8
3D-WALL
  0
POLYLINE
  5
26E
330
17
100
AcDbEntity
  8
3D-WALL
100
AcDb3dPolyline
 66
1
 10
0.0
 20
0.0
 30
0.0
 70
8
  0
VERTEX
  5
270
330
26E
100
AcDbEntity
  8
3D-WALL
100
AcDbVertex
100
AcDb3dPolylineVertex
 10
74.89
 20
15.57
 30
3.5
 70
32
  0
VERTEX
  5
271
330
26E
100
AcDbEntity
  8
3D-WALL
100
AcDbVertex
100
AcDb3dPolylineVertex
 10
77.78
 20
15.57
 30
3.5
 70
32
  0
SEQEND
  5
26F
330
26E
100
AcDbEntity
  8
3D-WALL
  0
POLYLINE
  5
272
330
17
100
AcDbEntity
  8
3D-WALL
100
AcDb3dPolyline
 66
1
 10
0.0
 20
0.0
 30
0.0
 70
9
  0
VERTEX
  5
274
330
272
100
AcDbEntity
  8
3D-WALL
100
AcDbVertex
100
AcDb3dPolylineVertex
 10
77.89
 20
19.97
 30
0.0
 70
32
  0
VERTEX
  5
275
330
272
100
AcDbEntity
  8
3D-WALL
100
AcDbVertex
100
AcDb3dPolylineVertex
 10
77.89
 20
19.97
 30
4.584
 70
32
  0
VERTEX
  5
276
330
272
100
AcDbEntity
  8
3D-WALL
100
AcDbVertex
100
AcDb3dPolylineVertex
 10
95.69
 20
19.97
 30
4.584
 70
32
  0
VERTEX
  5
277
330
272
100
AcDbEntity
  8
3D-WALL
100
AcDbVertex
100
AcDb3dPolylineVertex
 10
95.69
 20
19.97
 30
0.0
 70
32
  0
SEQEND
  5
273
330
272
100
AcDbEntity
  8
3D-WALL
  0
POLYLINE
  5
278
330
17
100
AcDbEntity
  8
3D-WALL
100
AcDb3dPolyline
 66
1
 10
0.0
 20
0.0
 30
0.0
 70
8
  0
VERTEX
  5
27A
330
278
100
AcDbEntity
  8
3D-WALL
100
AcDbVertex
100
AcDb3dPolylineVertex
 10
77.61
 20
19.97
 30
0.5
 70
32
  0
VERTEX
  5
27B
330
278
100
AcDbEntity
  8
3D-WALL
100
AcDbVertex
100
AcDb3dPolylineVertex
 10
81.79
 20
19.97
 30
0.5
 70
32
  0
SEQEND
  5
279
330
278
100
AcDbEntity
  8
3D-WALL
  0
POLYLINE
  5
27C
330
17
100
AcDbEntity
  8
3D-WALL
100
AcDb3dPolyline
 66
1
 10
0.0
 20
0.0
 30
0.0
 70
8
  0
VERTEX
  5
27E
330
27C
100
AcDbEntity
  8
3D-WALL
100
AcDbVertex
100
AcDb3dPolylineVertex
 10
77.61
 20
19.97
 30
2.0
 70
32
  0
VERTEX
  5
27F
330
27C
100
AcDbEntity
  8
3D-WALL
100
AcDbVertex
100
AcDb3dPolylineVertex
 10
81.79
 20
19.97
 30
2.0
 70
32
  0
SEQEND
  5
27D
330
27C
100
AcDbEntity
  8
3D-WALL
  0
POLYLINE
  5
280
330
17
100
AcDbEntity
  8
3D-WALL
100
AcDb3dPolyline
 66
1
 10
0.0
 20
0.0
 30
0.0
 70
8
  0
VERTEX
  5
282
330
280
100
AcDbEntity
  8
3D-WALL
100
AcDbVertex
100
AcDb3dPolylineVertex
 10
77.61
 20
19.97
 30
3.5
 70
32
  0
VERTEX
  5
283
330
280
100
AcDbEntity
  8
3D-WALL
100
AcDbVertex
100
AcDb3dPolylineVertex
 10
81.79
 20
19.97
 30
3.5
 70
32
  0
SEQEND
  5
281
330
280
100
AcDbEntity
  8
3D-WALL
  0
POLYLINE
  5
284
330
17
100
AcDbEntity
  8
3D-WALL
100
AcDb3dPolyline
 66
1
 10
0.0
 20
0.0
 30
0.0
 70
8
  0
VERTEX
  5
286
330
284
100
AcDbEntity
  8
3D-WALL
100
AcDbVertex
100
AcDb3dPolylineVertex
 10
81.79
 20
19.97
 30
0.5
 70
32
  0
VERTEX
  5
287
330
284
100
AcDbEntity
  8
3D-WALL
100
AcDbVertex
100
AcDb3dPolylineVertex
 10
88.88
 20
19.97
 30
0.5
 70
32
  0
SEQEND
  5
285
330
284
100
AcDbEntity
  8
3D-WALL
  0
POLYLINE
  5
288
330
17
100
AcDbEntity
  8
3D-WALL
100
AcDb3dPolyline
 66
1
 10
0.0
 20
0.0
 30
0.0
 70
8
  0
VERTEX
  5
28A
330
288
100
AcDbEntity
  8
3D-WALL
100
AcDbVertex
100
AcDb3dPolylineVertex
 10
81.79
 20
19.97
 30
1.5
 70
32
  0
VERTEX
  5
28B
330
288
100
AcDbEntity
  8
3D-WALL
100
AcDbVertex
100
AcDb3dPolylineVertex
 10
88.88
 20
19.97
 30
1.5
 70
32
  0
SEQEND
  5
289
330
288
100
AcDbEntity
  8
3D-WALL
  0
POLYLINE
  5
28C
330
17
100
AcDbEntity
  8
3D-WALL
100
AcDb3dPolyline
 66
1
 10
0.0
 20
0.0
 30
0.0
 70
8
  0
VERTEX
  5
28E
330
28C
100
AcDbEntity
  8
3D-WALL
100
AcDbVertex
100
AcDb3dPolylineVertex
 10
81.79
 20
19.97
 30
2.5
 70
32
  0
VERTEX
  5
28F
330
28C
100
AcDbEntity
  8
3D-WALL
100
AcDbVertex
100
AcDb3dPolylineVertex
 10
88.88
 20
19.97
 30
2.5
 70
32
  0
SEQEND
  5
28D
330
28C
100
AcDbEntity
  8
3D-WALL
  0
POLYLINE
  5
290
330
17
100
AcDbEntity
  8
3D-WALL
100
AcDb3dPolyline
 66
1
 10
0.0
 20
0.0
 30
0.0
 70
8
  0
VERTEX
  5
292
330
290
100
AcDbEntity
  8
3D-WALL
100
AcDbVertex
100
AcDb3dPolylineVertex
 10
81.79
 20
19.97
 30
3.5
 70
32
  0
VERTEX
  5
293
330
290
100
AcDbEntity
  8
3D-WALL
100
AcDbVertex
100
AcDb3dPolylineVertex
 10
88.88
 20
19.97
 30
3.5
 70
32
  0
SEQEND
  5
291
330
290
100
AcDbEntity
  8
3D-WALL
  0
POLYLINE
  5
294
330
17
100
AcDbEntity
  8
3D-WALL
100
AcDb3dPolyline
 66
1
 10
0.0
 20
0.0
 30
0.0
 70
8
  0
VERTEX
  5
296
330
294
100
AcDbEntity
  8
3D-WALL
100
AcDbVertex
100
AcDb3dPolylineVertex
 10
88.88
 20
19.97
 30
0.5
 70
32
  0
VERTEX
  5
297
330
294
100
AcDbEntity
  8
3D-WALL
100
AcDbVertex
100
AcDb3dPolylineVertex
 10
95.49
 20
19.97
 30
0.5
 70
32
  0
SEQEND
  5
295
330
294
100
AcDbEntity
  8
3D-WALL
  0
POLYLINE
  5
298
330
17
100
AcDbEntity
  8
3D-WALL
100
AcDb3dPolyline
 66
1
 10
0.0
 20
0.0
 30
0.0
 70
8
  0
VERTEX
  5
29A
330
298
100
AcDbEntity
  8
3D-WALL
100
AcDbVertex
100
AcDb3dPolylineVertex
 10
88.88
 20
19.97
 30
1.5
 70
32
  0
VERTEX
  5
29B
330
298
100
AcDbEntity
  8
3D-WALL
100
AcDbVertex
100
AcDb3dPolylineVertex
 10
95.49
 20
19.97
 30
1.5
 70
32
  0
SEQEND
  5
299
330
298
100
AcDbEntity
  8
3D-WALL
  0
POLYLINE
  5
29C
330
17
100
AcDbEntity
  8
3D-WALL
100
AcDb3dPolyline
 66
1
 10
0.0
 20
0.0
 30
0.0
 70
8
  0
VERTEX
  5
29E
330
29C
100
AcDbEntity
  8
3D-WALL
100
AcDbVertex
100
AcDb3dPolylineVertex
 10
88.88
 20
19.97
 30
2.5
 70
32
  0
VERTEX
  5
29F
330
29C
100
AcDbEntity
  8
3D-WALL
100
AcDbVertex
100
AcDb3dPolylineVertex
 10
95.49
 20
19.97
 30
2.5
 70
32
  0
SEQEND
  5
29D
330
29C
100
AcDbEntity
  8
3D-WALL
  0
POLYLINE
  5
2A0
330
17
100
AcDbEntity
  8
3D-WALL
100
AcDb3dPolyline
 66
1
 10
0.0
 20
0.0
 30
0.0
 70
8
  0
VERTEX
  5
2A2
330
2A0
100
AcDbEntity
  8
3D-WALL
100
AcDbVertex
100
AcDb3dPolylineVertex
 10
88.88
 20
19.97
 30
3.5
 70
32
  0
VERTEX
  5
2A3
330
2A0
100
AcDbEntity
  8
3D-WALL
100
AcDbVertex
100
AcDb3dPolylineVertex
 10
95.49
 20
19.97
 30
3.5
 70
32
  0
SEQEND
  5
2A1
330
2A0
100
AcDbEntity
  8
3D-WALL
  0
POLYLINE
  5
2A4
330
17
100
AcDbEntity
  8
3D-WALL
100
AcDb3dPolyline
 66
1
 10
0.0
 20
0.0
 30
0.0
 70
9
  0
VERTEX
  5
2A6
330
2A4
100
AcDbEntity
  8
3D-WALL
100
AcDbVertex
100
AcDb3dPolylineVertex
 10
95.69
 20
19.97
 30
0.0
 70
32
  0
VERTEX
  5
2A7
330
2A4
100
AcDbEntity
  8
3D-WALL
100
AcDbVertex
100
AcDb3dPolylineVertex
 10
95.69
 20
19.97
 30
4.584
 70
32
  0
VERTEX
  5
2A8
330
2A4
100
AcDbEntity
  8
3D-WALL
100
AcDbVertex
100
AcDb3dPolylineVertex
 10
95.69
 20
35.87
 30
3.63
 70
32
  0
VERTEX
  5
2A9
330
2A4
100
AcDbEntity
  8
3D-WALL
100
AcDbVertex
100
AcDb3dPolylineVertex
 10
95.69
 20
35.87
 30
0.0
 70
32
  0
SEQEND
  5
2A5
330
2A4
100
AcDbEntity
  8
3D-WALL
  0
POLYLINE
  5
2AA
330
17
100
AcDbEntity
  8
3D-WALL
100
AcDb3dPolyline
 66
1
 10
0.0
 20
0.0
 30
0.0
 70
8
  0
VERTEX
  5
2AC
330
2AA
100
AcDbEntity
  8
3D-WALL
100
AcDbVertex
100
AcDb3dPolylineVertex
 10
95.69
 20
20.07
 30
0.5
 70
32
  0
VERTEX
  5
2AD
330
2AA
100
AcDbEntity
  8
3D-WALL
100
AcDbVertex
100
AcDb3dPolylineVertex
 10
95.69
 20
24.46
 30
0.5
 70
32
  0
SEQEND
  5
2AB
330
2AA
100
AcDbEntity
  8
3D-WALL
  0
POLYLINE
  5
2AE
330
17
100
AcDbEntity
  8
3D-WALL
100
AcDb3dPolyline
 66
1
 10
0.0
 20
0.0
 30
0.0
 70
8
  0
VERTEX
  5
2B0
330
2AE
100
AcDbEntity
  8
3D-WALL
100
AcDbVertex
100
AcDb3dPolylineVertex
 10
95.69
 20
20.07
 30
2.0
 70
32
  0
VERTEX
  5
2B1
330
2AE
100
AcDbEntity
  8
3D-WALL
100
AcDbVertex
100
AcDb3dPolylineVertex
 10
95.69
 20
24.46
 30
2.0
 70
32
  0
SEQEND
  5
2AF
330
2AE
100
AcDbEntity
  8
3D-WALL
  0
POLYLINE
  5
2B2
330
17
100
AcDbEntity
  8
3D-WALL
100
AcDb3dPolyline
 66
1
 10
0.0
 20
0.0
 30
0.0
 70
8
  0
VERTEX
  5
2B4
330
2B2
100
AcDbEntity
  8
3D-WALL
100
AcDbVertex
100
AcDb3dPolylineVertex
 10
95.69
 20
20.07
 30
3.5
 70
32
  0
VERTEX
  5
2B5
330
2B2
100
AcDbEntity
  8
3D-WALL
100
AcDbVertex
100
AcDb3dPolylineVertex
 10
95.69
 20
24.46
 30
3.5
 70
32
  0
SEQEND
  5
2B3
330
2B2
100
AcDbEntity
  8
3D-WALL
  0
POLYLINE
  5
2B6
330
17
100
AcDbEntity
  8
3D-WALL
100
AcDb3dPolyline
 66
1
 10
0.0
 20
0.0
 30
0.0
 70
8
  0
VERTEX
  5
2B8
330
2B6
100
AcDbEntity
  8
3D-WALL
100
AcDbVertex
100
AcDb3dPolylineVertex
 10
95.69
 20
24.46
 30
0.5
 70
32
  0
VERTEX
  5
2B9
330
2B6
100
AcDbEntity
  8
3D-WALL
100
AcDbVertex
100
AcDb3dPolylineVertex
 10
95.69
 20
29.27
 30
0.5
 70
32
  0
SEQEND
  5
2B7
330
2B6
100
AcDbEntity
  8
3D-WALL
  0
POLYLINE
  5
2BA
330
17
100
AcDbEntity
  8
3D-WALL
100
AcDb3dPolyline
 66
1
 10
0.0
 20
0.0
 30
0.0
 70
8
  0
VERTEX
  5
2BC
330
2BA
100
AcDbEntity
  8
3D-WALL
100
AcDbVertex
100
AcDb3dPolylineVertex
 10
95.69
 20
24.46
 30
2.0
 70
32
  0
VERTEX
  5
2BD
330
2BA
100
AcDbEntity
  8
3D-WALL
100
AcDbVertex
100
AcDb3dPolylineVertex
 10
95.69
 20
29.27
 30
2.0
 70
32
  0
SEQEND
  5
2BB
330
2BA
100
AcDbEntity
  8
3D-WALL
  0
POLYLINE
  5
2BE
330
17
100
AcDbEntity
  8
3D-WALL
100
AcDb3dPolyline
 66
1
 10
0.0
 20
0.0
 30
0.0
 70
8
  0
VERTEX
  5
2C0
330
2BE
100
AcDbEntity
  8
3D-WALL
100
AcDbVertex
100
AcDb3dPolylineVertex
 10
95.69
 20
29.27
 30
0.5
 70
32
  0
VERTEX
  5
2C1
330
2BE
100
AcDbEntity
  8
3D-WALL
100
AcDbVertex
100
AcDb3dPolylineVertex
 10
95.69
 20
35.67
 30
0.5
 70
32
  0
SEQEND
  5
2BF
330
2BE
100
AcDbEntity
  8
3D-WALL
  0
POLYLINE
  5
2C2
330
17
100
AcDbEntity
  8
3D-WALL
100
AcDb3dPolyline
 66
1
 10
0.0
 20
0.0
 30
0.0
 70
8
  0
VERTEX
  5
2C4
330
2C2
100
AcDbEntity
  8
3D-WALL
100
AcDbVertex
100
AcDb3dPolylineVertex
 10
95.69
 20
29.27
 30
1.5
 70
32
  0
VERTEX
  5
2C5
330
2C2
100
AcDbEntity
  8
3D-WALL
100
AcDbVertex
100
AcDb3dPolylineVertex
 10
95.69
 20
35.67
 30
1.5
 70
32
  0
SEQEND
  5
2C3
330
2C2
100
AcDbEntity
  8
3D-WALL
  0
POLYLINE
  5
2C6
330
17
100
AcDbEntity
  8
3D-WALL
100
AcDb3dPolyline
 66
1
 10
0.0
 20
0.0
 30
0.0
 70
8
  0
VERTEX
  5
2C8
330
2C6
100
AcDbEntity
  8
3D-WALL
100
AcDbVertex
100
AcDb3dPolylineVertex
 10
95.69
 20
29.27
 30
2.5
 70
32
  0
VERTEX
  5
2C9
330
2C6
100
AcDbEntity
  8
3D-WALL
100
AcDbVertex
100
AcDb3dPolylineVertex
 10
95.69
 20
35.67
 30
2.5
 70
32
  0
SEQEND
  5
2C7
330
2C6
100
AcDbEntity
  8
3D-WALL
  0
POLYLINE
  5
2CA
330
17
100
AcDbEntity
  8
3D-WALL
100
AcDb3dPolyline
 66
1
 10
0.0
 20
0.0
 30
0.0
 70
9
  0
VERTEX
  5
2CC
330
2CA
100
AcDbEntity
  8
3D-WALL
100
AcDbVertex
100
AcDb3dPolylineVertex
 10
67.89
 20
15.57
 30
0.0
 70
32
  0
VERTEX
  5
2CD
330
2CA
100
AcDbEntity
  8
3D-WALL
100
AcDbVertex
100
AcDb3dPolylineVertex
 10
67.89
 20
15.57
 30
4.848
 70
32
  0
VERTEX
  5
2CE
330
2CA
100
AcDbEntity
  8
3D-WALL
100
AcDbVertex
100
AcDb3dPolylineVertex
 10
67.89
 20
35.87
 30
3.63
 70
32
  0
VERTEX
  5
2CF
330
2CA
100
AcDbEntity
  8
3D-WALL
100
AcDbVertex
100
AcDb3dPolylineVertex
 10
67.89
 20
35.87
 30
0.0
 70
32
  0
SEQEND
  5
2CB
330
2CA
100
AcDbEntity
  8
3D-WALL
  0
POLYLINE
  5
2D0
330
17
100
AcDbEntity
  8
3D-WALL
100
AcDb3dPolyline
 66
1
 10
0.0
 20
0.0
 30
0.0
 70
8
  0
VERTEX
  5
2D2
330
2D0
100
AcDbEntity
  8
3D-WALL
100
AcDbVertex
100
AcDb3dPolylineVertex
 10
67.89
 20
15.87
 30
0.5
 70
32
  0
VERTEX
  5
2D3
330
2D0
100
AcDbEntity
  8
3D-WALL
100
AcDbVertex
100
AcDb3dPolylineVertex
 10
67.89
 20
21.76
 30
0.5
 70
32
  0
SEQEND
  5
2D1
330
2D0
100
AcDbEntity
  8
3D-WALL
  0
POLYLINE
  5
2D4
330
17
100
AcDbEntity
  8
3D-WALL
100
AcDb3dPolyline
 66
1
 10
0.0
 20
0.0
 30
0.0
 70
8
  0
VERTEX
  5
2D6
330
2D4
100
AcDbEntity
  8
3D-WALL
100
AcDbVertex
100
AcDb3dPolylineVertex
 10
67.89
 20
15.87
 30
1.7
 70
32
  0
VERTEX
  5
2D7
330
2D4
100
AcDbEntity
  8
3D-WALL
100
AcDbVertex
100
AcDb3dPolylineVertex
 10
67.89
 20
21.76
 30
1.7
 70
32
  0
SEQEND
  5
2D5
330
2D4
100
AcDbEntity
  8
3D-WALL
  0
POLYLINE
  5
2D8
330
17
100
AcDbEntity
  8
3D-WALL
100
AcDb3dPolyline
 66
1
 10
0.0
 20
0.0
 30
0.0
 70
8
  0
VERTEX
  5
2DA
330
2D8
100
AcDbEntity
  8
3D-WALL
100
AcDbVertex
100
AcDb3dPolylineVertex
 10
67.89
 20
15.87
 30
2.9
 70
32
  0
VERTEX
  5
2DB
330
2D8
100
AcDbEntity
  8
3D-WALL
100
AcDbVertex
100
AcDb3dPolylineVertex
 10
67.89
 20
21.76
 30
2.9
 70
32
  0
SEQEND
  5
2D9
330
2D8
100
AcDbEntity
  8
3D-WALL
  0
POLYLINE
  5
2DC
330
17
100
AcDbEntity
  8
3D-WALL
100
AcDb3dPolyline
 66
1
 10
0.0
 20
0.0
 30
0.0
 70
8
  0
VERTEX
  5
2DE
330
2DC
100
AcDbEntity
  8
3D-WALL
100
AcDbVertex
100
AcDb3dPolylineVertex
 10
67.89
 20
21.76
 30
0.5
 70
32
  0
VERTEX
  5
2DF
330
2DC
100
AcDbEntity
  8
3D-WALL
100
AcDbVertex
100
AcDb3dPolylineVertex
 10
67.89
 20
26.37
 30
0.5
 70
32
  0
SEQEND
  5
2DD
330
2DC
100
AcDbEntity
  8
3D-WALL
  0
POLYLINE
  5
2E0
330
17
100
AcDbEntity
  8
3D-WALL
100
AcDb3dPolyline
 66
1
 10
0.0
 20
0.0
 30
0.0
 70
8
  0
VERTEX
  5
2E2
330
2E0
100
AcDbEntity
  8
3D-WALL
100
AcDbVertex
100
AcDb3dPolylineVertex
 10
67.89
 20
21.76
 30
2.0
 70
32
  0
VERTEX
  5
2E3
330
2E0
100
AcDbEntity
  8
3D-WALL
100
AcDbVertex
100
AcDb3dPolylineVertex
 10
67.89
 20
26.37
 30
2.0
 70
32
  0
SEQEND
  5
2E1
330
2E0
100
AcDbEntity
  8
3D-WALL
  0
POLYLINE
  5
2E4
330
17
100
AcDbEntity
  8
3D-WALL
100
AcDb3dPolyline
 66
1
 10
0.0
 20
0.0
 30
0.0
 70
8
  0
VERTEX
  5
2E6
330
2E4
100
AcDbEntity
  8
3D-WALL
100
AcDbVertex
100
AcDb3dPolylineVertex
 10
67.89
 20
26.37
 30
0.5
 70
32
  0
VERTEX
  5
2E7
330
2E4
100
AcDbEntity
  8
3D-WALL
100
AcDbVertex
100
AcDb3dPolylineVertex
 10
67.89
 20
29.37
 30
0.5
 70
32
  0
SEQEND
  5
2E5
330
2E4
100
AcDbEntity
  8
3D-WALL
  0
POLYLINE
  5
2E8
330
17
100
AcDbEntity
  8
3D-WALL
100
AcDb3dPolyline
 66
1
 10
0.0
 20
0.0
 30
0.0
 70
8
  0
VERTEX
  5
2EA
330
2E8
100
AcDbEntity
  8
3D-WALL
100
AcDbVertex
100
AcDb3dPolylineVertex
 10
67.89
 20
26.37
 30
2.0
 70
32
  0
VERTEX
  5
2EB
330
2E8
100
AcDbEntity
  8
3D-WALL
100
AcDbVertex
100
AcDb3dPolylineVertex
 10
67.89
 20
29.37
 30
2.0
 70
32
  0
SEQEND
  5
2E9
330
2E8
100
AcDbEntity
  8
3D-WALL
  0
POLYLINE
  5
2EC
330
17
100
AcDbEntity
  8
3D-WALL
100
AcDb3dPolyline
 66
1
 10
0.0
 20
0.0
 30
0.0
 70
8
  0
VERTEX
  5
2EE
330
2EC
100
AcDbEntity
  8
3D-WALL
100
AcDbVertex
100
AcDb3dPolylineVertex
 10
67.89
 20
29.37
 30
0.5
 70
32
  0
VERTEX
  5
2EF
330
2EC
100
AcDbEntity
  8
3D-WALL
100
AcDbVertex
100
AcDb3dPolylineVertex
 10
67.89
 20
35.17
 30
0.5
 70
32
  0
SEQEND
  5
2ED
330
2EC
100
AcDbEntity
  8
3D-WALL
  0
POLYLINE
  5
2F0
330
17
100
AcDbEntity
  8
3D-WALL
100
AcDb3dPolyline
 66
1
 10
0.0
 20
0.0
 30
0.0
 70
8
  0
VERTEX
  5
2F2
330
2F0
100
AcDbEntity
  8
3D-WALL
100
AcDbVertex
100
AcDb3dPolylineVertex
 10
67.89
 20
29.37
 30
1.7
 70
32
  0
VERTEX
  5
2F3
330
2F0
100
AcDbEntity
  8
3D-WALL
100
AcDbVertex
100
AcDb3dPolylineVertex
 10
67.89
 20
35.17
 30
1.7
 70
32
  0
SEQEND
  5
2F1
330
2F0
100
AcDbEntity
  8
3D-WALL
  0
POLYLINE
  5
2F4
330
17
100
AcDbEntity
  8
3D-WALL
100
AcDb3dPolyline
 66
1
 10
0.0
 20
0.0
 30
0.0
 70
8
  0
VERTEX
  5
2F6
330
2F4
100
AcDbEntity
  8
3D-WALL
100
AcDbVertex
100
AcDb3dPolylineVertex
 10
67.89
 20
29.37
 30
2.9
 70
32
  0
VERTEX
  5
2F7
330
2F4
100
AcDbEntity
  8
3D-WALL
100
AcDbVertex
100
AcDb3dPolylineVertex
 10
67.89
 20
35.17
 30
2.9
 70
32
  0
SEQEND
  5
2F5
330
2F4
100
AcDbEntity
  8
3D-WALL
  0
POLYLINE
  5
2F8
330
17
100
AcDbEntity
  8
3D-WALL
100
AcDb3dPolyline
 66
1
 10
0.0
 20
0.0
 30
0.0
 70
9
  0
VERTEX
  5
2FA
330
2F8
100
AcDbEntity
  8
3D-WALL
100
AcDbVertex
100
AcDb3dPolylineVertex
 10
77.89
 20
15.57
 30
0.0
 70
32
  0
VERTEX
  5
2FB
330
2F8
100
AcDbEntity
  8
3D-WALL
100
AcDbVertex
100
AcDb3dPolylineVertex
 10
77.89
 20
15.57
 30
4.848
 70
32
  0
VERTEX
  5
2FC
330
2F8
100
AcDbEntity
  8
3D-WALL
100
AcDbVertex
100
AcDb3dPolylineVertex
 10
77.89
 20
19.97
 30
4.584
 70
32
  0
VERTEX
  5
2FD
330
2F8
100
AcDbEntity
  8
3D-WALL
100
AcDbVertex
100
AcDb3dPolylineVertex
 10
77.89
 20
19.97
 30
0.0
 70
32
  0
SEQEND
  5
2F9
330
2F8
100
AcDbEntity
  8
3D-WALL
  0
POLYLINE
  5
2FE
330
17
100
AcDbEntity
  8
3D-WALL
100
AcDb3dPolyline
 66
1
 10
0.0
 20
0.0
 30
0.0
 70
8
  0
VERTEX
  5
300
330
2FE
100
AcDbEntity
  8
3D-WALL
100
AcDbVertex
100
AcDb3dPolylineVertex
 10
77.89
 20
15.87
 30
0.5
 70
32
  0
VERTEX
  5
301
330
2FE
100
AcDbEntity
  8
3D-WALL
100
AcDbVertex
100
AcDb3dPolylineVertex
 10
77.89
 20
20.25
 30
0.5
 70
32
  0
SEQEND
  5
2FF
330
2FE
100
AcDbEntity
  8
3D-WALL
  0
POLYLINE
  5
302
330
17
100
AcDbEntity
  8
3D-WALL
100
AcDb3dPolyline
 66
1
 10
0.0
 20
0.0
 30
0.0
 70
8
  0
VERTEX
  5
304
330
302
100
AcDbEntity
  8
3D-WALL
100
AcDbVertex
100
AcDb3dPolylineVertex
 10
77.89
 20
15.87
 30
2.0
 70
32
  0
VERTEX
  5
305
330
302
100
AcDbEntity
  8
3D-WALL
100
AcDbVertex
100
AcDb3dPolylineVertex
 10
77.89
 20
20.25
 30
2.0
 70
32
  0
SEQEND
  5
303
330
302
100
AcDbEntity
  8
3D-WALL
  0
POLYLINE
  5
306
330
17
100
AcDbEntity
  8
3D-WALL
100
AcDb3dPolyline
 66
1
 10
0.0
 20
0.0
 30
0.0
 70
8
  0
VERTEX
  5
308
330
306
100
AcDbEntity
  8
3D-WALL
100
AcDbVertex
100
AcDb3dPolylineVertex
 10
77.89
 20
15.87
 30
3.5
 70
32
  0
VERTEX
  5
309
330
306
100
AcDbEntity
  8
3D-WALL
100
AcDbVertex
100
AcDb3dPolylineVertex
 10
77.89
 20
20.25
 30
3.5
 70
32
  0
SEQEND
  5
307
330
306
100
AcDbEntity
  8
3D-WALL
  0
POLYLINE
  5
30A
330
17
100
AcDbEntity
  8
3D-WALL
100
AcDb3dPolyline
 66
1
 10
0.0
 20
0.0
 30
0.0
 70
9
  0
VERTEX
  5
30C
330
30A
100
AcDbEntity
  8
3D-WALL
100
AcDbVertex
100
AcDb3dPolylineVertex
 10
81.79
 20
35.37
 30
0.0
 70
32
  0
VERTEX
  5
30D
330
30A
100
AcDbEntity
  8
3D-WALL
100
AcDbVertex
100
AcDb3dPolylineVertex
 10
81.79
 20
35.37
 30
3.6599999999999997
 70
32
  0
VERTEX
  5
30E
330
30A
100
AcDbEntity
  8
3D-WALL
100
AcDbVertex
100
AcDb3dPolylineVertex
 10
81.79
 20
35.87
 30
3.63
 70
32
  0
VERTEX
  5
30F
330
30A
100
AcDbEntity
  8
3D-WALL
100
AcDbVertex
100
AcDb3dPolylineVertex
 10
81.79
 20
35.87
 30
0.0
 70
32
  0
SEQEND
  5
30B
330
30A
100
AcDbEntity
  8
3D-WALL
  0
POLYLINE
  5
310
330
17
100
AcDbEntity
  8
3D-WALL
100
AcDb3dPolyline
 66
1
 10
0.0
 20
0.0
 30
0.0
 70
9
  0
VERTEX
  5
312
330
310
100
AcDbEntity
  8
3D-WALL
100
AcDbVertex
100
AcDb3dPolylineVertex
 10
77.89
 20
29.37
 30
0.0
 70
32
  0
VERTEX
  5
313
330
310
100
AcDbEntity
  8
3D-WALL
100
AcDbVertex
100
AcDb3dPolylineVertex
 10
81.79
 20
29.37
 30
0.0
 70
32
  0
VERTEX
  5
314
330
310
100
AcDbEntity
  8
3D-WALL
100
AcDbVertex
100
AcDb3dPolylineVertex
 10
81.79
 20
35.37
 30
0.0
 70
32
  0
VERTEX
  5
315
330
310
100
AcDbEntity
  8
3D-WALL
100
AcDbVertex
100
AcDb3dPolylineVertex
 10
77.89
 20
35.37
 30
0.0
 70
32
  0
SEQEND
  5
311
330
310
100
AcDbEntity
  8
3D-WALL
  0
POLYLINE
  5
316
330
17
100
AcDbEntity
  8
3D-WALL
100
AcDb3dPolyline
 66
1
 10
0.0
 20
0.0
 30
0.0
 70
9
  0
VERTEX
  5
318
330
316
100
AcDbEntity
  8
3D-WALL
100
AcDbVertex
100
AcDb3dPolylineVertex
 10
77.89
 20
20.17
 30
0.0
 70
32
  0
VERTEX
  5
319
330
316
100
AcDbEntity
  8
3D-WALL
100
AcDbVertex
100
AcDb3dPolylineVertex
 10
81.99
 20
20.17
 30
0.0
 70
32
  0
VERTEX
  5
31A
330
316
100
AcDbEntity
  8
3D-WALL
100
AcDbVertex
100
AcDb3dPolylineVertex
 10
81.99
 20
24.16
 30
0.0
 70
32
  0
VERTEX
  5
31B
330
316
100
AcDbEntity
  8
3D-WALL
100
AcDbVertex
100
AcDb3dPolylineVertex
 10
77.89
 20
24.16
 30
0.0
 70
32
  0
SEQEND
  5
317
330
316
100
AcDbEntity
  8
3D-WALL
  0
TEXT
  5
31C
330
17
100
AcDbEntity
  8
3D-TEXT
100
AcDbText
 10
87.19
 20
4.086
 30
-35.77
 40
0.35
  1
C1
  7
OpenSans
 72
1
 11
87.19
 21
4.086
 31
-35.77
210
0.0
220
-1.0
230
0.0
100
AcDbText
 73
2
  0
TEXT
  5
31D
330
17
100
AcDbEntity
  8
3D-TEXT
100
AcDbText
 10
92.48
 20
4.086
 30
-35.77
 40
0.35
  1
C2
  7
OpenSans
 72
1
 11
92.48
 21
4.086
 31
-35.77
210
0.0
220
-1.0
230
0.0
100
AcDbText
 73
2
  0
TEXT
  5
31E
330
17
100
AcDbEntity
  8
3D-TEXT
100
AcDbText
 10
81.89
 20
4.092
 30
-35.67
 40
0.35
  1
C3
  7
OpenSans
 72
1
 11
81.89
 21
4.092
 31
-35.67
210
0.0
220
-1.0
230
0.0
100
AcDbText
 73
2
  0
TEXT
  5
31F
330
17
100
AcDbEntity
  8
3D-TEXT
100
AcDbText
 10
95.59
 20
4.092
 30
-35.67
 40
0.35
  1
C4
  7
OpenSans
 72
1
 11
95.59
 21
4.092
 31
-35.67
210
0.0
220
-1.0
230
0.0
100
AcDbText
 73
2
  0
TEXT
  5
320
330
17
100
AcDbEntity
  8
3D-TEXT
100
AcDbText
 10
72.09
 20
4.116
 30
-35.27
 40
0.35
  1
C5
  7
OpenSans
 72
1
 11
72.09
 21
4.116
 31
-35.27
210
0.0
220
-1.0
230
0.0
100
AcDbText
 73
2
  0
TEXT
  5
321
330
17
100
AcDbEntity
  8
3D-TEXT
100
AcDbText
 10
67.99
 20
4.122
 30
-35.17
 40
0.35
  1
C6
  7
OpenSans
 72
1
 11
67.99
 21
4.122
 31
-35.17
210
0.0
220
-1.0
230
0.0
100
AcDbText
 73
2
  0
TEXT
  5
322
330
17
100
AcDbEntity
  8
3D-TEXT
100
AcDbText
 10
77.79
 20
4.122
 30
-35.17
 40
0.35
  1
C7
  7
OpenSans
 72
1
 11
77.79
 21
4.122
 31
-35.17
210
0.0
220
-1.0
230
0.0
100
AcDbText
 73
2
  0
TEXT
  5
323
330
17
100
AcDbEntity
  8
3D-TEXT
100
AcDbText
 10
67.99
 20
4.47
 30
-29.37
 40
0.35
  1
C8
  7
OpenSans
 72
1
 11
67.99
 21
4.47
 31
-29.37
210
0.0
220
-1.0
230
0.0
100
AcDbText
 73
2
  0
TEXT
  5
324
330
17
100
AcDbEntity
  8
3D-TEXT
100
AcDbText
 10
72.09
 20
4.476
 30
-29.27
 40
0.35
  1
C9
  7
OpenSans
 72
1
 11
72.09
 21
4.476
 31
-29.27
210
0.0
220
-1.0
230
0.0
100
AcDbText
 73
2
  0
TEXT
  5
325
330
17
100
AcDbEntity
  8
3D-TEXT
100
AcDbText
 10
77.89
 20
4.476
 30
-29.27
 40
0.35
  1
C10
  7
OpenSans
 72
1
 11
77.89
 21
4.476
 31
-29.27
210
0.0
220
-1.0
230
0.0
100
AcDbText
 73
2
  0
TEXT
  5
326
330
17
100
AcDbEntity
  8
3D-TEXT
100
AcDbText
 10
81.78
 20
4.476
 30
-29.27
 40
0.35
  1
C11
  7
OpenSans
 72
1
 11
81.78
 21
4.476
 31
-29.27
210
0.0
220
-1.0
230
0.0
100
AcDbText
 73
2
  0
TEXT
  5
327
330
17
100
AcDbEntity
  8
3D-TEXT
100
AcDbText
 10
87.19
 20
4.476
 30
-29.27
 40
0.35
  1
C12
  7
OpenSans
 72
1
 11
87.19
 21
4.476
 31
-29.27
210
0.0
220
-1.0
230
0.0
100
AcDbText
 73
2
  0
TEXT
  5
328
330
17
100
AcDbEntity
  8
3D-TEXT
100
AcDbText
 10
92.48
 20
4.476
 30
-29.27
 40
0.35
  1
C13
  7
OpenSans
 72
1
 11
92.48
 21
4.476
 31
-29.27
210
0.0
220
-1.0
230
0.0
100
AcDbText
 73
2
  0
TEXT
  5
329
330
17
100
AcDbEntity
  8
3D-TEXT
100
AcDbText
 10
95.48
 20
4.476
 30
-29.27
 40
0.35
  1
C14
  7
OpenSans
 72
1
 11
95.48
 21
4.476
 31
-29.27
210
0.0
220
-1.0
230
0.0
100
AcDbText
 73
2
  0
TEXT
  5
32A
330
17
100
AcDbEntity
  8
3D-TEXT
100
AcDbText
 10
67.99
 20
4.65
 30
-26.37
 40
0.35
  1
C15
  7
OpenSans
 72
1
 11
67.99
 21
4.65
 31
-26.37
210
0.0
220
-1.0
230
0.0
100
AcDbText
 73
2
  0
TEXT
  5
32B
330
17
100
AcDbEntity
  8
3D-TEXT
100
AcDbText
 10
77.78
 20
4.7646
 30
-24.46
 40
0.35
  1
C16
  7
OpenSans
 72
1
 11
77.78
 21
4.7646
 31
-24.46
210
0.0
220
-1.0
230
0.0
100
AcDbText
 73
2
  0
TEXT
  5
32C
330
17
100
AcDbEntity
  8
3D-TEXT
100
AcDbText
 10
81.89
 20
4.7646
 30
-24.46
 40
0.35
  1
C17
  7
OpenSans
 72
1
 11
81.89
 21
4.7646
 31
-24.46
210
0.0
220
-1.0
230
0.0
100
AcDbText
 73
2
  0
TEXT
  5
32D
330
17
100
AcDbEntity
  8
3D-TEXT
100
AcDbText
 10
95.59
 20
4.7646
 30
-24.46
 40
0.35
  1
C18
  7
OpenSans
 72
1
 11
95.59
 21
4.7646
 31
-24.46
210
0.0
220
-1.0
230
0.0
100
AcDbText
 73
2
  0
TEXT
  5
32E
330
17
100
AcDbEntity
  8
3D-TEXT
100
AcDbText
 10
67.99
 20
4.9266
 30
-21.76
 40
0.35
  1
C19
  7
OpenSans
 72
1
 11
67.99
 21
4.9266
 31
-21.76
210
0.0
220
-1.0
230
0.0
100
AcDbText
 73
2
  0
TEXT
  5
32F
330
17
100
AcDbEntity
  8
3D-TEXT
100
AcDbText
 10
77.78
 20
4.9266
 30
-21.76
 40
0.35
  1
C20
  7
OpenSans
 72
1
 11
77.78
 21
4.9266
 31
-21.76
210
0.0
220
-1.0
230
0.0
100
AcDbText
 73
2
  0
TEXT
  5
330
330
17
100
AcDbEntity
  8
3D-TEXT
100
AcDbText
 10
81.79
 20
5.028
 30
-20.07
 40
0.35
  1
C21
  7
OpenSans
 72
1
 11
81.79
 21
5.028
 31
-20.07
210
0.0
220
-1.0
230
0.0
100
AcDbText
 73
2
  0
TEXT
  5
331
330
17
100
AcDbEntity
  8
3D-TEXT
100
AcDbText
 10
88.88
 20
5.028
 30
-20.07
 40
0.35
  1
C22
  7
OpenSans
 72
1
 11
88.88
 21
5.028
 31
-20.07
210
0.0
220
-1.0
230
0.0
100
AcDbText
 73
2
  0
TEXT
  5
332
330
17
100
AcDbEntity
  8
3D-TEXT
100
AcDbText
 10
95.49
 20
5.028
 30
-20.07
 40
0.35
  1
C23
  7
OpenSans
 72
1
 11
95.49
 21
5.028
 31
-20.07
210
0.0
220
-1.0
230
0.0
100
AcDbText
 73
2
  0
TEXT
  5
333
330
17
100
AcDbEntity
  8
3D-TEXT
100
AcDbText
 10
74.89
 20
5.274
 30
-15.97
 40
0.35
  1
C24
  7
OpenSans
 72
1
 11
74.89
 21
5.274
 31
-15.97
210
0.0
220
-1.0
230
0.0
100
AcDbText
 73
2
  0
TEXT
  5
334
330
17
100
AcDbEntity
  8
3D-TEXT
100
AcDbText
 10
67.99
 20
5.28
 30
-15.87
 40
0.35
  1
C25
  7
OpenSans
 72
1
 11
67.99
 21
5.28
 31
-15.87
210
0.0
220
-1.0
230
0.0
100
AcDbText
 73
2
  0
TEXT
  5
335
330
17
100
AcDbEntity
  8
3D-TEXT
100
AcDbText
 10
71.99
 20
5.28
 30
-15.87
 40
0.35
  1
C26
  7
OpenSans
 72
1
 11
71.99
 21
5.28
 31
-15.87
210
0.0
220
-1.0
230
0.0
100
AcDbText
 73
2
  0
TEXT
  5
336
330
17
100
AcDbEntity
  8
3D-TEXT
100
AcDbText
 10
77.78
 20
5.28
 30
-15.87
 40
0.35
  1
C27
  7
OpenSans
 72
1
 11
77.78
 21
5.28
 31
-15.87
210
0.0
220
-1.0
230
0.0
100
AcDbText
 73
2
  0
TEXT
  5
337
330
17
100
AcDbEntity
  8
3D-TEXT
100
AcDbText
 10
77.61
 20
5.034
 30
-20.25
 40
0.3
  1
WP1
  7
OpenSans
 72
1
 11
77.61
 21
5.034
 31
-20.25
210
0.0
220
-1.0
230
0.0
100
AcDbText
 73
2
  0
TEXT
  5
338
330
17
100
AcDbEntity
  8
3D-TEXT
100
AcDbText
 10
79.815
 20
4.636799999999999
 30
-24.09
 40
0.25
  1
T2
  7
OpenSans
 72
1
 11
79.815
 21
4.636799999999999
 31
-24.09
210
0.0
220
-1.0
230
0.0
100
AcDbText
 73
2
  0
TEXT
  5
339
330
17
100
AcDbEntity
  8
3D-TEXT
100
AcDbText
 10
92.725
 20
4.614599999999999
 30
-24.46
 40
0.25
  1
ST1
  7
OpenSans
 72
1
 11
92.725
 21
4.614599999999999
 31
-24.46
210
0.0
220
-1.0
230
0.0
100
AcDbText
 73
2
  0
TEXT
  5
33A
330
17
100
AcDbEntity
  8
3D-TEXT
100
AcDbText
 10
70.03999999999999
 20
4.5
 30
-26.37
 40
0.25
  1
ST2
  7
OpenSans
 72
1
 11
70.03999999999999
 21
4.5
 31
-26.37
210
0.0
220
-1.0
230
0.0
100
AcDbText
 73
2
  0
TEXT
  5
33B
330
17
100
AcDbEntity
  8
3D-TEXT
100
AcDbText
 10
-89.83500000000001
 20
1.4
 30
36.370000000000005
 40
0.4
  1
B1
  7
OpenSans
 72
1
 11
-89.83500000000001
 21
1.4
 31
36.370000000000005
210
0.0
220
1.0
230
0.0
100
AcDbText
 73
2
  0
TEXT
  5
33C
330
17
100
AcDbEntity
  8
3D-TEXT
100
AcDbText
 10
-74.94
 20
1.4
 30
35.82
 40
0.4
  1
B2
  7
OpenSans
 72
1
 11
-74.94
 21
1.4
 31
35.82
210
0.0
220
1.0
230
0.0
100
AcDbText
 73
2
  0
TEXT
  5
33D
330
17
100
AcDbEntity
  8
3D-TEXT
100
AcDbText
 10
92.185
 20
1.4
 30
-19.47
 40
0.4
  1
B3
  7
OpenSans
 72
1
 11
92.185
 21
1.4
 31
-19.47
210
0.0
220
-1.0
230
0.0
100
AcDbText
 73
2
  0
TEXT
  5
33E
330
17
100
AcDbEntity
  8
3D-TEXT
100
AcDbText
 10
69.99
 20
1.4
 30
-15.27
 40
0.4
  1
B4
  7
OpenSans
 72
1
 11
69.99
 21
1.4
 31
-15.27
210
0.0
220
-1.0
230
0.0
100
AcDbText
 73
2
  0
TEXT
  5
33F
330
17
100
AcDbEntity
  8
3D-TEXT
100
AcDbText
 10
-24.065
 20
1.4
 30
-67.39
 40
0.4
  1
B5
  7
OpenSans
 72
1
 11
-24.065
 21
1.4
 31
-67.39
210
-1.0
220
0.0
230
0.0
100
AcDbText
 73
2
  0
TEXT
  5
340
330
17
100
AcDbEntity
  8
3D-TEXT
100
AcDbText
 10
26.865000000000002
 20
1.4
 30
96.13499999999999
 40
0.4
  1
B6
  7
OpenSans
 72
1
 11
26.865000000000002
 21
1.4
 31
96.13499999999999
210
1.0
220
0.0
230
0.0
100
AcDbText
 73
2
  0
TEXT
  5
341
330
17
100
AcDbEntity
  8
3D-TEXT
100
AcDbText
 10
18.815
 20
1.4
 30
78.38
 40
0.4
  1
B7
  7
OpenSans
 72
1
 11
18.815
 21
1.4
 31
78.38
210
1.0
220
0.0
230
0.0
100
AcDbText
 73
2
  0
TEXT
  5
342
330
17
100
AcDbEntity
  8
3D-TEXT
100
AcDbText
 10
26.865000000000002
 20
1.4
 30
78.435
 40
0.4
  1
B8
  7
OpenSans
 72
1
 11
26.865000000000002
 21
1.4
 31
78.435
210
1.0
220
0.0
230
0.0
100
AcDbText
 73
2
  0
TEXT
  5
343
330
17
100
AcDbEntity
  8
3D-TEXT
100
AcDbText
 10
22.265
 20
1.4
 30
96.13999999999999
 40
0.4
  1
B9
  7
OpenSans
 72
1
 11
22.265
 21
1.4
 31
96.13999999999999
210
1.0
220
0.0
230
0.0
100
AcDbText
 73
2
  0
TEXT
  5
344
330
17
100
AcDbEntity
  8
3D-TEXT
100
AcDbText
 10
-18.815
 20
1.4
 30
-67.39
 40
0.4
  1
B10
  7
OpenSans
 72
1
 11
-18.815
 21
1.4
 31
-67.39
210
-1.0
220
0.0
230
0.0
100
AcDbText
 73
2
  0
ENDSEC
  0
SECTION
  2
OBJECTS
  0
DICTIONARY
  5
A
330
0
100
AcDbDictionary
281
1
  3
ACAD_COLOR
350
B
  3
ACAD_GROUP
350
C
  3
ACAD_LAYOUT
350
D
  3
ACAD_MATERIAL
350
E
  3
ACAD_MLEADERSTYLE
350
F
  3
ACAD_MLINESTYLE
350
10
  3
ACAD_PLOTSETTINGS
350
11
  3
ACAD_PLOTSTYLENAME
350
12
  3
ACAD_SCALELIST
350
14
  3
ACAD_TABLESTYLE
350
15
  3
ACAD_VISUALSTYLE
350
16
  3
EZDXF_META
350
2D
  0
DICTIONARY
  5
B
330
A
100
AcDbDictionary
281
1
  0
DICTIONARY
  5
C
330
A
100
AcDbDictionary
281
1
  0
DICTIONARY
  5
D
330
A
100
AcDbDictionary
281
1
  3
Model
350
1A
  3
Layout1
350
1E
  0
DICTIONARY
  5
E
330
A
100
AcDbDictionary
281
1
  3
ByBlock
350
1F
  3
ByLayer
350
20
  3
Global
350
21
  0
DICTIONARY
  5
F
330
A
100
AcDbDictionary
281
1
  3
Standard
350
2C
  0
DICTIONARY
  5
10
330
A
100
AcDbDictionary
281
1
  3
Standard
350
22
  0
DICTIONARY
  5
11
330
A
100
AcDbDictionary
281
1
  0
ACDBDICTIONARYWDFLT
  5
12
330
A
100
AcDbDictionary
281
1
  3
Normal
350
13
100
AcDbDictionaryWithDefault
340
13
  0
ACDBPLACEHOLDER
  5
13
330
12
  0
DICTIONARY
  5
14
330
A
100
AcDbDictionary
281
1
  0
DICTIONARY
  5
15
330
A
100
AcDbDictionary
281
1
  0
DICTIONARY
  5
16
330
A
100
AcDbDictionary
281
1
  3
2dWireframe
350
5A
  3
Basic
350
5B
  3
Brighten
350
5C
  3
ColorChange
350
5D
  3
Conceptual
350
5E
  3
Dim
350
5F
  3
EdgeColorOff
350
60
  3
Facepattern
350
61
  3
Flat
350
62
  3
FlatWithEdges
350
63
  3
Gouraud
350
64
  3
GouraudWithEdges
350
65
  3
Hidden
350
66
  3
JitterOff
350
67
  3
Linepattern
350
68
  3
Modeling
350
69
  3
OverhangOff
350
6A
  3
Realistic
350
6B
  3
Shaded
350
6C
  3
Shaded with edges
350
6D
  3
Shades of Gray
350
6E
  3
Sketchy
350
6F
  3
Thicken
350
70
  3
Wireframe
350
71
  3
X-Ray
350
72
  0
LAYOUT
  5
1A
330
D
100
AcDbPlotSettings
  1

  4
A3
  6

 40
7.5
 41
20.0
 42
7.5
 43
20.0
 44
420.0
 45
297.0
 46
0.0
 47
0.0
 48
0.0
 49
0.0
140
0.0
141
0.0
142
1.0
143
1.0
 70
1024
 72
1
 73
0
 74
5
  7

 75
16
 76
0
 77
2
 78
300
147
1.0
148
0.0
149
0.0
100
AcDbLayout
  1
Model
 70
1
 71
0
 10
0.0
 20
0.0
 11
420.0
 21
297.0
 12
0.0
 22
0.0
 32
0.0
 14
1e+20
 24
1e+20
 34
1e+20
 15
-1e+20
 25
-1e+20
 35
-1e+20
146
0.0
 13
0.0
 23
0.0
 33
0.0
 16
1.0
 26
0.0
 36
0.0
 17
0.0
 27
1.0
 37
0.0
 76
1
330
17
  0
LAYOUT
  5
1E
330
D
100
AcDbPlotSettings
  1

  4
A3
  6

 40
7.5
 41
20.0
 42
7.5
 43
20.0
 44
420.0
 45
297.0
 46
0.0
 47
0.0
 48
0.0
 49
0.0
140
0.0
141
0.0
142
1.0
143
1.0
 70
0
 72
1
 73
0
 74
5
  7

 75
16
 76
0
 77
2
 78
300
147
1.0
148
0.0
149
0.0
100
AcDbLayout
  1
Layout1
 70
1
 71
1
 10
0.0
 20
0.0
 11
420.0
 21
297.0
 12
0.0
 22
0.0
 32
0.0
 14
1e+20
 24
1e+20
 34
1e+20
 15
-1e+20
 25
-1e+20
 35
-1e+20
146
0.0
 13
0.0
 23
0.0
 33
0.0
 16
1.0
 26
0.0
 36
0.0
 17
0.0
 27
1.0
 37
0.0
 76
1
330
1B
  0
MATERIAL
  5
1F
102
{ACAD_REACTORS
330
E
102
}
330
E
100
AcDbMaterial
  1
ByBlock
  2

 70
0
 40
1.0
 71
1
 41
1.0
 91
-1023410177
 42
1.0
 72
1
  3

 73
1
 74
1
 75
1
 44
0.5
 73
0
 45
1.0
 46
1.0
 77
1
  4

 78
1
 79
1
170
1
 48
1.0
171
1
  6

172
1
173
1
174
1
140
1.0
141
1.0
175
1
  7

176
1
177
1
178
1
143
1.0
179
1
  8

270
1
271
1
272
1
145
1.0
146
1.0
273
1
  9

274
1
275
1
276
1
 42
1.0
 72
1
  3

 73
1
 74
1
 75
1
 94
63
  0
MATERIAL
  5
20
102
{ACAD_REACTORS
330
E
102
}
330
E
100
AcDbMaterial
  1
ByLayer
  2

 70
0
 40
1.0
 71
1
 41
1.0
 91
-1023410177
 42
1.0
 72
1
  3

 73
1
 74
1
 75
1
 44
0.5
 73
0
 45
1.0
 46
1.0
 77
1
  4

 78
1
 79
1
170
1
 48
1.0
171
1
  6

172
1
173
1
174
1
140
1.0
141
1.0
175
1
  7

176
1
177
1
178
1
143
1.0
179
1
  8

270
1
271
1
272
1
145
1.0
146
1.0
273
1
  9

274
1
275
1
276
1
 42
1.0
 72
1
  3

 73
1
 74
1
 75
1
 94
63
  0
MATERIAL
  5
21
102
{ACAD_REACTORS
330
E
102
}
330
E
100
AcDbMaterial
  1
Global
  2

 70
0
 40
1.0
 71
1
 41
1.0
 91
-1023410177
 42
1.0
 72
1
  3

 73
1
 74
1
 75
1
 44
0.5
 73
0
 45
1.0
 46
1.0
 77
1
  4

 78
1
 79
1
170
1
 48
1.0
171
1
  6

172
1
173
1
174
1
140
1.0
141
1.0
175
1
  7

176
1
177
1
178
1
143
1.0
179
1
  8

270
1
271
1
272
1
145
1.0
146
1.0
273
1
  9

274
1
275
1
276
1
 42
1.0
 72
1
  3

 73
1
 74
1
 75
1
 94
63
  0
MLINESTYLE
  5
22
102
{ACAD_REACTORS
330
10
102
}
330
10
100
AcDbMlineStyle
  2
Standard
 70
0
  3

 62
256
 51
90.0
 52
90.0
 71
2
 49
0.5
 62
256
  6
BYLAYER
 49
-0.5
 62
256
  6
BYLAYER
  0
MLEADERSTYLE
  5
2C
102
{ACAD_REACTORS
330
F
102
}
330
F
100
AcDbMLeaderStyle
179
2
170
2
171
1
172
0
 90
2
 40
0.0
 41
0.0
173
1
 91
-1056964608
 92
-2
290
1
 42
2.0
291
1
 43
8.0
  3
Standard
 44
4.0
300

342
29
174
1
175
1
176
0
178
1
 93
-1056964608
 45
4.0
292
0
297
0
 46
4.0
 94
-1056964608
 47
1.0
 49
1.0
140
1.0
294
1
141
0.0
177
0
142
1.0
295
0
296
0
143
3.75
271
0
272
9
273
9
  0
DICTIONARY
  5
2D
330
A
100
AcDbDictionary
280
1
281
1
  3
CREATED_BY_EZDXF
350
2E
  3
WRITTEN_BY_EZDXF
350
34C
  0
DICTIONARYVAR
  5
2E
330
2D
100
DictionaryVariables
280
0
  1
1.4.4 @ 2026-09-28T10:52:26.913475+00:00
  0
VISUALSTYLE
  5
5A
102
{ACAD_REACTORS
330
16
102
}
330
16
100
AcDbVisualStyle
  2
2dWireframe
 70
4
177
3
291
0
 70
58
 90
2
176
1
 90
2
176
1
 90
0
176
1
 90
0
176
1
 40
0.6
176
1
 40
30.0
176
1
 62
7
420
16777215
176
1
 90
1
176
1
 90
4
176
1
 62
7
176
1
 62
257
176
1
 90
1
176
1
 90
1
176
1
 40
1.0
176
1
 90
8
176
1
 62
7
176
1
 40
1.0
176
1
 90
1
176
1
 90
6
176
1
 90
2
176
1
 62
7
176
1
 90
5
176
1
 90
0
176
1
 90
0
176
1
290
0
176
1
 90
1
176
1
 40
0.0
176
1
 90
0
176
1
290
1
176
1
290
1
176
1
290
0
176
1
290
0
176
1
290
0
176
1
290
0
176
1
290
0
176
1
290
0
176
1
290
0
176
1
 90
50
176
1
 40
0.0
176
1
 40
1.0
176
1
 90
0
176
1
 62
18
420
0
176
1
 90
50
176
1
 90
3
176
1
 62
5
420
255
176
1
290
0
176
1
 90
50
176
1
 90
50
176
1
 90
50
176
1
290
0
176
1
 90
50
176
1
 62
256
176
0
 40
1.0
176
0
 90
2
176
1
  1
strokes_ogs.tif
176
1
290
0
176
1
 40
1.0
176
1
 40
1.0
176
1
  0
VISUALSTYLE
  5
5B
102
{ACAD_REACTORS
330
16
102
}
330
16
100
AcDbVisualStyle
  2
Basic
 70
7
177
3
291
1
 70
58
 90
2
176
1
 90
2
176
1
 90
0
176
1
 90
1
176
1
 40
0.6
176
1
 40
30.0
176
1
 62
7
420
16777215
176
1
 90
1
176
1
 90
4
176
1
 62
7
176
1
 62
257
176
1
 90
1
176
1
 90
1
176
1
 40
1.0
176
1
 90
8
176
1
 62
7
176
1
 40
1.0
176
1
 90
1
176
1
 90
6
176
1
 90
2
176
1
 62
7
176
1
 90
5
176
1
 90
0
176
1
 90
0
176
1
290
0
176
1
 90
1
176
1
 40
0.0
176
1
 90
0
176
1
290
0
176
1
290
1
176
1
290
1
176
1
290
0
176
1
290
0
176
1
290
0
176
1
290
0
176
1
290
0
176
1
290
0
176
1
 90
50
176
1
 40
0.0
176
1
 40
1.0
176
1
 90
0
176
1
 62
18
420
0
176
1
 90
50
176
1
 90
3
176
1
 62
5
420
255
176
1
290
0
176
1
 90
50
176
1
 90
50
176
1
 90
50
176
1
290
0
176
1
 90
50
176
1
 62
256
176
0
 40
1.0
176
0
 90
2
176
1
  1
strokes_ogs.tif
176
1
290
0
176
1
 40
1.0
176
1
 40
1.0
176
1
  0
VISUALSTYLE
  5
5C
102
{ACAD_REACTORS
330
16
102
}
330
16
100
AcDbVisualStyle
  2
Brighten
 70
12
177
3
291
1
 70
58
 90
2
176
1
 90
2
176
1
 90
0
176
1
 90
2
176
1
 40
0.6
176
1
 40
30.0
176
1
 62
7
420
16777215
176
1
 90
1
176
1
 90
4
176
1
 62
7
176
1
 62
257
176
1
 90
1
176
1
 90
1
176
1
 40
1.0
176
1
 90
8
176
1
 62
7
176
1
 40
1.0
176
1
 90
1
176
1
 90
6
176
1
 90
2
176
1
 62
7
176
1
 90
5
176
1
 90
0
176
1
 90
0
176
1
290
0
176
1
 90
1
176
1
 40
0.0
176
1
 90
0
176
1
290
0
176
1
290
1
176
1
290
1
176
1
290
0
176
1
290
0
176
1
290
0
176
1
290
0
176
1
290
0
176
1
290
0
176
1
 90
50
176
1
 40
0.0
176
1
 40
1.0
176
1
 90
0
176
1
 62
18
420
0
176
1
 90
50
176
1
 90
3
176
1
 62
5
420
255
176
1
290
0
176
1
 90
50
176
1
 90
50
176
1
 90
50
176
1
290
0
176
1
 90
50
176
1
 62
256
176
0
 40
1.0
176
0
 90
2
176
1
  1
strokes_ogs.tif
176
1
290
0
176
1
 40
1.0
176
1
 40
1.0
176
1
  0
VISUALSTYLE
  5
5D
102
{ACAD_REACTORS
330
16
102
}
330
16
100
AcDbVisualStyle
  2
ColorChange
 70
16
177
3
291
1
 70
58
 90
2
176
1
 90
2
176
1
 90
0
176
1
 90
2
176
1
 40
0.6
176
1
 40
30.0
176
1
 62
7
420
16777215
176
1
 90
1
176
1
 90
4
176
1
 62
7
176
1
 62
257
176
1
 90
1
176
1
 90
1
176
1
 40
1.0
176
1
 90
8
176
1
 62
7
176
1
 40
1.0
176
1
 90
1
176
1
 90
6
176
1
 90
2
176
1
 62
7
176
1
 90
5
176
1
 90
0
176
1
 90
0
176
1
290
0
176
1
 90
1
176
1
 40
0.0
176
1
 90
0
176
1
290
0
176
1
290
1
176
1
290
1
176
1
290
0
176
1
290
0
176
1
290
0
176
1
290
0
176
1
290
0
176
1
290
0
176
1
 90
50
176
1
 40
0.0
176
1
 40
1.0
176
1
 90
0
176
1
 62
18
420
0
176
1
 90
50
176
1
 90
3
176
1
 62
5
420
255
176
1
290
0
176
1
 90
50
176
1
 90
50
176
1
 90
50
176
1
290
0
176
1
 90
50
176
1
 62
256
176
0
 40
1.0
176
0
 90
2
176
1
  1
strokes_ogs.tif
176
1
290
0
176
1
 40
1.0
176
1
 40
1.0
176
1
  0
VISUALSTYLE
  5
5E
102
{ACAD_REACTORS
330
16
102
}
330
16
100
AcDbVisualStyle
  2
Conceptual
 70
9
177
3
291
0
 70
58
 90
2
176
1
 90
2
176
1
 90
0
176
1
 90
3
176
1
 40
0.6
176
1
 40
30.0
176
1
 62
7
420
16777215
176
1
 90
1
176
1
 90
4
176
1
 62
7
176
1
 62
257
176
1
 90
1
176
1
 90
1
176
1
 40
1.0
176
1
 90
8
176
1
 62
7
176
1
 40
1.0
176
1
 90
1
176
1
 90
6
176
1
 90
2
176
1
 62
7
176
1
 90
5
176
1
 90
0
176
1
 90
0
176
1
290
0
176
1
 90
1
176
1
 40
0.0
176
1
 90
0
176
1
290
0
176
1
290
1
176
1
290
1
176
1
290
0
176
1
290
0
176
1
290
0
176
1
290
0
176
1
290
0
176
1
290
0
176
1
 90
50
176
1
 40
0.0
176
1
 40
1.0
176
1
 90
0
176
1
 62
18
420
0
176
1
 90
50
176
1
 90
3
176
1
 62
5
420
255
176
1
290
0
176
1
 90
50
176
1
 90
50
176
1
 90
50
176
1
290
0
176
1
 90
50
176
1
 62
256
176
0
 40
1.0
176
0
 90
2
176
1
  1
strokes_ogs.tif
176
1
290
0
176
1
 40
1.0
176
1
 40
1.0
176
1
  0
VISUALSTYLE
  5
5F
102
{ACAD_REACTORS
330
16
102
}
330
16
100
AcDbVisualStyle
  2
Dim
 70
11
177
3
291
1
 70
58
 90
2
176
1
 90
2
176
1
 90
0
176
1
 90
2
176
1
 40
0.6
176
1
 40
30.0
176
1
 62
7
420
16777215
176
1
 90
1
176
1
 90
4
176
1
 62
7
176
1
 62
257
176
1
 90
1
176
1
 90
1
176
1
 40
1.0
176
1
 90
8
176
1
 62
7
176
1
 40
1.0
176
1
 90
1
176
1
 90
6
176
1
 90
2
176
1
 62
7
176
1
 90
5
176
1
 90
0
176
1
 90
0
176
1
290
0
176
1
 90
1
176
1
 40
0.0
176
1
 90
0
176
1
290
0
176
1
290
1
176
1
290
1
176
1
290
0
176
1
290
0
176
1
290
0
176
1
290
0
176
1
290
0
176
1
290
0
176
1
 90
50
176
1
 40
0.0
176
1
 40
1.0
176
1
 90
0
176
1
 62
18
420
0
176
1
 90
50
176
1
 90
3
176
1
 62
5
420
255
176
1
290
0
176
1
 90
50
176
1
 90
50
176
1
 90
50
176
1
290
0
176
1
 90
50
176
1
 62
256
176
0
 40
1.0
176
0
 90
2
176
1
  1
strokes_ogs.tif
176
1
290
0
176
1
 40
1.0
176
1
 40
1.0
176
1
  0
VISUALSTYLE
  5
60
102
{ACAD_REACTORS
330
16
102
}
330
16
100
AcDbVisualStyle
  2
EdgeColorOff
 70
22
177
3
291
1
 70
58
 90
2
176
1
 90
2
176
1
 90
0
176
1
 90
2
176
1
 40
0.6
176
1
 40
30.0
176
1
 62
7
420
16777215
176
1
 90
1
176
1
 90
4
176
1
 62
7
176
1
 62
257
176
1
 90
1
176
1
 90
1
176
1
 40
1.0
176
1
 90
8
176
1
 62
7
176
1
 40
1.0
176
1
 90
1
176
1
 90
6
176
1
 90
2
176
1
 62
7
176
1
 90
5
176
1
 90
0
176
1
 90
0
176
1
290
0
176
1
 90
1
176
1
 40
0.0
176
1
 90
0
176
1
290
0
176
1
290
1
176
1
290
1
176
1
290
0
176
1
290
0
176
1
290
0
176
1
290
0
176
1
290
0
176
1
290
0
176
1
 90
50
176
1
 40
0.0
176
1
 40
1.0
176
1
 90
0
176
1
 62
18
420
0
176
1
 90
50
176
1
 90
3
176
1
 62
5
420
255
176
1
290
0
176
1
 90
50
176
1
 90
50
176
1
 90
50
176
1
290
0
176
1
 90
50
176
1
 62
256
176
0
 40
1.0
176
0
 90
2
176
1
  1
strokes_ogs.tif
176
1
290
0
176
1
 40
1.0
176
1
 40
1.0
176
1
  0
VISUALSTYLE
  5
61
102
{ACAD_REACTORS
330
16
102
}
330
16
100
AcDbVisualStyle
  2
Facepattern
 70
15
177
3
291
1
 70
58
 90
2
176
1
 90
2
176
1
 90
0
176
1
 90
2
176
1
 40
0.6
176
1
 40
30.0
176
1
 62
7
420
16777215
176
1
 90
1
176
1
 90
4
176
1
 62
7
176
1
 62
257
176
1
 90
1
176
1
 90
1
176
1
 40
1.0
176
1
 90
8
176
1
 62
7
176
1
 40
1.0
176
1
 90
1
176
1
 90
6
176
1
 90
2
176
1
 62
7
176
1
 90
5
176
1
 90
0
176
1
 90
0
176
1
290
0
176
1
 90
1
176
1
 40
0.0
176
1
 90
0
176
1
290
0
176
1
290
1
176
1
290
1
176
1
290
0
176
1
290
0
176
1
290
0
176
1
290
0
176
1
290
0
176
1
290
0
176
1
 90
50
176
1
 40
0.0
176
1
 40
1.0
176
1
 90
0
176
1
 62
18
420
0
176
1
 90
50
176
1
 90
3
176
1
 62
5
420
255
176
1
290
0
176
1
 90
50
176
1
 90
50
176
1
 90
50
176
1
290
0
176
1
 90
50
176
1
 62
256
176
0
 40
1.0
176
0
 90
2
176
1
  1
strokes_ogs.tif
176
1
290
0
176
1
 40
1.0
176
1
 40
1.0
176
1
  0
VISUALSTYLE
  5
62
102
{ACAD_REACTORS
330
16
102
}
330
16
100
AcDbVisualStyle
  2
Flat
 70
0
177
3
291
1
 70
58
 90
2
176
1
 90
2
176
1
 90
0
176
1
 90
2
176
1
 40
0.6
176
1
 40
30.0
176
1
 62
7
420
16777215
176
1
 90
1
176
1
 90
4
176
1
 62
7
176
1
 62
257
176
1
 90
1
176
1
 90
1
176
1
 40
1.0
176
1
 90
8
176
1
 62
7
176
1
 40
1.0
176
1
 90
1
176
1
 90
6
176
1
 90
2
176
1
 62
7
176
1
 90
5
176
1
 90
0
176
1
 90
0
176
1
290
0
176
1
 90
1
176
1
 40
0.0
176
1
 90
0
176
1
290
0
176
1
290
1
176
1
290
1
176
1
290
0
176
1
290
0
176
1
290
0
176
1
290
0
176
1
290
0
176
1
290
0
176
1
 90
50
176
1
 40
0.0
176
1
 40
1.0
176
1
 90
0
176
1
 62
18
420
0
176
1
 90
50
176
1
 90
3
176
1
 62
5
420
255
176
1
290
0
176
1
 90
50
176
1
 90
50
176
1
 90
50
176
1
290
0
176
1
 90
50
176
1
 62
256
176
0
 40
1.0
176
0
 90
2
176
1
  1
strokes_ogs.tif
176
1
290
0
176
1
 40
1.0
176
1
 40
1.0
176
1
  0
VISUALSTYLE
  5
63
102
{ACAD_REACTORS
330
16
102
}
330
16
100
AcDbVisualStyle
  2
FlatWithEdges
 70
1
177
3
291
1
 70
58
 90
2
176
1
 90
2
176
1
 90
0
176
1
 90
2
176
1
 40
0.6
176
1
 40
30.0
176
1
 62
7
420
16777215
176
1
 90
1
176
1
 90
4
176
1
 62
7
176
1
 62
257
176
1
 90
1
176
1
 90
1
176
1
 40
1.0
176
1
 90
8
176
1
 62
7
176
1
 40
1.0
176
1
 90
1
176
1
 90
6
176
1
 90
2
176
1
 62
7
176
1
 90
5
176
1
 90
0
176
1
 90
0
176
1
290
0
176
1
 90
1
176
1
 40
0.0
176
1
 90
0
176
1
290
0
176
1
290
1
176
1
290
1
176
1
290
0
176
1
290
0
176
1
290
0
176
1
290
0
176
1
290
0
176
1
290
0
176
1
 90
50
176
1
 40
0.0
176
1
 40
1.0
176
1
 90
0
176
1
 62
18
420
0
176
1
 90
50
176
1
 90
3
176
1
 62
5
420
255
176
1
290
0
176
1
 90
50
176
1
 90
50
176
1
 90
50
176
1
290
0
176
1
 90
50
176
1
 62
256
176
0
 40
1.0
176
0
 90
2
176
1
  1
strokes_ogs.tif
176
1
290
0
176
1
 40
1.0
176
1
 40
1.0
176
1
  0
VISUALSTYLE
  5
64
102
{ACAD_REACTORS
330
16
102
}
330
16
100
AcDbVisualStyle
  2
Gouraud
 70
2
177
3
291
1
 70
58
 90
2
176
1
 90
2
176
1
 90
0
176
1
 90
2
176
1
 40
0.6
176
1
 40
30.0
176
1
 62
7
420
16777215
176
1
 90
1
176
1
 90
4
176
1
 62
7
176
1
 62
257
176
1
 90
1
176
1
 90
1
176
1
 40
1.0
176
1
 90
8
176
1
 62
7
176
1
 40
1.0
176
1
 90
1
176
1
 90
6
176
1
 90
2
176
1
 62
7
176
1
 90
5
176
1
 90
0
176
1
 90
0
176
1
290
0
176
1
 90
1
176
1
 40
0.0
176
1
 90
0
176
1
290
0
176
1
290
1
176
1
290
1
176
1
290
0
176
1
290
0
176
1
290
0
176
1
290
0
176
1
290
0
176
1
290
0
176
1
 90
50
176
1
 40
0.0
176
1
 40
1.0
176
1
 90
0
176
1
 62
18
420
0
176
1
 90
50
176
1
 90
3
176
1
 62
5
420
255
176
1
290
0
176
1
 90
50
176
1
 90
50
176
1
 90
50
176
1
290
0
176
1
 90
50
176
1
 62
256
176
0
 40
1.0
176
0
 90
2
176
1
  1
strokes_ogs.tif
176
1
290
0
176
1
 40
1.0
176
1
 40
1.0
176
1
  0
VISUALSTYLE
  5
65
102
{ACAD_REACTORS
330
16
102
}
330
16
100
AcDbVisualStyle
  2
GouraudWithEdges
 70
3
177
3
291
1
 70
58
 90
2
176
1
 90
2
176
1
 90
0
176
1
 90
2
176
1
 40
0.6
176
1
 40
30.0
176
1
 62
7
420
16777215
176
1
 90
1
176
1
 90
4
176
1
 62
7
176
1
 62
257
176
1
 90
1
176
1
 90
1
176
1
 40
1.0
176
1
 90
8
176
1
 62
7
176
1
 40
1.0
176
1
 90
1
176
1
 90
6
176
1
 90
2
176
1
 62
7
176
1
 90
5
176
1
 90
0
176
1
 90
0
176
1
290
0
176
1
 90
1
176
1
 40
0.0
176
1
 90
0
176
1
290
0
176
1
290
1
176
1
290
1
176
1
290
0
176
1
290
0
176
1
290
0
176
1
290
0
176
1
290
0
176
1
290
0
176
1
 90
50
176
1
 40
0.0
176
1
 40
1.0
176
1
 90
0
176
1
 62
18
420
0
176
1
 90
50
176
1
 90
3
176
1
 62
5
420
255
176
1
290
0
176
1
 90
50
176
1
 90
50
176
1
 90
50
176
1
290
0
176
1
 90
50
176
1
 62
256
176
0
 40
1.0
176
0
 90
2
176
1
  1
strokes_ogs.tif
176
1
290
0
176
1
 40
1.0
176
1
 40
1.0
176
1
  0
VISUALSTYLE
  5
66
102
{ACAD_REACTORS
330
16
102
}
330
16
100
AcDbVisualStyle
  2
Hidden
 70
6
177
3
291
0
 70
58
 90
2
176
1
 90
2
176
1
 90
0
176
1
 90
1
176
1
 40
0.6
176
1
 40
30.0
176
1
 62
7
420
16777215
176
1
 90
1
176
1
 90
4
176
1
 62
7
176
1
 62
257
176
1
 90
1
176
1
 90
1
176
1
 40
1.0
176
1
 90
8
176
1
 62
7
176
1
 40
1.0
176
1
 90
1
176
1
 90
6
176
1
 90
2
176
1
 62
7
176
1
 90
5
176
1
 90
0
176
1
 90
0
176
1
290
0
176
1
 90
1
176
1
 40
0.0
176
1
 90
0
176
1
290
0
176
1
290
1
176
1
290
1
176
1
290
0
176
1
290
0
176
1
290
0
176
1
290
0
176
1
290
0
176
1
290
0
176
1
 90
50
176
1
 40
0.0
176
1
 40
1.0
176
1
 90
0
176
1
 62
18
420
0
176
1
 90
50
176
1
 90
3
176
1
 62
5
420
255
176
1
290
0
176
1
 90
50
176
1
 90
50
176
1
 90
50
176
1
290
0
176
1
 90
50
176
1
 62
256
176
0
 40
1.0
176
0
 90
2
176
1
  1
strokes_ogs.tif
176
1
290
0
176
1
 40
1.0
176
1
 40
1.0
176
1
  0
VISUALSTYLE
  5
67
102
{ACAD_REACTORS
330
16
102
}
330
16
100
AcDbVisualStyle
  2
JitterOff
 70
20
177
3
291
1
 70
58
 90
2
176
1
 90
2
176
1
 90
0
176
1
 90
2
176
1
 40
0.6
176
1
 40
30.0
176
1
 62
7
420
16777215
176
1
 90
1
176
1
 90
4
176
1
 62
7
176
1
 62
257
176
1
 90
1
176
1
 90
1
176
1
 40
1.0
176
1
 90
8
176
1
 62
7
176
1
 40
1.0
176
1
 90
1
176
1
 90
6
176
1
 90
2
176
1
 62
7
176
1
 90
5
176
1
 90
0
176
1
 90
0
176
1
290
0
176
1
 90
1
176
1
 40
0.0
176
1
 90
0
176
1
290
0
176
1
290
1
176
1
290
1
176
1
290
0
176
1
290
0
176
1
290
0
176
1
290
0
176
1
290
0
176
1
290
0
176
1
 90
50
176
1
 40
0.0
176
1
 40
1.0
176
1
 90
0
176
1
 62
18
420
0
176
1
 90
50
176
1
 90
3
176
1
 62
5
420
255
176
1
290
0
176
1
 90
50
176
1
 90
50
176
1
 90
50
176
1
290
0
176
1
 90
50
176
1
 62
256
176
0
 40
1.0
176
0
 90
2
176
1
  1
strokes_ogs.tif
176
1
290
0
176
1
 40
1.0
176
1
 40
1.0
176
1
  0
VISUALSTYLE
  5
68
102
{ACAD_REACTORS
330
16
102
}
330
16
100
AcDbVisualStyle
  2
Linepattern
 70
14
177
3
291
1
 70
58
 90
2
176
1
 90
2
176
1
 90
0
176
1
 90
2
176
1
 40
0.6
176
1
 40
30.0
176
1
 62
7
420
16777215
176
1
 90
1
176
1
 90
4
176
1
 62
7
176
1
 62
257
176
1
 90
1
176
1
 90
1
176
1
 40
1.0
176
1
 90
8
176
1
 62
7
176
1
 40
1.0
176
1
 90
1
176
1
 90
6
176
1
 90
2
176
1
 62
7
176
1
 90
5
176
1
 90
0
176
1
 90
0
176
1
290
0
176
1
 90
1
176
1
 40
0.0
176
1
 90
0
176
1
290
0
176
1
290
1
176
1
290
1
176
1
290
0
176
1
290
0
176
1
290
0
176
1
290
0
176
1
290
0
176
1
290
0
176
1
 90
50
176
1
 40
0.0
176
1
 40
1.0
176
1
 90
0
176
1
 62
18
420
0
176
1
 90
50
176
1
 90
3
176
1
 62
5
420
255
176
1
290
0
176
1
 90
50
176
1
 90
50
176
1
 90
50
176
1
290
0
176
1
 90
50
176
1
 62
256
176
0
 40
1.0
176
0
 90
2
176
1
  1
strokes_ogs.tif
176
1
290
0
176
1
 40
1.0
176
1
 40
1.0
176
1
  0
VISUALSTYLE
  5
69
102
{ACAD_REACTORS
330
16
102
}
330
16
100
AcDbVisualStyle
  2
Modeling
 70
10
177
3
291
0
 70
58
 90
2
176
1
 90
2
176
1
 90
0
176
1
 90
2
176
1
 40
0.6
176
1
 40
30.0
176
1
 62
7
420
16777215
176
1
 90
1
176
1
 90
4
176
1
 62
7
176
1
 62
257
176
1
 90
1
176
1
 90
1
176
1
 40
1.0
176
1
 90
8
176
1
 62
7
176
1
 40
1.0
176
1
 90
1
176
1
 90
6
176
1
 90
2
176
1
 62
7
176
1
 90
5
176
1
 90
0
176
1
 90
0
176
1
290
0
176
1
 90
1
176
1
 40
0.0
176
1
 90
0
176
1
290
0
176
1
290
1
176
1
290
1
176
1
290
0
176
1
290
0
176
1
290
0
176
1
290
0
176
1
290
0
176
1
290
0
176
1
 90
50
176
1
 40
0.0
176
1
 40
1.0
176
1
 90
0
176
1
 62
18
420
0
176
1
 90
50
176
1
 90
3
176
1
 62
5
420
255
176
1
290
0
176
1
 90
50
176
1
 90
50
176
1
 90
50
176
1
290
0
176
1
 90
50
176
1
 62
256
176
0
 40
1.0
176
0
 90
2
176
1
  1
strokes_ogs.tif
176
1
290
0
176
1
 40
1.0
176
1
 40
1.0
176
1
  0
VISUALSTYLE
  5
6A
102
{ACAD_REACTORS
330
16
102
}
330
16
100
AcDbVisualStyle
  2
OverhangOff
 70
21
177
3
291
1
 70
58
 90
2
176
1
 90
2
176
1
 90
0
176
1
 90
2
176
1
 40
0.6
176
1
 40
30.0
176
1
 62
7
420
16777215
176
1
 90
1
176
1
 90
4
176
1
 62
7
176
1
 62
257
176
1
 90
1
176
1
 90
1
176
1
 40
1.0
176
1
 90
8
176
1
 62
7
176
1
 40
1.0
176
1
 90
1
176
1
 90
6
176
1
 90
2
176
1
 62
7
176
1
 90
5
176
1
 90
0
176
1
 90
0
176
1
290
0
176
1
 90
1
176
1
 40
0.0
176
1
 90
0
176
1
290
0
176
1
290
1
176
1
290
1
176
1
290
0
176
1
290
0
176
1
290
0
176
1
290
0
176
1
290
0
176
1
290
0
176
1
 90
50
176
1
 40
0.0
176
1
 40
1.0
176
1
 90
0
176
1
 62
18
420
0
176
1
 90
50
176
1
 90
3
176
1
 62
5
420
255
176
1
290
0
176
1
 90
50
176
1
 90
50
176
1
 90
50
176
1
290
0
176
1
 90
50
176
1
 62
256
176
0
 40
1.0
176
0
 90
2
176
1
  1
strokes_ogs.tif
176
1
290
0
176
1
 40
1.0
176
1
 40
1.0
176
1
  0
VISUALSTYLE
  5
6B
102
{ACAD_REACTORS
330
16
102
}
330
16
100
AcDbVisualStyle
  2
Realistic
 70
8
177
3
291
0
 70
58
 90
2
176
1
 90
2
176
1
 90
0
176
1
 90
2
176
1
 40
0.6
176
1
 40
30.0
176
1
 62
7
420
16777215
176
1
 90
1
176
1
 90
4
176
1
 62
7
176
1
 62
257
176
1
 90
1
176
1
 90
1
176
1
 40
1.0
176
1
 90
8
176
1
 62
7
176
1
 40
1.0
176
1
 90
1
176
1
 90
6
176
1
 90
2
176
1
 62
7
176
1
 90
5
176
1
 90
0
176
1
 90
0
176
1
290
0
176
1
 90
1
176
1
 40
0.0
176
1
 90
0
176
1
290
0
176
1
290
1
176
1
290
1
176
1
290
0
176
1
290
0
176
1
290
0
176
1
290
0
176
1
290
0
176
1
290
0
176
1
 90
50
176
1
 40
0.0
176
1
 40
1.0
176
1
 90
0
176
1
 62
18
420
0
176
1
 90
50
176
1
 90
3
176
1
 62
5
420
255
176
1
290
0
176
1
 90
50
176
1
 90
50
176
1
 90
50
176
1
290
0
176
1
 90
50
176
1
 62
256
176
0
 40
1.0
176
0
 90
2
176
1
  1
strokes_ogs.tif
176
1
290
0
176
1
 40
1.0
176
1
 40
1.0
176
1
  0
VISUALSTYLE
  5
6C
102
{ACAD_REACTORS
330
16
102
}
330
16
100
AcDbVisualStyle
  2
Shaded
 70
27
177
3
291
0
 70
58
 90
2
176
1
 90
2
176
1
 90
0
176
1
 90
2
176
1
 40
0.6
176
1
 40
30.0
176
1
 62
7
420
16777215
176
1
 90
1
176
1
 90
4
176
1
 62
7
176
1
 62
257
176
1
 90
1
176
1
 90
1
176
1
 40
1.0
176
1
 90
8
176
1
 62
7
176
1
 40
1.0
176
1
 90
1
176
1
 90
6
176
1
 90
2
176
1
 62
7
176
1
 90
5
176
1
 90
0
176
1
 90
0
176
1
290
0
176
1
 90
1
176
1
 40
0.0
176
1
 90
0
176
1
290
0
176
1
290
1
176
1
290
1
176
1
290
0
176
1
290
0
176
1
290
0
176
1
290
0
176
1
290
0
176
1
290
0
176
1
 90
50
176
1
 40
0.0
176
1
 40
1.0
176
1
 90
0
176
1
 62
18
420
0
176
1
 90
50
176
1
 90
3
176
1
 62
5
420
255
176
1
290
0
176
1
 90
50
176
1
 90
50
176
1
 90
50
176
1
290
0
176
1
 90
50
176
1
 62
256
176
0
 40
1.0
176
0
 90
2
176
1
  1
strokes_ogs.tif
176
1
290
0
176
1
 40
1.0
176
1
 40
1.0
176
1
  0
VISUALSTYLE
  5
6D
102
{ACAD_REACTORS
330
16
102
}
330
16
100
AcDbVisualStyle
  2
Shaded with edges
 70
26
177
3
291
0
 70
58
 90
2
176
1
 90
2
176
1
 90
0
176
1
 90
2
176
1
 40
0.6
176
1
 40
30.0
176
1
 62
7
420
16777215
176
1
 90
1
176
1
 90
4
176
1
 62
7
176
1
 62
257
176
1
 90
1
176
1
 90
1
176
1
 40
1.0
176
1
 90
8
176
1
 62
7
176
1
 40
1.0
176
1
 90
1
176
1
 90
6
176
1
 90
2
176
1
 62
7
176
1
 90
5
176
1
 90
0
176
1
 90
0
176
1
290
0
176
1
 90
1
176
1
 40
0.0
176
1
 90
0
176
1
290
0
176
1
290
1
176
1
290
1
176
1
290
0
176
1
290
0
176
1
290
0
176
1
290
0
176
1
290
0
176
1
290
0
176
1
 90
50
176
1
 40
0.0
176
1
 40
1.0
176
1
 90
0
176
1
 62
18
420
0
176
1
 90
50
176
1
 90
3
176
1
 62
5
420
255
176
1
290
0
176
1
 90
50
176
1
 90
50
176
1
 90
50
176
1
290
0
176
1
 90
50
176
1
 62
256
176
0
 40
1.0
176
0
 90
2
176
1
  1
strokes_ogs.tif
176
1
290
0
176
1
 40
1.0
176
1
 40
1.0
176
1
  0
VISUALSTYLE
  5
6E
102
{ACAD_REACTORS
330
16
102
}
330
16
100
AcDbVisualStyle
  2
Shades of Gray
 70
23
177
3
291
0
 70
58
 90
2
176
1
 90
2
176
1
 90
0
176
1
 90
2
176
1
 40
0.6
176
1
 40
30.0
176
1
 62
7
420
16777215
176
1
 90
1
176
1
 90
4
176
1
 62
7
176
1
 62
257
176
1
 90
1
176
1
 90
1
176
1
 40
1.0
176
1
 90
8
176
1
 62
7
176
1
 40
1.0
176
1
 90
1
176
1
 90
6
176
1
 90
2
176
1
 62
7
176
1
 90
5
176
1
 90
0
176
1
 90
0
176
1
290
0
176
1
 90
1
176
1
 40
0.0
176
1
 90
0
176
1
290
0
176
1
290
1
176
1
290
1
176
1
290
0
176
1
290
0
176
1
290
0
176
1
290
0
176
1
290
0
176
1
290
0
176
1
 90
50
176
1
 40
0.0
176
1
 40
1.0
176
1
 90
0
176
1
 62
18
420
0
176
1
 90
50
176
1
 90
3
176
1
 62
5
420
255
176
1
290
0
176
1
 90
50
176
1
 90
50
176
1
 90
50
176
1
290
0
176
1
 90
50
176
1
 62
256
176
0
 40
1.0
176
0
 90
2
176
1
  1
strokes_ogs.tif
176
1
290
0
176
1
 40
1.0
176
1
 40
1.0
176
1
  0
VISUALSTYLE
  5
6F
102
{ACAD_REACTORS
330
16
102
}
330
16
100
AcDbVisualStyle
  2
Sketchy
 70
24
177
3
291
0
 70
58
 90
2
176
1
 90
2
176
1
 90
0
176
1
 90
1
176
1
 40
0.6
176
1
 40
30.0
176
1
 62
7
420
16777215
176
1
 90
1
176
1
 90
4
176
1
 62
7
176
1
 62
257
176
1
 90
1
176
1
 90
1
176
1
 40
1.0
176
1
 90
8
176
1
 62
7
176
1
 40
1.0
176
1
 90
1
176
1
 90
6
176
1
 90
2
176
1
 62
7
176
1
 90
5
176
1
 90
0
176
1
 90
0
176
1
290
0
176
1
 90
1
176
1
 40
0.0
176
1
 90
0
176
1
290
0
176
1
290
1
176
1
290
1
176
1
290
0
176
1
290
0
176
1
290
0
176
1
290
0
176
1
290
0
176
1
290
0
176
1
 90
50
176
1
 40
0.0
176
1
 40
1.0
176
1
 90
0
176
1
 62
18
420
0
176
1
 90
50
176
1
 90
3
176
1
 62
5
420
255
176
1
290
0
176
1
 90
50
176
1
 90
50
176
1
 90
50
176
1
290
0
176
1
 90
50
176
1
 62
256
176
0
 40
1.0
176
0
 90
2
176
1
  1
strokes_ogs.tif
176
1
290
0
176
1
 40
1.0
176
1
 40
1.0
176
1
  0
VISUALSTYLE
  5
70
102
{ACAD_REACTORS
330
16
102
}
330
16
100
AcDbVisualStyle
  2
Thicken
 70
13
177
3
291
1
 70
58
 90
2
176
1
 90
2
176
1
 90
0
176
1
 90
2
176
1
 40
0.6
176
1
 40
30.0
176
1
 62
7
420
16777215
176
1
 90
1
176
1
 90
4
176
1
 62
7
176
1
 62
257
176
1
 90
1
176
1
 90
1
176
1
 40
1.0
176
1
 90
8
176
1
 62
7
176
1
 40
1.0
176
1
 90
1
176
1
 90
6
176
1
 90
2
176
1
 62
7
176
1
 90
5
176
1
 90
0
176
1
 90
0
176
1
290
0
176
1
 90
1
176
1
 40
0.0
176
1
 90
0
176
1
290
0
176
1
290
1
176
1
290
1
176
1
290
0
176
1
290
0
176
1
290
0
176
1
290
0
176
1
290
0
176
1
290
0
176
1
 90
50
176
1
 40
0.0
176
1
 40
1.0
176
1
 90
0
176
1
 62
18
420
0
176
1
 90
50
176
1
 90
3
176
1
 62
5
420
255
176
1
290
0
176
1
 90
50
176
1
 90
50
176
1
 90
50
176
1
290
0
176
1
 90
50
176
1
 62
256
176
0
 40
1.0
176
0
 90
2
176
1
  1
strokes_ogs.tif
176
1
290
0
176
1
 40
1.0
176
1
 40
1.0
176
1
  0
VISUALSTYLE
  5
71
102
{ACAD_REACTORS
330
16
102
}
330
16
100
AcDbVisualStyle
  2
Wireframe
 70
5
177
3
291
0
 70
58
 90
2
176
1
 90
2
176
1
 90
0
176
1
 90
0
176
1
 40
0.6
176
1
 40
30.0
176
1
 62
7
420
16777215
176
1
 90
1
176
1
 90
4
176
1
 62
7
176
1
 62
257
176
1
 90
1
176
1
 90
1
176
1
 40
1.0
176
1
 90
8
176
1
 62
7
176
1
 40
1.0
176
1
 90
1
176
1
 90
6
176
1
 90
2
176
1
 62
7
176
1
 90
5
176
1
 90
0
176
1
 90
0
176
1
290
0
176
1
 90
1
176
1
 40
0.0
176
1
 90
0
176
1
290
0
176
1
290
1
176
1
290
1
176
1
290
0
176
1
290
0
176
1
290
0
176
1
290
0
176
1
290
0
176
1
290
0
176
1
 90
50
176
1
 40
0.0
176
1
 40
1.0
176
1
 90
0
176
1
 62
18
420
0
176
1
 90
50
176
1
 90
3
176
1
 62
5
420
255
176
1
290
0
176
1
 90
50
176
1
 90
50
176
1
 90
50
176
1
290
0
176
1
 90
50
176
1
 62
256
176
0
 40
1.0
176
0
 90
2
176
1
  1
strokes_ogs.tif
176
1
290
0
176
1
 40
1.0
176
1
 40
1.0
176
1
  0
VISUALSTYLE
  5
72
102
{ACAD_REACTORS
330
16
102
}
330
16
100
AcDbVisualStyle
  2
X-Ray
 70
25
177
3
291
0
 70
58
 90
2
176
1
 90
2
176
1
 90
0
176
1
 90
2
176
1
 40
0.5
176
1
 40
30.0
176
1
 62
7
420
16777215
176
1
 90
1
176
1
 90
4
176
1
 62
7
176
1
 62
257
176
1
 90
1
176
1
 90
1
176
1
 40
1.0
176
1
 90
8
176
1
 62
7
176
1
 40
1.0
176
1
 90
1
176
1
 90
6
176
1
 90
2
176
1
 62
7
176
1
 90
5
176
1
 90
0
176
1
 90
0
176
1
290
0
176
1
 90
1
176
1
 40
0.0
176
1
 90
0
176
1
290
0
176
1
290
1
176
1
290
1
176
1
290
0
176
1
290
0
176
1
290
0
176
1
290
0
176
1
290
0
176
1
290
0
176
1
 90
50
176
1
 40
0.0
176
1
 40
1.0
176
1
 90
0
176
1
 62
18
420
0
176
1
 90
50
176
1
 90
3
176
1
 62
5
420
255
176
1
290
0
176
1
 90
50
176
1
 90
50
176
1
 90
50
176
1
290
0
176
1
 90
50
176
1
 62
256
176
0
 40
1.0
176
0
 90
2
176
1
  1
strokes_ogs.tif
176
1
290
0
176
1
 40
1.0
176
1
 40
1.0
176
1
  0
DICTIONARYVAR
  5
34C
330
2D
100
DictionaryVariables
280
0
  1
1.4.4 @ 2026-09-28T10:52:26.949275+00:00
  0
ENDSEC
  0
EOF
